[14Apr2025 22:06:55.786] [main/INFO] [cpw.mods.modlauncher.Launcher/MODLAUNCHER]: ModLauncher running: args [--gameDir, ., --launchTarget, fmlserver, --fml.forgeVersion, 36.2.42, --fml.mcpVersion, 20210115.111550, --fml.mcVersion, 1.16.5, --fml.forgeGroup, net.minecraftforge, nogui]
[14Apr2025 22:06:55.789] [main/INFO] [cpw.mods.modlauncher.Launcher/MODLAUNCHER]: ModLauncher 8.1.3+8.1.3+main-8.1.x.c94d18ec starting: java version 11.0.26 by Ubuntu
[14Apr2025 22:06:55.803] [main/DEBUG] [cpw.mods.modlauncher.LaunchServiceHandler/MODLAUNCHER]: Found launch services [minecraft,testharness,fmlclient,fmlserver]
[14Apr2025 22:06:55.816] [main/DEBUG] [cpw.mods.modlauncher.NameMappingServiceHandler/MODLAUNCHER]: Found naming services : []
[14Apr2025 22:06:55.878] [main/DEBUG] [cpw.mods.modlauncher.LaunchPluginHandler/MODLAUNCHER]: Found launch plugins: [mixin,eventbus,object_holder_definalize,runtime_enum_extender,capability_inject_definalize,accesstransformer,runtimedistcleaner]
[14Apr2025 22:06:55.887] [main/DEBUG] [cpw.mods.modlauncher.TransformationServicesHandler/MODLAUNCHER]: Discovering transformation services
[14Apr2025 22:06:55.931] [main/DEBUG] [cpw.mods.modlauncher.TransformationServicesHandler/MODLAUNCHER]: Found additional transformation services from discovery services: []
[14Apr2025 22:06:55.978] [main/DEBUG] [cpw.mods.modlauncher.TransformationServicesHandler/MODLAUNCHER]: Found transformer services : [mixin,fml]
[14Apr2025 22:06:55.978] [main/DEBUG] [cpw.mods.modlauncher.TransformationServicesHandler/MODLAUNCHER]: Transformation services loading
[14Apr2025 22:06:55.979] [main/DEBUG] [cpw.mods.modlauncher.TransformationServiceDecorator/MODLAUNCHER]: Loading service mixin
[14Apr2025 22:06:55.979] [main/DEBUG] [cpw.mods.modlauncher.TransformationServiceDecorator/MODLAUNCHER]: Loaded service mixin
[14Apr2025 22:06:55.979] [main/DEBUG] [cpw.mods.modlauncher.TransformationServiceDecorator/MODLAUNCHER]: Loading service fml
[14Apr2025 22:06:55.979] [main/DEBUG] [net.minecraftforge.fml.loading.FMLServiceProvider/]: Injecting tracing printstreams for STDOUT/STDERR.
[14Apr2025 22:06:55.984] [main/DEBUG] [net.minecraftforge.fml.loading.LauncherVersion/CORE]: Found FMLLauncher version 36.2
[14Apr2025 22:06:55.984] [main/DEBUG] [net.minecraftforge.fml.loading.FMLLoader/CORE]: FML 36.2 loading
[14Apr2025 22:06:55.984] [main/DEBUG] [net.minecraftforge.fml.loading.FMLLoader/CORE]: FML found ModLauncher version : 8.1.3+8.1.3+main-8.1.x.c94d18ec
[14Apr2025 22:06:55.984] [main/DEBUG] [net.minecraftforge.fml.loading.FMLLoader/CORE]: Initializing modjar URL handler
[14Apr2025 22:06:55.985] [main/DEBUG] [net.minecraftforge.fml.loading.FMLLoader/CORE]: FML found AccessTransformer version : 3.0.1+61+master.47bca0e
[14Apr2025 22:06:55.985] [main/DEBUG] [net.minecraftforge.fml.loading.FMLLoader/CORE]: FML found EventBus version : 4.0.0+65+master.6080a3f
[14Apr2025 22:06:55.986] [main/DEBUG] [net.minecraftforge.fml.loading.FMLLoader/CORE]: Found Runtime Dist Cleaner
[14Apr2025 22:06:55.988] [main/DEBUG] [net.minecraftforge.fml.loading.FMLLoader/CORE]: FML found CoreMod version : 4.0.6+14+master.c21a551
[14Apr2025 22:06:55.988] [main/DEBUG] [net.minecraftforge.fml.loading.FMLLoader/CORE]: Found ForgeSPI package implementation version 3.2.0+13+master.8ddb2cc
[14Apr2025 22:06:55.988] [main/DEBUG] [net.minecraftforge.fml.loading.FMLLoader/CORE]: Found ForgeSPI package specification 3
[14Apr2025 22:06:56.078] [main/INFO] [net.minecraftforge.fml.loading.FixSSL/CORE]: Added Lets Encrypt root certificates as additional trust
[14Apr2025 22:06:56.079] [main/DEBUG] [cpw.mods.modlauncher.TransformationServiceDecorator/MODLAUNCHER]: Loaded service fml
[14Apr2025 22:06:56.079] [main/DEBUG] [cpw.mods.modlauncher.TransformationServicesHandler/MODLAUNCHER]: Configuring option handling for services
[14Apr2025 22:06:56.087] [main/DEBUG] [cpw.mods.modlauncher.TransformationServicesHandler/MODLAUNCHER]: Transformation services initializing
[14Apr2025 22:06:56.088] [main/DEBUG] [cpw.mods.modlauncher.TransformationServiceDecorator/MODLAUNCHER]: Initializing transformation service mixin
[14Apr2025 22:06:56.118] [main/DEBUG] [mixin/]: Mixin bootstrap service org.spongepowered.asm.service.mojang.MixinServiceLaunchWrapperBootstrap is not available: LaunchWrapper is not available
[14Apr2025 22:06:56.118] [main/DEBUG] [mixin/]: MixinService [ModLauncher] was successfully booted in jdk.internal.loader.ClassLoaders$AppClassLoader@55054057
[14Apr2025 22:06:56.138] [main/INFO] [mixin/]: SpongePowered MIXIN Subsystem Version=0.8.4 Source=file:/workspaces/Bugs-Node.js/servidor_minecraft/libraries/org/spongepowered/mixin/0.8.4/mixin-0.8.4.jar Service=ModLauncher Env=SERVER
[14Apr2025 22:06:56.142] [main/DEBUG] [mixin/]: Initialising Mixin Platform Manager
[14Apr2025 22:06:56.142] [main/DEBUG] [mixin/]: Adding mixin platform agents for container ModLauncher Root Container(ModLauncher:4f56a0a2)
[14Apr2025 22:06:56.143] [main/DEBUG] [mixin/]: Instancing new MixinPlatformAgentMinecraftForge for ModLauncher Root Container(ModLauncher:4f56a0a2)
[14Apr2025 22:06:56.143] [main/DEBUG] [mixin/]: MixinPlatformAgentMinecraftForge rejected container ModLauncher Root Container(ModLauncher:4f56a0a2)
[14Apr2025 22:06:56.144] [main/DEBUG] [mixin/]: Instancing new MixinPlatformAgentDefault for ModLauncher Root Container(ModLauncher:4f56a0a2)
[14Apr2025 22:06:56.144] [main/DEBUG] [mixin/]: MixinPlatformAgentDefault accepted container ModLauncher Root Container(ModLauncher:4f56a0a2)
[14Apr2025 22:06:56.146] [main/DEBUG] [cpw.mods.modlauncher.TransformationServiceDecorator/MODLAUNCHER]: Initialized transformation service mixin
[14Apr2025 22:06:56.146] [main/DEBUG] [cpw.mods.modlauncher.TransformationServiceDecorator/MODLAUNCHER]: Initializing transformation service fml
[14Apr2025 22:06:56.146] [main/DEBUG] [net.minecraftforge.fml.loading.FMLServiceProvider/CORE]: Setting up basic FML game directories
[14Apr2025 22:06:56.147] [main/DEBUG] [net.minecraftforge.fml.loading.FileUtils/CORE]: Found existing GAMEDIR directory : /workspaces/Bugs-Node.js/servidor_minecraft
[14Apr2025 22:06:56.148] [main/DEBUG] [net.minecraftforge.fml.loading.FMLPaths/CORE]: Path GAMEDIR is /workspaces/Bugs-Node.js/servidor_minecraft
[14Apr2025 22:06:56.148] [main/DEBUG] [net.minecraftforge.fml.loading.FileUtils/CORE]: Found existing MODSDIR directory : /workspaces/Bugs-Node.js/servidor_minecraft/mods
[14Apr2025 22:06:56.148] [main/DEBUG] [net.minecraftforge.fml.loading.FMLPaths/CORE]: Path MODSDIR is /workspaces/Bugs-Node.js/servidor_minecraft/mods
[14Apr2025 22:06:56.148] [main/DEBUG] [net.minecraftforge.fml.loading.FileUtils/CORE]: Found existing CONFIGDIR directory : /workspaces/Bugs-Node.js/servidor_minecraft/config
[14Apr2025 22:06:56.148] [main/DEBUG] [net.minecraftforge.fml.loading.FMLPaths/CORE]: Path CONFIGDIR is /workspaces/Bugs-Node.js/servidor_minecraft/config
[14Apr2025 22:06:56.149] [main/DEBUG] [net.minecraftforge.fml.loading.FMLPaths/CORE]: Path FMLCONFIG is /workspaces/Bugs-Node.js/servidor_minecraft/config/fml.toml
[14Apr2025 22:06:56.149] [main/DEBUG] [net.minecraftforge.fml.loading.FMLServiceProvider/CORE]: Loading configuration
[14Apr2025 22:06:56.180] [main/DEBUG] [net.minecraftforge.fml.loading.FileUtils/CORE]: Found existing default config directory directory : /workspaces/Bugs-Node.js/servidor_minecraft/defaultconfigs
[14Apr2025 22:06:56.180] [main/DEBUG] [net.minecraftforge.fml.loading.FMLServiceProvider/CORE]: Preparing ModFile
[14Apr2025 22:06:56.182] [main/DEBUG] [net.minecraftforge.fml.loading.FMLServiceProvider/CORE]: Preparing launch handler
[14Apr2025 22:06:56.183] [main/DEBUG] [net.minecraftforge.fml.loading.FMLLoader/CORE]: Using fmlserver as launch service
[14Apr2025 22:06:56.189] [main/DEBUG] [net.minecraftforge.fml.loading.FMLLoader/CORE]: Received command line version data  : MC Version: '1.16.5' MCP Version: '20210115.111550' Forge Version: '36.2.42' Forge group: 'net.minecraftforge'
[14Apr2025 22:06:56.190] [main/DEBUG] [net.minecraftforge.fml.loading.LibraryFinder/CORE]: Found JAR asm at path /workspaces/Bugs-Node.js/servidor_minecraft/libraries/org/ow2/asm/asm/9.6/asm-9.6.jar
[14Apr2025 22:06:56.190] [main/DEBUG] [net.minecraftforge.fml.loading.LibraryFinder/CORE]: Found probable library path /workspaces/Bugs-Node.js/servidor_minecraft/libraries
[14Apr2025 22:06:56.191] [main/DEBUG] [net.minecraftforge.fml.loading.LibraryFinder/CORE]: Found forge path /workspaces/Bugs-Node.js/servidor_minecraft/libraries/net/minecraftforge/forge/1.16.5-36.2.42/forge-1.16.5-36.2.42-universal.jar is present
[14Apr2025 22:06:56.191] [main/DEBUG] [net.minecraftforge.fml.loading.LibraryFinder/CORE]: SRG MC at /workspaces/Bugs-Node.js/servidor_minecraft/libraries/net/minecraft/server/1.16.5-20210115.111550/server-1.16.5-20210115.111550-srg.jar is present
[14Apr2025 22:06:56.191] [main/DEBUG] [net.minecraftforge.fml.loading.LibraryFinder/CORE]: MC Extras at /workspaces/Bugs-Node.js/servidor_minecraft/libraries/net/minecraft/server/1.16.5-20210115.111550/server-1.16.5-20210115.111550-extra.jar is present
[14Apr2025 22:06:56.192] [main/DEBUG] [net.minecraftforge.fml.loading.LibraryFinder/CORE]: Forge patches at /workspaces/Bugs-Node.js/servidor_minecraft/libraries/net/minecraftforge/forge/1.16.5-36.2.42/forge-1.16.5-36.2.42-server.jar is present
[14Apr2025 22:06:56.194] [main/DEBUG] [net.minecraftforge.fml.loading.LanguageLoadingProvider/CORE]: Found 0 language providers
[14Apr2025 22:06:56.195] [main/DEBUG] [net.minecraftforge.fml.loading.LanguageLoadingProvider/CORE]: Adding forge as a language from /workspaces/Bugs-Node.js/servidor_minecraft/libraries/net/minecraftforge/forge/1.16.5-36.2.42/forge-1.16.5-36.2.42-universal.jar
[14Apr2025 22:06:56.196] [main/DEBUG] [net.minecraftforge.fml.loading.LanguageLoadingProvider/CORE]: Adding file:/workspaces/Bugs-Node.js/servidor_minecraft/libraries/net/minecraftforge/forge/1.16.5-36.2.42/forge-1.16.5-36.2.42-universal.jar to languageloader classloader
[14Apr2025 22:06:56.228] [main/DEBUG] [net.minecraftforge.fml.loading.LanguageLoadingProvider/CORE]: Found 2 language providers
[14Apr2025 22:06:56.229] [main/DEBUG] [net.minecraftforge.fml.loading.LanguageLoadingProvider/CORE]: Found language provider javafml, version 36.2
[14Apr2025 22:06:56.235] [main/DEBUG] [net.minecraftforge.fml.loading.LanguageLoadingProvider/CORE]: Found language provider minecraft, version 1
[14Apr2025 22:06:56.238] [main/DEBUG] [cpw.mods.modlauncher.TransformationServiceDecorator/MODLAUNCHER]: Initialized transformation service fml
[14Apr2025 22:06:56.239] [main/DEBUG] [cpw.mods.modlauncher.NameMappingServiceHandler/MODLAUNCHER]: Current naming domain is 'srg'
[14Apr2025 22:06:56.239] [main/DEBUG] [cpw.mods.modlauncher.NameMappingServiceHandler/MODLAUNCHER]: Identified name mapping providers {}
[14Apr2025 22:06:56.240] [main/DEBUG] [cpw.mods.modlauncher.TransformationServicesHandler/MODLAUNCHER]: Transformation services begin scanning
[14Apr2025 22:06:56.240] [main/DEBUG] [cpw.mods.modlauncher.TransformationServiceDecorator/MODLAUNCHER]: Beginning scan trigger - transformation service mixin
[14Apr2025 22:06:56.241] [main/DEBUG] [cpw.mods.modlauncher.TransformationServiceDecorator/MODLAUNCHER]: End scan trigger - transformation service mixin
[14Apr2025 22:06:56.242] [main/DEBUG] [cpw.mods.modlauncher.TransformationServiceDecorator/MODLAUNCHER]: Beginning scan trigger - transformation service fml
[14Apr2025 22:06:56.242] [main/DEBUG] [net.minecraftforge.fml.loading.FMLServiceProvider/CORE]: Initiating mod scan
[14Apr2025 22:06:56.309] [main/DEBUG] [net.minecraftforge.fml.loading.moddiscovery.ModListHandler/CORE]: Found mod coordinates from lists: []
[14Apr2025 22:06:56.334] [main/DEBUG] [net.minecraftforge.fml.loading.moddiscovery.ModDiscoverer/CORE]: Found Mod Locators : (mods folder:null),(maven libs:null),(exploded directory:null),(minecraft:null)
[14Apr2025 22:06:56.436] [main/DEBUG] [net.minecraftforge.fml.loading.LanguageLoadingProvider/CORE]: Adding file:/workspaces/Bugs-Node.js/servidor_minecraft/mods/kotlinforforge-351264-3527736.jar to languageloader classloader
[14Apr2025 22:06:56.454] [main/DEBUG] [net.minecraftforge.fml.loading.LanguageLoadingProvider/CORE]: Found 3 language providers
[14Apr2025 22:06:56.455] [main/DEBUG] [net.minecraftforge.fml.loading.LanguageLoadingProvider/CORE]: Found language provider javafml, version 36.2
[14Apr2025 22:06:56.455] [main/DEBUG] [net.minecraftforge.fml.loading.LanguageLoadingProvider/CORE]: Found language provider minecraft, version 1
[14Apr2025 22:06:56.455] [main/DEBUG] [net.minecraftforge.fml.loading.LanguageLoadingProvider/CORE]: Found language provider kotlinforforge, version 1.16.0
[14Apr2025 22:06:56.457] [main/DEBUG] [net.minecraftforge.fml.loading.moddiscovery.ModFileParser/LOADING]: Considering mod file candidate /workspaces/Bugs-Node.js/servidor_minecraft/mods/alexsmobs-1.12.1.jar
[14Apr2025 22:06:56.486] [main/DEBUG] [net.minecraftforge.fml.loading.moddiscovery.ModFileInfo/LOADING]: Found valid mod file alexsmobs-1.12.1.jar with {alexsmobs} mods - versions {1.12.1}
[14Apr2025 22:06:56.488] [main/DEBUG] [net.minecraftforge.fml.loading.moddiscovery.ModFile/LOADING]: Loading mod file /workspaces/Bugs-Node.js/servidor_minecraft/mods/alexsmobs-1.12.1.jar with language javafml
[14Apr2025 22:06:56.489] [main/DEBUG] [net.minecraftforge.fml.loading.moddiscovery.ModFileParser/LOADING]: Considering mod file candidate /workspaces/Bugs-Node.js/servidor_minecraft/mods/AncientGuns_3.2_1.16.4.jar
[14Apr2025 22:06:56.490] [main/DEBUG] [net.minecraftforge.fml.loading.moddiscovery.ModFileInfo/LOADING]: Found valid mod file AncientGuns_3.2_1.16.4.jar with {ancient_guns} mods - versions {3.2}
[14Apr2025 22:06:56.490] [main/DEBUG] [net.minecraftforge.fml.loading.moddiscovery.ModFile/LOADING]: Loading mod file /workspaces/Bugs-Node.js/servidor_minecraft/mods/AncientGuns_3.2_1.16.4.jar with language javafml
[14Apr2025 22:06:56.491] [main/DEBUG] [net.minecraftforge.fml.loading.moddiscovery.ModFileParser/LOADING]: Considering mod file candidate /workspaces/Bugs-Node.js/servidor_minecraft/mods/architectury-419699-3857643.jar
[14Apr2025 22:06:56.492] [main/DEBUG] [net.minecraftforge.fml.loading.moddiscovery.ModFileInfo/LOADING]: Found valid mod file architectury-419699-3857643.jar with {architectury} mods - versions {1.32.66}
[14Apr2025 22:06:56.492] [main/DEBUG] [net.minecraftforge.fml.loading.moddiscovery.ModFile/LOADING]: Loading mod file /workspaces/Bugs-Node.js/servidor_minecraft/mods/architectury-419699-3857643.jar with language javafml
[14Apr2025 22:06:56.492] [main/DEBUG] [net.minecraftforge.fml.loading.moddiscovery.ModFileParser/LOADING]: Considering mod file candidate /workspaces/Bugs-Node.js/servidor_minecraft/mods/carryon-1.16.5-1.15.6.24.jar
[14Apr2025 22:06:56.496] [main/DEBUG] [net.minecraftforge.fml.loading.moddiscovery.ModFileInfo/LOADING]: Found valid mod file carryon-1.16.5-1.15.6.24.jar with {carryon} mods - versions {1.15.6.24}
[14Apr2025 22:06:56.497] [main/DEBUG] [net.minecraftforge.fml.loading.moddiscovery.ModFile/LOADING]: Loading mod file /workspaces/Bugs-Node.js/servidor_minecraft/mods/carryon-1.16.5-1.15.6.24.jar with language javafml
[14Apr2025 22:06:56.497] [main/DEBUG] [net.minecraftforge.fml.loading.moddiscovery.ModFileParser/LOADING]: Considering mod file candidate /workspaces/Bugs-Node.js/servidor_minecraft/mods/citadel-1.8.1-1.16.5.jar
[14Apr2025 22:06:56.498] [main/DEBUG] [net.minecraftforge.fml.loading.moddiscovery.ModFileInfo/LOADING]: Found valid mod file citadel-1.8.1-1.16.5.jar with {citadel} mods - versions {1.8.1}
[14Apr2025 22:06:56.499] [main/DEBUG] [net.minecraftforge.fml.loading.moddiscovery.ModFile/LOADING]: Loading mod file /workspaces/Bugs-Node.js/servidor_minecraft/mods/citadel-1.8.1-1.16.5.jar with language javafml
[14Apr2025 22:06:56.499] [main/DEBUG] [net.minecraftforge.fml.loading.moddiscovery.ModFileParser/LOADING]: Considering mod file candidate /workspaces/Bugs-Node.js/servidor_minecraft/mods/cloth-config-forge-4.16.91.jar
[14Apr2025 22:06:56.500] [main/DEBUG] [net.minecraftforge.fml.loading.moddiscovery.ModFileInfo/LOADING]: Found valid mod file cloth-config-forge-4.16.91.jar with {cloth-config} mods - versions {4.16.91}
[14Apr2025 22:06:56.501] [main/DEBUG] [net.minecraftforge.fml.loading.moddiscovery.ModFile/LOADING]: Loading mod file /workspaces/Bugs-Node.js/servidor_minecraft/mods/cloth-config-forge-4.16.91.jar with language javafml
[14Apr2025 22:06:56.501] [main/DEBUG] [net.minecraftforge.fml.loading.moddiscovery.ModFileParser/LOADING]: Considering mod file candidate /workspaces/Bugs-Node.js/servidor_minecraft/mods/collective-1.16.5-5.49.jar
[14Apr2025 22:06:56.502] [main/DEBUG] [net.minecraftforge.fml.loading.moddiscovery.ModFileInfo/LOADING]: Found valid mod file collective-1.16.5-5.49.jar with {collective} mods - versions {5.49}
[14Apr2025 22:06:56.503] [main/DEBUG] [net.minecraftforge.fml.loading.moddiscovery.ModFile/LOADING]: Loading mod file /workspaces/Bugs-Node.js/servidor_minecraft/mods/collective-1.16.5-5.49.jar with language javafml
[14Apr2025 22:06:56.503] [main/DEBUG] [net.minecraftforge.fml.loading.moddiscovery.ModFileParser/LOADING]: Considering mod file candidate /workspaces/Bugs-Node.js/servidor_minecraft/mods/eureka-1.0.0-alpha7.jar
[14Apr2025 22:06:56.505] [main/DEBUG] [net.minecraftforge.fml.loading.moddiscovery.ModFileInfo/LOADING]: Found valid mod file eureka-1.0.0-alpha7.jar with {vs_eureka} mods - versions {1.0.0-alpha7}
[14Apr2025 22:06:56.506] [main/DEBUG] [net.minecraftforge.fml.loading.moddiscovery.ModFile/LOADING]: Loading mod file /workspaces/Bugs-Node.js/servidor_minecraft/mods/eureka-1.0.0-alpha7.jar with language javafml
[14Apr2025 22:06:56.507] [main/DEBUG] [net.minecraftforge.fml.loading.moddiscovery.ModFileParser/LOADING]: Considering mod file candidate /workspaces/Bugs-Node.js/servidor_minecraft/mods/FastLeafDecay-v25.2.jar
[14Apr2025 22:06:56.508] [main/DEBUG] [net.minecraftforge.fml.loading.moddiscovery.ModFileInfo/LOADING]: Found valid mod file FastLeafDecay-v25.2.jar with {fastleafdecay} mods - versions {v25.2}
[14Apr2025 22:06:56.508] [main/DEBUG] [net.minecraftforge.fml.loading.moddiscovery.ModFile/LOADING]: Loading mod file /workspaces/Bugs-Node.js/servidor_minecraft/mods/FastLeafDecay-v25.2.jar with language javafml
[14Apr2025 22:06:56.508] [main/DEBUG] [net.minecraftforge.fml.loading.moddiscovery.ModFileParser/LOADING]: Considering mod file candidate /workspaces/Bugs-Node.js/servidor_minecraft/mods/geckolib-forge-1.16.5-3.0.106.jar
[14Apr2025 22:06:56.510] [main/DEBUG] [net.minecraftforge.fml.loading.moddiscovery.ModFileInfo/LOADING]: Found valid mod file geckolib-forge-1.16.5-3.0.106.jar with {geckolib3} mods - versions {3.0.106}
[14Apr2025 22:06:56.511] [main/DEBUG] [net.minecraftforge.fml.loading.moddiscovery.ModFile/LOADING]: Loading mod file /workspaces/Bugs-Node.js/servidor_minecraft/mods/geckolib-forge-1.16.5-3.0.106.jar with language javafml
[14Apr2025 22:06:56.511] [main/DEBUG] [net.minecraftforge.fml.loading.moddiscovery.ModFileParser/LOADING]: Considering mod file candidate /workspaces/Bugs-Node.js/servidor_minecraft/mods/gravestone-1.16.5-1.0.6.jar
[14Apr2025 22:06:56.512] [main/DEBUG] [net.minecraftforge.fml.loading.moddiscovery.ModFileInfo/LOADING]: Found valid mod file gravestone-1.16.5-1.0.6.jar with {gravestone} mods - versions {1.16.5-1.0.6}
[14Apr2025 22:06:56.513] [main/DEBUG] [net.minecraftforge.fml.loading.moddiscovery.ModFile/LOADING]: Loading mod file /workspaces/Bugs-Node.js/servidor_minecraft/mods/gravestone-1.16.5-1.0.6.jar with language javafml
[14Apr2025 22:06:56.513] [main/DEBUG] [net.minecraftforge.fml.loading.moddiscovery.ModFileParser/LOADING]: Considering mod file candidate /workspaces/Bugs-Node.js/servidor_minecraft/mods/jei-1.16.5-7.8.0.1009.jar
[14Apr2025 22:06:56.515] [main/DEBUG] [net.minecraftforge.fml.loading.moddiscovery.ModFileInfo/LOADING]: Found valid mod file jei-1.16.5-7.8.0.1009.jar with {jei} mods - versions {7.8.0.1009}
[14Apr2025 22:06:56.515] [main/DEBUG] [net.minecraftforge.fml.loading.moddiscovery.ModFile/LOADING]: Loading mod file /workspaces/Bugs-Node.js/servidor_minecraft/mods/jei-1.16.5-7.8.0.1009.jar with language javafml
[14Apr2025 22:06:56.516] [main/DEBUG] [net.minecraftforge.fml.loading.moddiscovery.ModFileParser/LOADING]: Considering mod file candidate /workspaces/Bugs-Node.js/servidor_minecraft/mods/mine-mine-no-mi-1.16.5-0.9.5.jar
[14Apr2025 22:06:56.518] [main/DEBUG] [net.minecraftforge.fml.loading.moddiscovery.ModFileInfo/LOADING]: Found valid mod file mine-mine-no-mi-1.16.5-0.9.5.jar with {mineminenomi} mods - versions {0.9.5}
[14Apr2025 22:06:56.519] [main/DEBUG] [net.minecraftforge.fml.loading.moddiscovery.ModFile/LOADING]: Loading mod file /workspaces/Bugs-Node.js/servidor_minecraft/mods/mine-mine-no-mi-1.16.5-0.9.5.jar with language javafml
[14Apr2025 22:06:56.519] [main/DEBUG] [net.minecraftforge.fml.loading.moddiscovery.ModFileParser/LOADING]: Considering mod file candidate /workspaces/Bugs-Node.js/servidor_minecraft/mods/motrs-BETA-0.0.1.jar
[14Apr2025 22:06:56.521] [main/DEBUG] [net.minecraftforge.fml.loading.moddiscovery.ModFileInfo/LOADING]: Found valid mod file motrs-BETA-0.0.1.jar with {ancientjapan} mods - versions {1.0.0}
[14Apr2025 22:06:56.521] [main/DEBUG] [net.minecraftforge.fml.loading.moddiscovery.ModFile/LOADING]: Loading mod file /workspaces/Bugs-Node.js/servidor_minecraft/mods/motrs-BETA-0.0.1.jar with language javafml
[14Apr2025 22:06:56.521] [main/DEBUG] [net.minecraftforge.fml.loading.moddiscovery.ModFileParser/LOADING]: Considering mod file candidate /workspaces/Bugs-Node.js/servidor_minecraft/mods/Pirates_And_Looters_Kraken_Update.jar
[14Apr2025 22:06:56.522] [main/DEBUG] [net.minecraftforge.fml.loading.moddiscovery.ModFileInfo/LOADING]: Found valid mod file Pirates_And_Looters_Kraken_Update.jar with {piratesandlootersreborn} mods - versions {1.0.0}
[14Apr2025 22:06:56.523] [main/DEBUG] [net.minecraftforge.fml.loading.moddiscovery.ModFile/LOADING]: Loading mod file /workspaces/Bugs-Node.js/servidor_minecraft/mods/Pirates_And_Looters_Kraken_Update.jar with language javafml
[14Apr2025 22:06:56.524] [main/DEBUG] [net.minecraftforge.fml.loading.moddiscovery.ModFileParser/LOADING]: Considering mod file candidate /workspaces/Bugs-Node.js/servidor_minecraft/mods/replantingcrops_1.16.5-4.1.jar
[14Apr2025 22:06:56.525] [main/DEBUG] [net.minecraftforge.fml.loading.moddiscovery.ModFileInfo/LOADING]: Found valid mod file replantingcrops_1.16.5-4.1.jar with {replantingcrops} mods - versions {4.1}
[14Apr2025 22:06:56.525] [main/DEBUG] [net.minecraftforge.fml.loading.moddiscovery.ModFile/LOADING]: Loading mod file /workspaces/Bugs-Node.js/servidor_minecraft/mods/replantingcrops_1.16.5-4.1.jar with language javafml
[14Apr2025 22:06:56.526] [main/DEBUG] [net.minecraftforge.fml.loading.moddiscovery.ModFileParser/LOADING]: Considering mod file candidate /workspaces/Bugs-Node.js/servidor_minecraft/mods/sophisticatedbackpacks-1.16.5-3.15.20.755.jar
[14Apr2025 22:06:56.527] [main/DEBUG] [net.minecraftforge.fml.loading.moddiscovery.ModFileInfo/LOADING]: Found valid mod file sophisticatedbackpacks-1.16.5-3.15.20.755.jar with {sophisticatedbackpacks} mods - versions {1.16.5-3.15.20.755}
[14Apr2025 22:06:56.529] [main/DEBUG] [net.minecraftforge.fml.loading.moddiscovery.ModFile/LOADING]: Loading mod file /workspaces/Bugs-Node.js/servidor_minecraft/mods/sophisticatedbackpacks-1.16.5-3.15.20.755.jar with language javafml
[14Apr2025 22:06:56.529] [main/DEBUG] [net.minecraftforge.fml.loading.moddiscovery.ModFileParser/LOADING]: Considering mod file candidate /workspaces/Bugs-Node.js/servidor_minecraft/mods/SpartanShields-1.16.5-2.1.2.jar
[14Apr2025 22:06:56.531] [main/DEBUG] [net.minecraftforge.fml.loading.moddiscovery.ModFileInfo/LOADING]: Found valid mod file SpartanShields-1.16.5-2.1.2.jar with {spartanshields} mods - versions {2.1.2}
[14Apr2025 22:06:56.532] [main/DEBUG] [net.minecraftforge.fml.loading.moddiscovery.ModFile/LOADING]: Loading mod file /workspaces/Bugs-Node.js/servidor_minecraft/mods/SpartanShields-1.16.5-2.1.2.jar with language javafml
[14Apr2025 22:06:56.532] [main/DEBUG] [net.minecraftforge.fml.loading.moddiscovery.ModFileParser/LOADING]: Considering mod file candidate /workspaces/Bugs-Node.js/servidor_minecraft/mods/SpartanWeaponry-1.16.5-2.2.0-rc-2.jar
[14Apr2025 22:06:56.533] [main/DEBUG] [net.minecraftforge.fml.loading.moddiscovery.ModFileInfo/LOADING]: Found valid mod file SpartanWeaponry-1.16.5-2.2.0-rc-2.jar with {spartanweaponry} mods - versions {2.2.0 Release Candidate 2}
[14Apr2025 22:06:56.535] [main/DEBUG] [net.minecraftforge.fml.loading.moddiscovery.ModFile/LOADING]: Loading mod file /workspaces/Bugs-Node.js/servidor_minecraft/mods/SpartanWeaponry-1.16.5-2.2.0-rc-2.jar with language javafml
[14Apr2025 22:06:56.535] [main/DEBUG] [net.minecraftforge.fml.loading.moddiscovery.ModFileParser/LOADING]: Considering mod file candidate /workspaces/Bugs-Node.js/servidor_minecraft/mods/torohealth-1.16.4-forge-4.jar
[14Apr2025 22:06:56.536] [main/DEBUG] [net.minecraftforge.fml.loading.moddiscovery.ModFileInfo/LOADING]: Found valid mod file torohealth-1.16.4-forge-4.jar with {torohealth} mods - versions {NONE}
[14Apr2025 22:06:56.536] [main/DEBUG] [net.minecraftforge.fml.loading.moddiscovery.ModFile/LOADING]: Loading mod file /workspaces/Bugs-Node.js/servidor_minecraft/mods/torohealth-1.16.4-forge-4.jar with language javafml
[14Apr2025 22:06:56.537] [main/DEBUG] [net.minecraftforge.fml.loading.moddiscovery.ModFileParser/LOADING]: Considering mod file candidate /workspaces/Bugs-Node.js/servidor_minecraft/mods/valhelsia_core-16.0.15.jar
[14Apr2025 22:06:56.538] [main/DEBUG] [net.minecraftforge.fml.loading.moddiscovery.ModFileInfo/LOADING]: Found valid mod file valhelsia_core-16.0.15.jar with {valhelsia_core} mods - versions {16.0.15}
[14Apr2025 22:06:56.539] [main/DEBUG] [net.minecraftforge.fml.loading.moddiscovery.ModFile/LOADING]: Loading mod file /workspaces/Bugs-Node.js/servidor_minecraft/mods/valhelsia_core-16.0.15.jar with language javafml
[14Apr2025 22:06:56.539] [main/DEBUG] [net.minecraftforge.fml.loading.moddiscovery.ModFileParser/LOADING]: Considering mod file candidate /workspaces/Bugs-Node.js/servidor_minecraft/mods/valhelsia_structures-1.16.5-0.1.6.jar
[14Apr2025 22:06:56.540] [main/DEBUG] [net.minecraftforge.fml.loading.moddiscovery.ModFileInfo/LOADING]: Found valid mod file valhelsia_structures-1.16.5-0.1.6.jar with {valhelsia_structures} mods - versions {1.16.5-0.1.6}
[14Apr2025 22:06:56.541] [main/DEBUG] [net.minecraftforge.fml.loading.moddiscovery.ModFile/LOADING]: Loading mod file /workspaces/Bugs-Node.js/servidor_minecraft/mods/valhelsia_structures-1.16.5-0.1.6.jar with language javafml
[14Apr2025 22:06:56.542] [main/DEBUG] [net.minecraftforge.fml.loading.moddiscovery.ModFileParser/LOADING]: Considering mod file candidate /workspaces/Bugs-Node.js/servidor_minecraft/mods/valkyrienskies-116-2.0.0-alpha6.jar
[14Apr2025 22:06:56.542] [main/DEBUG] [net.minecraftforge.fml.loading.moddiscovery.ModFileInfo/LOADING]: Found valid mod file valkyrienskies-116-2.0.0-alpha6.jar with {valkyrienskies} mods - versions {2.0.0-alpha6}
[14Apr2025 22:06:56.547] [main/DEBUG] [net.minecraftforge.fml.loading.moddiscovery.ModFile/LOADING]: Loading mod file /workspaces/Bugs-Node.js/servidor_minecraft/mods/valkyrienskies-116-2.0.0-alpha6.jar with language javafml
[14Apr2025 22:06:56.547] [main/DEBUG] [net.minecraftforge.fml.loading.moddiscovery.ModFileParser/LOADING]: Considering mod file candidate /workspaces/Bugs-Node.js/servidor_minecraft/mods/Xaeros_Minimap_25.2.0_Forge_1.16.5.jar
[14Apr2025 22:06:56.548] [main/DEBUG] [net.minecraftforge.fml.loading.moddiscovery.ModFileInfo/LOADING]: Found valid mod file Xaeros_Minimap_25.2.0_Forge_1.16.5.jar with {xaerominimap} mods - versions {25.2.0}
[14Apr2025 22:06:56.549] [main/DEBUG] [net.minecraftforge.fml.loading.moddiscovery.ModFile/LOADING]: Loading mod file /workspaces/Bugs-Node.js/servidor_minecraft/mods/Xaeros_Minimap_25.2.0_Forge_1.16.5.jar with language javafml
[14Apr2025 22:06:56.573] [main/DEBUG] [net.minecraftforge.fml.loading.moddiscovery.ModFileParser/LOADING]: Found coremod xaerominimap_core with Javascript path META-INF/xaerominimap_core.js
[14Apr2025 22:06:56.573] [main/DEBUG] [net.minecraftforge.fml.loading.moddiscovery.ModFile/LOADING]: Found coremod META-INF/xaerominimap_core.js
[14Apr2025 22:06:56.573] [main/DEBUG] [net.minecraftforge.fml.loading.moddiscovery.ModFileParser/LOADING]: Considering mod file candidate /workspaces/Bugs-Node.js/servidor_minecraft/libraries/net/minecraftforge/forge/1.16.5-36.2.42/forge-1.16.5-36.2.42-universal.jar
[14Apr2025 22:06:56.574] [main/DEBUG] [net.minecraftforge.fml.loading.moddiscovery.ModFileInfo/LOADING]: Found valid mod file forge-1.16.5-36.2.42-universal.jar with {forge} mods - versions {36.2.42}
[14Apr2025 22:06:56.587] [main/DEBUG] [net.minecraftforge.fml.loading.moddiscovery.ModFile/LOADING]: Loading mod file /workspaces/Bugs-Node.js/servidor_minecraft/libraries/net/minecraftforge/forge/1.16.5-36.2.42/forge-1.16.5-36.2.42-universal.jar with language javafml
[14Apr2025 22:06:56.588] [main/DEBUG] [net.minecraftforge.fml.loading.moddiscovery.ModFileParser/LOADING]: Found coremod fieldtomethodtransformers with Javascript path META-INF/fieldtomethodtransformers.js
[14Apr2025 22:06:56.588] [main/DEBUG] [net.minecraftforge.fml.loading.moddiscovery.ModFileParser/LOADING]: Found coremod field_to_instanceof with Javascript path coremods/field_to_instanceof.js
[14Apr2025 22:06:56.588] [main/DEBUG] [net.minecraftforge.fml.loading.moddiscovery.ModFileParser/LOADING]: Found coremod add_bouncer_method with Javascript path coremods/add_bouncer_method.js
[14Apr2025 22:06:56.588] [main/DEBUG] [net.minecraftforge.fml.loading.moddiscovery.ModFile/LOADING]: Found coremod META-INF/fieldtomethodtransformers.js
[14Apr2025 22:06:56.588] [main/DEBUG] [net.minecraftforge.fml.loading.moddiscovery.ModFile/LOADING]: Found coremod coremods/field_to_instanceof.js
[14Apr2025 22:06:56.588] [main/DEBUG] [net.minecraftforge.fml.loading.moddiscovery.ModFile/LOADING]: Found coremod coremods/add_bouncer_method.js
[14Apr2025 22:06:56.588] [main/DEBUG] [net.minecraftforge.fml.loading.moddiscovery.ModFileParser/LOADING]: Considering mod file candidate /workspaces/Bugs-Node.js/servidor_minecraft/libraries/net/minecraftforge/forge/1.16.5-36.2.42/forge-1.16.5-36.2.42-server.jar
[14Apr2025 22:06:56.590] [main/DEBUG] [net.minecraftforge.fml.loading.moddiscovery.ModFileInfo/LOADING]: Found valid mod file forge-1.16.5-36.2.42-server.jar with {minecraft} mods - versions {1.16.5}
[14Apr2025 22:06:56.591] [main/DEBUG] [net.minecraftforge.fml.loading.moddiscovery.ModFile/LOADING]: Loading mod file /workspaces/Bugs-Node.js/servidor_minecraft/libraries/net/minecraftforge/forge/1.16.5-36.2.42/forge-1.16.5-36.2.42-server.jar with language minecraft
[14Apr2025 22:06:56.599] [main/DEBUG] [net.minecraftforge.fml.loading.ModSorter/LOADING]: Found 38 mod requirements (28 mandatory, 10 optional)
[14Apr2025 22:06:56.601] [main/DEBUG] [net.minecraftforge.fml.loading.ModSorter/LOADING]: Found 0 mod requirements missing (0 mandatory, 0 optional)
[14Apr2025 22:06:56.735] [main/INFO] [STDERR/]: [jdk.nashorn.api.scripting.NashornScriptEngine:<init>:143]: Warning: Nashorn engine is planned to be removed from a future JDK release
[14Apr2025 22:06:56.822] [main/INFO] [STDERR/]: [jdk.nashorn.api.scripting.NashornScriptEngine:<init>:143]: Warning: Nashorn engine is planned to be removed from a future JDK release
[14Apr2025 22:06:56.829] [main/INFO] [STDERR/]: [jdk.nashorn.api.scripting.NashornScriptEngine:<init>:143]: Warning: Nashorn engine is planned to be removed from a future JDK release
[14Apr2025 22:06:56.836] [main/INFO] [STDERR/]: [jdk.nashorn.api.scripting.NashornScriptEngine:<init>:143]: Warning: Nashorn engine is planned to be removed from a future JDK release
[14Apr2025 22:06:57.004] [main/DEBUG] [cpw.mods.modlauncher.TransformationServiceDecorator/MODLAUNCHER]: End scan trigger - transformation service fml
[14Apr2025 22:06:57.004] [main/DEBUG] [cpw.mods.modlauncher.TransformationServicesHandler/MODLAUNCHER]: Transformation services loading transformers
[14Apr2025 22:06:57.005] [main/DEBUG] [cpw.mods.modlauncher.TransformationServiceDecorator/MODLAUNCHER]: Initializing transformers for transformation service mixin
[14Apr2025 22:06:57.006] [main/DEBUG] [cpw.mods.modlauncher.TransformationServiceDecorator/MODLAUNCHER]: Initialized transformers for transformation service mixin
[14Apr2025 22:06:57.006] [main/DEBUG] [cpw.mods.modlauncher.TransformationServiceDecorator/MODLAUNCHER]: Initializing transformers for transformation service fml
[14Apr2025 22:06:57.006] [main/DEBUG] [net.minecraftforge.fml.loading.FMLServiceProvider/CORE]: Loading coremod transformers
[14Apr2025 22:06:57.007] [main/DEBUG] [net.minecraftforge.coremod.CoreModEngine/COREMOD]: Loading CoreMod from META-INF/xaerominimap_core.js
[14Apr2025 22:06:57.645] [main/DEBUG] [net.minecraftforge.coremod.CoreModEngine/COREMOD]: CoreMod loaded successfully
[14Apr2025 22:06:57.646] [main/DEBUG] [net.minecraftforge.coremod.CoreModEngine/COREMOD]: Loading CoreMod from META-INF/fieldtomethodtransformers.js
[14Apr2025 22:06:57.680] [main/DEBUG] [net.minecraftforge.coremod.CoreModEngine/COREMOD]: CoreMod loaded successfully
[14Apr2025 22:06:57.681] [main/DEBUG] [net.minecraftforge.coremod.CoreModEngine/COREMOD]: Loading CoreMod from coremods/field_to_instanceof.js
[14Apr2025 22:06:58.045] [main/DEBUG] [net.minecraftforge.coremod.CoreModEngine/COREMOD]: CoreMod loaded successfully
[14Apr2025 22:06:58.045] [main/DEBUG] [net.minecraftforge.coremod.CoreModEngine/COREMOD]: Loading CoreMod from coremods/add_bouncer_method.js
[14Apr2025 22:06:58.209] [main/DEBUG] [net.minecraftforge.coremod.CoreModEngine/COREMOD]: CoreMod loaded successfully
[14Apr2025 22:06:58.228] [main/DEBUG] [cpw.mods.modlauncher.TransformStore/MODLAUNCHER]: Adding transformer net.minecraftforge.coremod.transformer.CoreModMethodTransformer@7d17ee50 to Target : METHOD {Lnet/minecraft/client/network/play/ClientPlayNetHandler;} {func_147234_a} {(Lnet/minecraft/network/play/server/SChangeBlockPacket;)V}
[14Apr2025 22:06:58.229] [main/DEBUG] [cpw.mods.modlauncher.TransformStore/MODLAUNCHER]: Adding transformer net.minecraftforge.coremod.transformer.CoreModMethodTransformer@16aed49f to Target : METHOD {Lnet/minecraft/client/network/play/ClientPlayNetHandler;} {func_147287_a} {(Lnet/minecraft/network/play/server/SMultiBlockChangePacket;)V}
[14Apr2025 22:06:58.229] [main/DEBUG] [cpw.mods.modlauncher.TransformStore/MODLAUNCHER]: Adding transformer net.minecraftforge.coremod.transformer.CoreModMethodTransformer@66de00f2 to Target : METHOD {Lnet/minecraft/client/network/play/ClientPlayNetHandler;} {func_147263_a} {(Lnet/minecraft/network/play/server/SChunkDataPacket;)V}
[14Apr2025 22:06:58.229] [main/DEBUG] [cpw.mods.modlauncher.TransformStore/MODLAUNCHER]: Adding transformer net.minecraftforge.coremod.transformer.CoreModMethodTransformer@6c479fdf to Target : METHOD {Lnet/minecraft/client/network/play/ClientPlayNetHandler;} {func_230488_a_} {(Lnet/minecraft/network/play/server/SWorldSpawnChangedPacket;)V}
[14Apr2025 22:06:58.230] [main/DEBUG] [cpw.mods.modlauncher.TransformStore/MODLAUNCHER]: Adding transformer net.minecraftforge.coremod.transformer.CoreModMethodTransformer@79d82f66 to Target : METHOD {Lnet/minecraft/client/entity/player/AbstractClientPlayerEntity;} {func_110303_q} {()Lnet/minecraft/util/ResourceLocation;}
[14Apr2025 22:06:58.230] [main/DEBUG] [cpw.mods.modlauncher.TransformStore/MODLAUNCHER]: Adding transformer net.minecraftforge.coremod.transformer.CoreModMethodTransformer@19b206ee to Target : METHOD {Lnet/minecraft/entity/player/PlayerEntity;} {func_175148_a} {(Lnet/minecraft/entity/player/PlayerModelPart;)Z}
[14Apr2025 22:06:58.230] [main/DEBUG] [cpw.mods.modlauncher.TransformStore/MODLAUNCHER]: Adding transformer net.minecraftforge.coremod.transformer.CoreModMethodTransformer@ffd4cba to Target : METHOD {Lnet/minecraft/client/network/play/ClientPlayNetHandler;} {func_147282_a} {(Lnet/minecraft/network/play/server/SJoinGamePacket;)V}
[14Apr2025 22:06:58.231] [main/DEBUG] [cpw.mods.modlauncher.TransformStore/MODLAUNCHER]: Adding transformer net.minecraftforge.coremod.transformer.CoreModMethodTransformer@5f1483fd to Target : METHOD {Lnet/minecraft/client/network/play/ClientPlayNetHandler;} {func_147296_c} {()V}
[14Apr2025 22:06:58.231] [main/DEBUG] [cpw.mods.modlauncher.TransformStore/MODLAUNCHER]: Adding transformer net.minecraftforge.coremod.transformer.CoreModMethodTransformer@670f2466 to Target : METHOD {Lnet/minecraft/client/entity/player/ClientPlayerEntity;} {func_71004_bE} {()V}
[14Apr2025 22:06:58.231] [main/DEBUG] [cpw.mods.modlauncher.TransformStore/MODLAUNCHER]: Adding transformer net.minecraftforge.coremod.transformer.CoreModMethodTransformer@6e03db1f to Target : METHOD {Lnet/minecraft/server/management/PlayerList;} {func_72354_b} {(Lnet/minecraft/entity/player/ServerPlayerEntity;Lnet/minecraft/world/server/ServerWorld;)V}
[14Apr2025 22:06:58.231] [main/DEBUG] [cpw.mods.modlauncher.TransformStore/MODLAUNCHER]: Adding transformer net.minecraftforge.coremod.transformer.CoreModMethodTransformer@bfec2f9 to Target : METHOD {Lnet/minecraftforge/client/gui/ForgeIngameGui;} {func_238445_a_} {(Lcom/mojang/blaze3d/matrix/MatrixStack;F)V}
[14Apr2025 22:06:58.231] [main/DEBUG] [cpw.mods.modlauncher.TransformStore/MODLAUNCHER]: Adding transformer net.minecraftforge.coremod.transformer.CoreModMethodTransformer@708eb310 to Target : METHOD {Lnet/minecraft/client/gui/overlay/BossOverlayGui;} {func_238484_a_} {(Lcom/mojang/blaze3d/matrix/MatrixStack;)V}
[14Apr2025 22:06:58.231] [main/DEBUG] [cpw.mods.modlauncher.TransformStore/MODLAUNCHER]: Adding transformer net.minecraftforge.coremod.transformer.CoreModMethodTransformer@6ebc9573 to Target : METHOD {Lnet/minecraft/client/renderer/entity/model/SegmentedModel;} {func_225598_a_} {(Lcom/mojang/blaze3d/matrix/MatrixStack;Lcom/mojang/blaze3d/vertex/IVertexBuilder;IIFFFF)V}
[14Apr2025 22:06:58.232] [main/DEBUG] [cpw.mods.modlauncher.TransformStore/MODLAUNCHER]: Adding transformer net.minecraftforge.coremod.transformer.CoreModMethodTransformer@1e977098 to Target : METHOD {Lnet/minecraft/client/renderer/entity/model/AgeableModel;} {func_225598_a_} {(Lcom/mojang/blaze3d/matrix/MatrixStack;Lcom/mojang/blaze3d/vertex/IVertexBuilder;IIFFFF)V}
[14Apr2025 22:06:58.232] [main/DEBUG] [cpw.mods.modlauncher.TransformStore/MODLAUNCHER]: Adding transformer net.minecraftforge.coremod.transformer.CoreModMethodTransformer@630390b9 to Target : METHOD {Lnet/minecraft/client/renderer/entity/model/LlamaModel;} {func_225598_a_} {(Lcom/mojang/blaze3d/matrix/MatrixStack;Lcom/mojang/blaze3d/vertex/IVertexBuilder;IIFFFF)V}
[14Apr2025 22:06:58.232] [main/DEBUG] [cpw.mods.modlauncher.TransformStore/MODLAUNCHER]: Adding transformer net.minecraftforge.coremod.transformer.CoreModMethodTransformer@6690b9fa to Target : METHOD {Lnet/minecraft/client/renderer/entity/model/RabbitModel;} {func_225598_a_} {(Lcom/mojang/blaze3d/matrix/MatrixStack;Lcom/mojang/blaze3d/vertex/IVertexBuilder;IIFFFF)V}
[14Apr2025 22:06:58.232] [main/DEBUG] [cpw.mods.modlauncher.TransformStore/MODLAUNCHER]: Adding transformer net.minecraftforge.coremod.transformer.CoreModMethodTransformer@6c8dbf56 to Target : METHOD {Lnet/minecraft/client/renderer/entity/EnderDragonRenderer$EnderDragonModel;} {func_225598_a_} {(Lcom/mojang/blaze3d/matrix/MatrixStack;Lcom/mojang/blaze3d/vertex/IVertexBuilder;IIFFFF)V}
[14Apr2025 22:06:58.232] [main/DEBUG] [cpw.mods.modlauncher.TransformStore/MODLAUNCHER]: Adding transformer net.minecraftforge.coremod.transformer.CoreModMethodTransformer@493b01ef to Target : METHOD {Lnet/minecraft/client/renderer/model/ModelRenderer;} {func_228306_a_} {(Lcom/mojang/blaze3d/matrix/MatrixStack$Entry;Lcom/mojang/blaze3d/vertex/IVertexBuilder;IIFFFF)V}
[14Apr2025 22:06:58.232] [main/DEBUG] [cpw.mods.modlauncher.TransformStore/MODLAUNCHER]: Adding transformer net.minecraftforge.coremod.transformer.CoreModMethodTransformer@36c2d629 to Target : METHOD {Lnet/minecraft/world/storage/SaveFormat$LevelSave;} {func_237299_g_} {()V}
[14Apr2025 22:06:58.233] [main/DEBUG] [cpw.mods.modlauncher.TransformStore/MODLAUNCHER]: Adding transformer net.minecraftforge.coremod.transformer.CoreModMethodTransformer@55fee662 to Target : METHOD {Lnet/minecraft/client/settings/ToggleableKeyBinding;} {func_151470_d} {()Z}
[14Apr2025 22:06:58.233] [main/DEBUG] [cpw.mods.modlauncher.TransformStore/MODLAUNCHER]: Adding transformer net.minecraftforge.coremod.transformer.CoreModMethodTransformer@54089484 to Target : METHOD {Lnet/minecraft/client/entity/player/AbstractClientPlayerEntity;} {func_175156_o} {()F}
[14Apr2025 22:06:58.233] [main/DEBUG] [cpw.mods.modlauncher.TransformStore/MODLAUNCHER]: Adding transformer net.minecraftforge.coremod.transformer.CoreModMethodTransformer@45adc393 to Target : METHOD {Lnet/minecraft/client/renderer/FirstPersonRenderer;} {func_228396_a_} {(FLcom/mojang/blaze3d/matrix/MatrixStack;Lnet/minecraft/client/renderer/IRenderTypeBuffer$Impl;Lnet/minecraft/client/entity/player/ClientPlayerEntity;I)V}
[14Apr2025 22:06:58.233] [main/DEBUG] [cpw.mods.modlauncher.TransformStore/MODLAUNCHER]: Adding transformer net.minecraftforge.coremod.transformer.CoreModMethodTransformer@65fe2691 to Target : METHOD {Lnet/minecraft/client/renderer/entity/model/SkeletonModel;} {func_212843_a_} {(Lnet/minecraft/entity/MobEntity;FFF)V}
[14Apr2025 22:06:58.233] [main/DEBUG] [cpw.mods.modlauncher.TransformStore/MODLAUNCHER]: Adding transformer net.minecraftforge.coremod.transformer.CoreModMethodTransformer@479111ba to Target : METHOD {Lnet/minecraft/client/renderer/entity/model/SkeletonModel;} {func_225597_a_} {(Lnet/minecraft/entity/MobEntity;FFFFF)V}
[14Apr2025 22:06:58.233] [main/DEBUG] [cpw.mods.modlauncher.TransformStore/MODLAUNCHER]: Adding transformer net.minecraftforge.coremod.transformer.CoreModMethodTransformer@57ad1178 to Target : METHOD {Lnet/minecraft/entity/monster/AbstractSkeletonEntity;} {func_230280_a_} {(Lnet/minecraft/item/ShootableItem;)Z}
[14Apr2025 22:06:58.233] [main/DEBUG] [cpw.mods.modlauncher.TransformStore/MODLAUNCHER]: Adding transformer net.minecraftforge.coremod.transformer.CoreModMethodTransformer@7c37f145 to Target : METHOD {Lnet/minecraft/entity/monster/AbstractSkeletonEntity;} {func_85036_m} {()V}
[14Apr2025 22:06:58.234] [main/DEBUG] [cpw.mods.modlauncher.TransformStore/MODLAUNCHER]: Adding transformer net.minecraftforge.coremod.transformer.CoreModMethodTransformer@68699afc to Target : METHOD {Lnet/minecraft/client/renderer/FirstPersonRenderer;} {func_228396_a_} {(FLcom/mojang/blaze3d/matrix/MatrixStack;Lnet/minecraft/client/renderer/IRenderTypeBuffer$Impl;Lnet/minecraft/client/entity/player/ClientPlayerEntity;I)V}
[14Apr2025 22:06:58.234] [main/DEBUG] [cpw.mods.modlauncher.TransformStore/MODLAUNCHER]: Adding transformer net.minecraftforge.coremod.transformer.CoreModMethodTransformer@273a5a8a to Target : METHOD {Lnet/minecraft/client/renderer/FirstPersonRenderer;} {func_228405_a_} {(Lnet/minecraft/client/entity/player/AbstractClientPlayerEntity;FFLnet/minecraft/util/Hand;FLnet/minecraft/item/ItemStack;FLcom/mojang/blaze3d/matrix/MatrixStack;Lnet/minecraft/client/renderer/IRenderTypeBuffer;I)V}
[14Apr2025 22:06:58.234] [main/DEBUG] [cpw.mods.modlauncher.TransformStore/MODLAUNCHER]: Adding transformer net.minecraftforge.coremod.transformer.CoreModMethodTransformer@1823b9c4 to Target : METHOD {Lnet/minecraft/client/renderer/entity/PlayerRenderer;} {func_241741_a_} {(Lnet/minecraft/client/entity/player/AbstractClientPlayerEntity;Lnet/minecraft/util/Hand;)Lnet/minecraft/client/renderer/entity/model/BipedModel$ArmPose;}
[14Apr2025 22:06:58.236] [main/DEBUG] [cpw.mods.modlauncher.TransformStore/MODLAUNCHER]: Adding transformer net.minecraftforge.coremod.transformer.CoreModMethodTransformer@5b5dce5c to Target : METHOD {Lnet/minecraft/entity/monster/PillagerEntity;} {func_230280_a_} {(Lnet/minecraft/item/ShootableItem;)Z}
[14Apr2025 22:06:58.236] [main/DEBUG] [cpw.mods.modlauncher.TransformStore/MODLAUNCHER]: Adding transformer net.minecraftforge.coremod.transformer.CoreModMethodTransformer@7f4701b1 to Target : METHOD {Lnet/minecraft/entity/monster/PillagerEntity;} {func_241844_w} {(F)V}
[14Apr2025 22:06:58.236] [main/DEBUG] [cpw.mods.modlauncher.TransformStore/MODLAUNCHER]: Adding transformer net.minecraftforge.coremod.transformer.CoreModMethodTransformer@adcfad9 to Target : METHOD {Lnet/minecraft/entity/monster/piglin/PiglinEntity;} {func_208003_a} {(Lnet/minecraft/item/ItemStack;Lnet/minecraft/item/ItemStack;)Z}
[14Apr2025 22:06:58.237] [main/DEBUG] [cpw.mods.modlauncher.TransformStore/MODLAUNCHER]: Adding transformer net.minecraftforge.coremod.transformer.CoreModMethodTransformer@fb49fdf to Target : METHOD {Lnet/minecraft/entity/monster/piglin/PiglinEntity;} {func_230280_a_} {(Lnet/minecraft/item/ShootableItem;)Z}
[14Apr2025 22:06:58.237] [main/DEBUG] [cpw.mods.modlauncher.TransformStore/MODLAUNCHER]: Adding transformer net.minecraftforge.coremod.transformer.CoreModMethodTransformer@3a2e9f5b to Target : METHOD {Lnet/minecraft/item/CrossbowItem;} {func_220013_l} {(Lnet/minecraft/item/ItemStack;)F}
[14Apr2025 22:06:58.237] [main/DEBUG] [cpw.mods.modlauncher.TransformStore/MODLAUNCHER]: Adding transformer net.minecraftforge.coremod.transformer.CoreModMethodTransformer@7da34b26 to Target : METHOD {Lnet/minecraft/item/Item;} {func_219970_i} {(Lnet/minecraft/item/ItemStack;)Z}
[14Apr2025 22:06:58.237] [main/DEBUG] [cpw.mods.modlauncher.TransformStore/MODLAUNCHER]: Adding transformer net.minecraftforge.coremod.transformer.CoreModMethodTransformer@10c47c79 to Target : METHOD {Lnet/minecraft/client/renderer/FirstPersonRenderer;} {func_228405_a_} {(Lnet/minecraft/client/entity/player/AbstractClientPlayerEntity;FFLnet/minecraft/util/Hand;FLnet/minecraft/item/ItemStack;FLcom/mojang/blaze3d/matrix/MatrixStack;Lnet/minecraft/client/renderer/IRenderTypeBuffer;I)V}
[14Apr2025 22:06:58.237] [main/DEBUG] [cpw.mods.modlauncher.TransformStore/MODLAUNCHER]: Adding transformer net.minecraftforge.coremod.transformer.CoreModMethodTransformer@3b2553d9 to Target : METHOD {Lnet/minecraft/entity/item/ItemFrameEntity;} {func_110131_b} {(Lnet/minecraft/item/ItemStack;)V}
[14Apr2025 22:06:58.237] [main/DEBUG] [cpw.mods.modlauncher.TransformStore/MODLAUNCHER]: Adding transformer net.minecraftforge.coremod.transformer.CoreModMethodTransformer@753fd7a1 to Target : METHOD {Lnet/minecraft/inventory/container/CartographyContainer$3;} {func_75214_a} {(Lnet/minecraft/item/ItemStack;)Z}
[14Apr2025 22:06:58.238] [main/DEBUG] [cpw.mods.modlauncher.TransformStore/MODLAUNCHER]: Adding transformer net.minecraftforge.coremod.transformer.CoreModMethodTransformer@12a2585b to Target : METHOD {Lnet/minecraft/inventory/container/CartographyContainer;} {func_82846_b} {(Lnet/minecraft/entity/player/PlayerEntity;I)Lnet/minecraft/item/ItemStack;}
[14Apr2025 22:06:58.238] [main/DEBUG] [cpw.mods.modlauncher.TransformStore/MODLAUNCHER]: Adding transformer net.minecraftforge.coremod.transformer.CoreModMethodTransformer@21b6c9c2 to Target : METHOD {Lnet/minecraft/item/ItemStack;} {func_82840_a} {(Lnet/minecraft/entity/player/PlayerEntity;Lnet/minecraft/client/util/ITooltipFlag;)Ljava/util/List;}
[14Apr2025 22:06:58.238] [main/DEBUG] [cpw.mods.modlauncher.TransformStore/MODLAUNCHER]: Adding transformer net.minecraftforge.coremod.transformer.CoreModMethodTransformer@309cedb6 to Target : METHOD {Lnet/minecraft/client/renderer/entity/FishRenderer;} {func_225623_a_} {(Lnet/minecraft/entity/projectile/FishingBobberEntity;FFLcom/mojang/blaze3d/matrix/MatrixStack;Lnet/minecraft/client/renderer/IRenderTypeBuffer;I)V}
[14Apr2025 22:06:58.238] [main/DEBUG] [cpw.mods.modlauncher.TransformStore/MODLAUNCHER]: Adding transformer net.minecraftforge.coremod.transformer.CoreModMethodTransformer@3b95a6db to Target : METHOD {Lnet/minecraft/entity/projectile/FishingBobberEntity;} {func_234600_a_} {(Lnet/minecraft/entity/player/PlayerEntity;)Z}
[14Apr2025 22:06:58.238] [main/DEBUG] [cpw.mods.modlauncher.TransformStore/MODLAUNCHER]: Adding transformer net.minecraftforge.coremod.transformer.CoreModMethodTransformer@3bf54172 to Target : METHOD {Lnet/minecraft/block/BeehiveBlock;} {func_225533_a_} {(Lnet/minecraft/block/BlockState;Lnet/minecraft/world/World;Lnet/minecraft/util/math/BlockPos;Lnet/minecraft/entity/player/PlayerEntity;Lnet/minecraft/util/Hand;Lnet/minecraft/util/math/BlockRayTraceResult;)Lnet/minecraft/util/ActionResultType;}
[14Apr2025 22:06:58.238] [main/DEBUG] [cpw.mods.modlauncher.TransformStore/MODLAUNCHER]: Adding transformer net.minecraftforge.coremod.transformer.CoreModMethodTransformer@2c9a6717 to Target : METHOD {Lnet/minecraft/block/PumpkinBlock;} {func_225533_a_} {(Lnet/minecraft/block/BlockState;Lnet/minecraft/world/World;Lnet/minecraft/util/math/BlockPos;Lnet/minecraft/entity/player/PlayerEntity;Lnet/minecraft/util/Hand;Lnet/minecraft/util/math/BlockRayTraceResult;)Lnet/minecraft/util/ActionResultType;}
[14Apr2025 22:06:58.238] [main/DEBUG] [cpw.mods.modlauncher.TransformStore/MODLAUNCHER]: Adding transformer net.minecraftforge.coremod.transformer.CoreModMethodTransformer@7b3cde6f to Target : METHOD {Lnet/minecraft/block/TripWireBlock;} {func_176208_a} {(Lnet/minecraft/world/World;Lnet/minecraft/util/math/BlockPos;Lnet/minecraft/block/BlockState;Lnet/minecraft/entity/player/PlayerEntity;)V}
[14Apr2025 22:06:58.239] [main/DEBUG] [cpw.mods.modlauncher.TransformStore/MODLAUNCHER]: Adding transformer net.minecraftforge.coremod.transformer.CoreModMethodTransformer@6d091cad to Target : METHOD {Lnet/minecraft/enchantment/EfficiencyEnchantment;} {func_92089_a} {(Lnet/minecraft/item/ItemStack;)Z}
[14Apr2025 22:06:58.239] [main/DEBUG] [cpw.mods.modlauncher.TransformStore/MODLAUNCHER]: Adding transformer net.minecraftforge.coremod.transformer.CoreModMethodTransformer@7c663eaf to Target : METHOD {Lnet/minecraft/entity/passive/MooshroomEntity;} {func_230254_b_} {(Lnet/minecraft/entity/player/PlayerEntity;Lnet/minecraft/util/Hand;)Lnet/minecraft/util/ActionResultType;}
[14Apr2025 22:06:58.241] [main/DEBUG] [cpw.mods.modlauncher.TransformStore/MODLAUNCHER]: Adding transformer net.minecraftforge.coremod.transformer.CoreModMethodTransformer@3bb5ceb to Target : METHOD {Lnet/minecraft/entity/passive/SheepEntity;} {func_230254_b_} {(Lnet/minecraft/entity/player/PlayerEntity;Lnet/minecraft/util/Hand;)Lnet/minecraft/util/ActionResultType;}
[14Apr2025 22:06:58.241] [main/DEBUG] [cpw.mods.modlauncher.TransformStore/MODLAUNCHER]: Adding transformer net.minecraftforge.coremod.transformer.CoreModMethodTransformer@1e692555 to Target : METHOD {Lnet/minecraft/entity/passive/SnowGolemEntity;} {func_230254_b_} {(Lnet/minecraft/entity/player/PlayerEntity;Lnet/minecraft/util/Hand;)Lnet/minecraft/util/ActionResultType;}
[14Apr2025 22:06:58.241] [main/DEBUG] [cpw.mods.modlauncher.TransformStore/MODLAUNCHER]: Adding transformer net.minecraftforge.coremod.transformer.CoreModClassTransformer@76fe6cdc to Target : CLASS {Lnet/minecraft/world/chunk/Chunk;} {} {V}
[14Apr2025 22:06:58.241] [main/DEBUG] [cpw.mods.modlauncher.TransformStore/MODLAUNCHER]: Adding transformer net.minecraftforge.coremod.transformer.CoreModClassTransformer@2ffb3aec to Target : CLASS {Lnet/minecraft/client/network/play/ClientPlayNetHandler;} {} {V}
[14Apr2025 22:06:58.241] [main/DEBUG] [cpw.mods.modlauncher.TransformStore/MODLAUNCHER]: Adding transformer net.minecraftforge.coremod.transformer.CoreModClassTransformer@786ff1cb to Target : CLASS {Lnet/minecraft/client/world/ClientWorld;} {} {V}
[14Apr2025 22:06:58.242] [main/DEBUG] [cpw.mods.modlauncher.TransformStore/MODLAUNCHER]: Adding transformer net.minecraftforge.coremod.transformer.CoreModClassTransformer@46039a21 to Target : CLASS {Lnet/minecraft/network/play/server/SMultiBlockChangePacket;} {} {V}
[14Apr2025 22:06:58.242] [main/DEBUG] [cpw.mods.modlauncher.TransformStore/MODLAUNCHER]: Adding transformer net.minecraftforge.coremod.transformer.CoreModClassTransformer@431e86b1 to Target : CLASS {Lnet/minecraft/server/MinecraftServer;} {} {V}
[14Apr2025 22:06:58.242] [main/DEBUG] [cpw.mods.modlauncher.TransformStore/MODLAUNCHER]: Adding transformer net.minecraftforge.coremod.transformer.CoreModClassTransformer@35c4e864 to Target : CLASS {Lnet/minecraft/entity/player/ServerPlayerEntity;} {} {V}
[14Apr2025 22:06:58.242] [main/DEBUG] [cpw.mods.modlauncher.TransformStore/MODLAUNCHER]: Adding transformer net.minecraftforge.coremod.transformer.CoreModClassTransformer@32a2a6be to Target : CLASS {Lnet/minecraft/client/Minecraft;} {} {V}
[14Apr2025 22:06:58.242] [main/DEBUG] [cpw.mods.modlauncher.TransformStore/MODLAUNCHER]: Adding transformer net.minecraftforge.coremod.transformer.CoreModClassTransformer@682af059 to Target : CLASS {Lnet/minecraft/potion/EffectInstance;} {} {V}
[14Apr2025 22:06:58.242] [main/DEBUG] [cpw.mods.modlauncher.TransformStore/MODLAUNCHER]: Adding transformer net.minecraftforge.coremod.transformer.CoreModClassTransformer@5f36c8e3 to Target : CLASS {Lnet/minecraft/block/FlowingFluidBlock;} {} {V}
[14Apr2025 22:06:58.243] [main/DEBUG] [cpw.mods.modlauncher.TransformStore/MODLAUNCHER]: Adding transformer net.minecraftforge.coremod.transformer.CoreModClassTransformer@4da39ca9 to Target : CLASS {Lnet/minecraft/item/BucketItem;} {} {V}
[14Apr2025 22:06:58.243] [main/DEBUG] [cpw.mods.modlauncher.TransformStore/MODLAUNCHER]: Adding transformer net.minecraftforge.coremod.transformer.CoreModClassTransformer@6a9344f5 to Target : CLASS {Lnet/minecraft/block/StairsBlock;} {} {V}
[14Apr2025 22:06:58.243] [main/DEBUG] [cpw.mods.modlauncher.TransformStore/MODLAUNCHER]: Adding transformer net.minecraftforge.coremod.transformer.CoreModClassTransformer@5584d9c6 to Target : CLASS {Lnet/minecraft/block/FlowerPotBlock;} {} {V}
[14Apr2025 22:06:58.243] [main/DEBUG] [cpw.mods.modlauncher.TransformStore/MODLAUNCHER]: Adding transformer net.minecraftforge.coremod.transformer.CoreModClassTransformer@3c9c6245 to Target : CLASS {Lnet/minecraft/item/FishBucketItem;} {} {V}
[14Apr2025 22:06:58.243] [main/DEBUG] [cpw.mods.modlauncher.TransformStore/MODLAUNCHER]: Adding transformer net.minecraftforge.coremod.transformer.CoreModClassTransformer@6d0be7ab to Target : CLASS {Lnet/minecraft/item/ItemStack;} {} {V}
[14Apr2025 22:06:58.243] [main/DEBUG] [cpw.mods.modlauncher.TransformStore/MODLAUNCHER]: Adding transformer net.minecraftforge.coremod.transformer.CoreModClassTransformer@1d4fb213 to Target : CLASS {Lnet/minecraft/network/play/client/CClientSettingsPacket;} {} {V}
[14Apr2025 22:06:58.243] [main/DEBUG] [cpw.mods.modlauncher.TransformStore/MODLAUNCHER]: Adding transformer net.minecraftforge.coremod.transformer.CoreModClassTransformer@6ef60295 to Target : CLASS {Lnet/minecraft/util/math/vector/TransformationMatrix;} {} {V}
[14Apr2025 22:06:58.244] [main/DEBUG] [cpw.mods.modlauncher.TransformStore/MODLAUNCHER]: Adding transformer net.minecraftforge.coremod.transformer.CoreModClassTransformer@3127cb44 to Target : CLASS {Lnet/minecraft/util/math/vector/TransformationMatrix;} {} {V}
[14Apr2025 22:06:58.245] [main/DEBUG] [cpw.mods.modlauncher.TransformationServiceDecorator/MODLAUNCHER]: Initialized transformers for transformation service fml
[14Apr2025 22:06:58.277] [main/DEBUG] [mixin/]: Processing prepare() for PlatformAgent[MixinPlatformAgentDefault:ModLauncher Root Container(ModLauncher:4f56a0a2)]
[14Apr2025 22:06:58.279] [main/DEBUG] [mixin/]: Processing launch tasks for PlatformAgent[MixinPlatformAgentDefault:ModLauncher Root Container(ModLauncher:4f56a0a2)]
[14Apr2025 22:06:58.279] [main/DEBUG] [mixin/]: Adding mixin platform agents for container ContainerHandleModLauncher.Resource(forge-1.16.5-36.2.42-server.jar:/workspaces/Bugs-Node.js/servidor_minecraft/libraries/net/minecraftforge/forge/1.16.5-36.2.42/forge-1.16.5-36.2.42-server.jar)
[14Apr2025 22:06:58.279] [main/DEBUG] [mixin/]: Instancing new MixinPlatformAgentMinecraftForge for ContainerHandleModLauncher.Resource(forge-1.16.5-36.2.42-server.jar:/workspaces/Bugs-Node.js/servidor_minecraft/libraries/net/minecraftforge/forge/1.16.5-36.2.42/forge-1.16.5-36.2.42-server.jar)
[14Apr2025 22:06:58.279] [main/DEBUG] [mixin/]: MixinPlatformAgentMinecraftForge rejected container ContainerHandleModLauncher.Resource(forge-1.16.5-36.2.42-server.jar:/workspaces/Bugs-Node.js/servidor_minecraft/libraries/net/minecraftforge/forge/1.16.5-36.2.42/forge-1.16.5-36.2.42-server.jar)
[14Apr2025 22:06:58.279] [main/DEBUG] [mixin/]: Instancing new MixinPlatformAgentDefault for ContainerHandleModLauncher.Resource(forge-1.16.5-36.2.42-server.jar:/workspaces/Bugs-Node.js/servidor_minecraft/libraries/net/minecraftforge/forge/1.16.5-36.2.42/forge-1.16.5-36.2.42-server.jar)
[14Apr2025 22:06:58.279] [main/DEBUG] [mixin/]: MixinPlatformAgentDefault accepted container ContainerHandleModLauncher.Resource(forge-1.16.5-36.2.42-server.jar:/workspaces/Bugs-Node.js/servidor_minecraft/libraries/net/minecraftforge/forge/1.16.5-36.2.42/forge-1.16.5-36.2.42-server.jar)
[14Apr2025 22:06:58.280] [main/DEBUG] [mixin/]: Processing prepare() for PlatformAgent[MixinPlatformAgentDefault:ContainerHandleModLauncher.Resource(forge-1.16.5-36.2.42-server.jar:/workspaces/Bugs-Node.js/servidor_minecraft/libraries/net/minecraftforge/forge/1.16.5-36.2.42/forge-1.16.5-36.2.42-server.jar)]
[14Apr2025 22:06:58.280] [main/DEBUG] [mixin/]: Adding mixin platform agents for container ContainerHandleModLauncher.Resource(mine-mine-no-mi-1.16.5-0.9.5.jar:/workspaces/Bugs-Node.js/servidor_minecraft/mods/mine-mine-no-mi-1.16.5-0.9.5.jar)
[14Apr2025 22:06:58.280] [main/DEBUG] [mixin/]: Instancing new MixinPlatformAgentMinecraftForge for ContainerHandleModLauncher.Resource(mine-mine-no-mi-1.16.5-0.9.5.jar:/workspaces/Bugs-Node.js/servidor_minecraft/mods/mine-mine-no-mi-1.16.5-0.9.5.jar)
[14Apr2025 22:06:58.280] [main/DEBUG] [mixin/]: MixinPlatformAgentMinecraftForge rejected container ContainerHandleModLauncher.Resource(mine-mine-no-mi-1.16.5-0.9.5.jar:/workspaces/Bugs-Node.js/servidor_minecraft/mods/mine-mine-no-mi-1.16.5-0.9.5.jar)
[14Apr2025 22:06:58.280] [main/DEBUG] [mixin/]: Instancing new MixinPlatformAgentDefault for ContainerHandleModLauncher.Resource(mine-mine-no-mi-1.16.5-0.9.5.jar:/workspaces/Bugs-Node.js/servidor_minecraft/mods/mine-mine-no-mi-1.16.5-0.9.5.jar)
[14Apr2025 22:06:58.280] [main/DEBUG] [mixin/]: MixinPlatformAgentDefault accepted container ContainerHandleModLauncher.Resource(mine-mine-no-mi-1.16.5-0.9.5.jar:/workspaces/Bugs-Node.js/servidor_minecraft/mods/mine-mine-no-mi-1.16.5-0.9.5.jar)
[14Apr2025 22:06:58.281] [main/DEBUG] [mixin/]: Processing prepare() for PlatformAgent[MixinPlatformAgentDefault:ContainerHandleModLauncher.Resource(mine-mine-no-mi-1.16.5-0.9.5.jar:/workspaces/Bugs-Node.js/servidor_minecraft/mods/mine-mine-no-mi-1.16.5-0.9.5.jar)]
[14Apr2025 22:06:58.281] [main/DEBUG] [mixin/]: Registering mixin config: mine-mine-no-mi.mixins.json
[14Apr2025 22:06:58.308] [main/DEBUG] [mixin/]: Adding mixin platform agents for container ContainerHandleModLauncher.Resource(motrs-BETA-0.0.1.jar:/workspaces/Bugs-Node.js/servidor_minecraft/mods/motrs-BETA-0.0.1.jar)
[14Apr2025 22:06:58.311] [main/DEBUG] [mixin/]: Instancing new MixinPlatformAgentMinecraftForge for ContainerHandleModLauncher.Resource(motrs-BETA-0.0.1.jar:/workspaces/Bugs-Node.js/servidor_minecraft/mods/motrs-BETA-0.0.1.jar)
[14Apr2025 22:06:58.311] [main/DEBUG] [mixin/]: MixinPlatformAgentMinecraftForge rejected container ContainerHandleModLauncher.Resource(motrs-BETA-0.0.1.jar:/workspaces/Bugs-Node.js/servidor_minecraft/mods/motrs-BETA-0.0.1.jar)
[14Apr2025 22:06:58.311] [main/DEBUG] [mixin/]: Instancing new MixinPlatformAgentDefault for ContainerHandleModLauncher.Resource(motrs-BETA-0.0.1.jar:/workspaces/Bugs-Node.js/servidor_minecraft/mods/motrs-BETA-0.0.1.jar)
[14Apr2025 22:06:58.312] [main/DEBUG] [mixin/]: MixinPlatformAgentDefault accepted container ContainerHandleModLauncher.Resource(motrs-BETA-0.0.1.jar:/workspaces/Bugs-Node.js/servidor_minecraft/mods/motrs-BETA-0.0.1.jar)
[14Apr2025 22:06:58.312] [main/DEBUG] [mixin/]: Processing prepare() for PlatformAgent[MixinPlatformAgentDefault:ContainerHandleModLauncher.Resource(motrs-BETA-0.0.1.jar:/workspaces/Bugs-Node.js/servidor_minecraft/mods/motrs-BETA-0.0.1.jar)]
[14Apr2025 22:06:58.312] [main/DEBUG] [mixin/]: Adding mixin platform agents for container ContainerHandleModLauncher.Resource(Pirates_And_Looters_Kraken_Update.jar:/workspaces/Bugs-Node.js/servidor_minecraft/mods/Pirates_And_Looters_Kraken_Update.jar)
[14Apr2025 22:06:58.312] [main/DEBUG] [mixin/]: Instancing new MixinPlatformAgentMinecraftForge for ContainerHandleModLauncher.Resource(Pirates_And_Looters_Kraken_Update.jar:/workspaces/Bugs-Node.js/servidor_minecraft/mods/Pirates_And_Looters_Kraken_Update.jar)
[14Apr2025 22:06:58.312] [main/DEBUG] [mixin/]: MixinPlatformAgentMinecraftForge rejected container ContainerHandleModLauncher.Resource(Pirates_And_Looters_Kraken_Update.jar:/workspaces/Bugs-Node.js/servidor_minecraft/mods/Pirates_And_Looters_Kraken_Update.jar)
[14Apr2025 22:06:58.312] [main/DEBUG] [mixin/]: Instancing new MixinPlatformAgentDefault for ContainerHandleModLauncher.Resource(Pirates_And_Looters_Kraken_Update.jar:/workspaces/Bugs-Node.js/servidor_minecraft/mods/Pirates_And_Looters_Kraken_Update.jar)
[14Apr2025 22:06:58.313] [main/DEBUG] [mixin/]: MixinPlatformAgentDefault accepted container ContainerHandleModLauncher.Resource(Pirates_And_Looters_Kraken_Update.jar:/workspaces/Bugs-Node.js/servidor_minecraft/mods/Pirates_And_Looters_Kraken_Update.jar)
[14Apr2025 22:06:58.313] [main/DEBUG] [mixin/]: Processing prepare() for PlatformAgent[MixinPlatformAgentDefault:ContainerHandleModLauncher.Resource(Pirates_And_Looters_Kraken_Update.jar:/workspaces/Bugs-Node.js/servidor_minecraft/mods/Pirates_And_Looters_Kraken_Update.jar)]
[14Apr2025 22:06:58.313] [main/DEBUG] [mixin/]: Adding mixin platform agents for container ContainerHandleModLauncher.Resource(jei-1.16.5-7.8.0.1009.jar:/workspaces/Bugs-Node.js/servidor_minecraft/mods/jei-1.16.5-7.8.0.1009.jar)
[14Apr2025 22:06:58.313] [main/DEBUG] [mixin/]: Instancing new MixinPlatformAgentMinecraftForge for ContainerHandleModLauncher.Resource(jei-1.16.5-7.8.0.1009.jar:/workspaces/Bugs-Node.js/servidor_minecraft/mods/jei-1.16.5-7.8.0.1009.jar)
[14Apr2025 22:06:58.313] [main/DEBUG] [mixin/]: MixinPlatformAgentMinecraftForge rejected container ContainerHandleModLauncher.Resource(jei-1.16.5-7.8.0.1009.jar:/workspaces/Bugs-Node.js/servidor_minecraft/mods/jei-1.16.5-7.8.0.1009.jar)
[14Apr2025 22:06:58.313] [main/DEBUG] [mixin/]: Instancing new MixinPlatformAgentDefault for ContainerHandleModLauncher.Resource(jei-1.16.5-7.8.0.1009.jar:/workspaces/Bugs-Node.js/servidor_minecraft/mods/jei-1.16.5-7.8.0.1009.jar)
[14Apr2025 22:06:58.313] [main/DEBUG] [mixin/]: MixinPlatformAgentDefault accepted container ContainerHandleModLauncher.Resource(jei-1.16.5-7.8.0.1009.jar:/workspaces/Bugs-Node.js/servidor_minecraft/mods/jei-1.16.5-7.8.0.1009.jar)
[14Apr2025 22:06:58.314] [main/DEBUG] [mixin/]: Processing prepare() for PlatformAgent[MixinPlatformAgentDefault:ContainerHandleModLauncher.Resource(jei-1.16.5-7.8.0.1009.jar:/workspaces/Bugs-Node.js/servidor_minecraft/mods/jei-1.16.5-7.8.0.1009.jar)]
[14Apr2025 22:06:58.315] [main/DEBUG] [mixin/]: Adding mixin platform agents for container ContainerHandleModLauncher.Resource(torohealth-1.16.4-forge-4.jar:/workspaces/Bugs-Node.js/servidor_minecraft/mods/torohealth-1.16.4-forge-4.jar)
[14Apr2025 22:06:58.315] [main/DEBUG] [mixin/]: Instancing new MixinPlatformAgentMinecraftForge for ContainerHandleModLauncher.Resource(torohealth-1.16.4-forge-4.jar:/workspaces/Bugs-Node.js/servidor_minecraft/mods/torohealth-1.16.4-forge-4.jar)
[14Apr2025 22:06:58.315] [main/DEBUG] [mixin/]: MixinPlatformAgentMinecraftForge rejected container ContainerHandleModLauncher.Resource(torohealth-1.16.4-forge-4.jar:/workspaces/Bugs-Node.js/servidor_minecraft/mods/torohealth-1.16.4-forge-4.jar)
[14Apr2025 22:06:58.316] [main/DEBUG] [mixin/]: Instancing new MixinPlatformAgentDefault for ContainerHandleModLauncher.Resource(torohealth-1.16.4-forge-4.jar:/workspaces/Bugs-Node.js/servidor_minecraft/mods/torohealth-1.16.4-forge-4.jar)
[14Apr2025 22:06:58.317] [main/DEBUG] [mixin/]: MixinPlatformAgentDefault accepted container ContainerHandleModLauncher.Resource(torohealth-1.16.4-forge-4.jar:/workspaces/Bugs-Node.js/servidor_minecraft/mods/torohealth-1.16.4-forge-4.jar)
[14Apr2025 22:06:58.317] [main/DEBUG] [mixin/]: Processing prepare() for PlatformAgent[MixinPlatformAgentDefault:ContainerHandleModLauncher.Resource(torohealth-1.16.4-forge-4.jar:/workspaces/Bugs-Node.js/servidor_minecraft/mods/torohealth-1.16.4-forge-4.jar)]
[14Apr2025 22:06:58.318] [main/DEBUG] [mixin/]: Adding mixin platform agents for container ContainerHandleModLauncher.Resource(SpartanShields-1.16.5-2.1.2.jar:/workspaces/Bugs-Node.js/servidor_minecraft/mods/SpartanShields-1.16.5-2.1.2.jar)
[14Apr2025 22:06:58.318] [main/DEBUG] [mixin/]: Instancing new MixinPlatformAgentMinecraftForge for ContainerHandleModLauncher.Resource(SpartanShields-1.16.5-2.1.2.jar:/workspaces/Bugs-Node.js/servidor_minecraft/mods/SpartanShields-1.16.5-2.1.2.jar)
[14Apr2025 22:06:58.318] [main/DEBUG] [mixin/]: MixinPlatformAgentMinecraftForge rejected container ContainerHandleModLauncher.Resource(SpartanShields-1.16.5-2.1.2.jar:/workspaces/Bugs-Node.js/servidor_minecraft/mods/SpartanShields-1.16.5-2.1.2.jar)
[14Apr2025 22:06:58.318] [main/DEBUG] [mixin/]: Instancing new MixinPlatformAgentDefault for ContainerHandleModLauncher.Resource(SpartanShields-1.16.5-2.1.2.jar:/workspaces/Bugs-Node.js/servidor_minecraft/mods/SpartanShields-1.16.5-2.1.2.jar)
[14Apr2025 22:06:58.318] [main/DEBUG] [mixin/]: MixinPlatformAgentDefault accepted container ContainerHandleModLauncher.Resource(SpartanShields-1.16.5-2.1.2.jar:/workspaces/Bugs-Node.js/servidor_minecraft/mods/SpartanShields-1.16.5-2.1.2.jar)
[14Apr2025 22:06:58.318] [main/DEBUG] [mixin/]: Processing prepare() for PlatformAgent[MixinPlatformAgentDefault:ContainerHandleModLauncher.Resource(SpartanShields-1.16.5-2.1.2.jar:/workspaces/Bugs-Node.js/servidor_minecraft/mods/SpartanShields-1.16.5-2.1.2.jar)]
[14Apr2025 22:06:58.318] [main/DEBUG] [mixin/]: Adding mixin platform agents for container ContainerHandleModLauncher.Resource(Xaeros_Minimap_25.2.0_Forge_1.16.5.jar:/workspaces/Bugs-Node.js/servidor_minecraft/mods/Xaeros_Minimap_25.2.0_Forge_1.16.5.jar)
[14Apr2025 22:06:58.319] [main/DEBUG] [mixin/]: Instancing new MixinPlatformAgentMinecraftForge for ContainerHandleModLauncher.Resource(Xaeros_Minimap_25.2.0_Forge_1.16.5.jar:/workspaces/Bugs-Node.js/servidor_minecraft/mods/Xaeros_Minimap_25.2.0_Forge_1.16.5.jar)
[14Apr2025 22:06:58.319] [main/DEBUG] [mixin/]: MixinPlatformAgentMinecraftForge rejected container ContainerHandleModLauncher.Resource(Xaeros_Minimap_25.2.0_Forge_1.16.5.jar:/workspaces/Bugs-Node.js/servidor_minecraft/mods/Xaeros_Minimap_25.2.0_Forge_1.16.5.jar)
[14Apr2025 22:06:58.319] [main/DEBUG] [mixin/]: Instancing new MixinPlatformAgentDefault for ContainerHandleModLauncher.Resource(Xaeros_Minimap_25.2.0_Forge_1.16.5.jar:/workspaces/Bugs-Node.js/servidor_minecraft/mods/Xaeros_Minimap_25.2.0_Forge_1.16.5.jar)
[14Apr2025 22:06:58.320] [main/DEBUG] [mixin/]: MixinPlatformAgentDefault accepted container ContainerHandleModLauncher.Resource(Xaeros_Minimap_25.2.0_Forge_1.16.5.jar:/workspaces/Bugs-Node.js/servidor_minecraft/mods/Xaeros_Minimap_25.2.0_Forge_1.16.5.jar)
[14Apr2025 22:06:58.320] [main/DEBUG] [mixin/]: Processing prepare() for PlatformAgent[MixinPlatformAgentDefault:ContainerHandleModLauncher.Resource(Xaeros_Minimap_25.2.0_Forge_1.16.5.jar:/workspaces/Bugs-Node.js/servidor_minecraft/mods/Xaeros_Minimap_25.2.0_Forge_1.16.5.jar)]
[14Apr2025 22:06:58.320] [main/DEBUG] [mixin/]: Adding mixin platform agents for container ContainerHandleModLauncher.Resource(gravestone-1.16.5-1.0.6.jar:/workspaces/Bugs-Node.js/servidor_minecraft/mods/gravestone-1.16.5-1.0.6.jar)
[14Apr2025 22:06:58.320] [main/DEBUG] [mixin/]: Instancing new MixinPlatformAgentMinecraftForge for ContainerHandleModLauncher.Resource(gravestone-1.16.5-1.0.6.jar:/workspaces/Bugs-Node.js/servidor_minecraft/mods/gravestone-1.16.5-1.0.6.jar)
[14Apr2025 22:06:58.320] [main/DEBUG] [mixin/]: MixinPlatformAgentMinecraftForge rejected container ContainerHandleModLauncher.Resource(gravestone-1.16.5-1.0.6.jar:/workspaces/Bugs-Node.js/servidor_minecraft/mods/gravestone-1.16.5-1.0.6.jar)
[14Apr2025 22:06:58.320] [main/DEBUG] [mixin/]: Instancing new MixinPlatformAgentDefault for ContainerHandleModLauncher.Resource(gravestone-1.16.5-1.0.6.jar:/workspaces/Bugs-Node.js/servidor_minecraft/mods/gravestone-1.16.5-1.0.6.jar)
[14Apr2025 22:06:58.320] [main/DEBUG] [mixin/]: MixinPlatformAgentDefault accepted container ContainerHandleModLauncher.Resource(gravestone-1.16.5-1.0.6.jar:/workspaces/Bugs-Node.js/servidor_minecraft/mods/gravestone-1.16.5-1.0.6.jar)
[14Apr2025 22:06:58.321] [main/DEBUG] [mixin/]: Processing prepare() for PlatformAgent[MixinPlatformAgentDefault:ContainerHandleModLauncher.Resource(gravestone-1.16.5-1.0.6.jar:/workspaces/Bugs-Node.js/servidor_minecraft/mods/gravestone-1.16.5-1.0.6.jar)]
[14Apr2025 22:06:58.321] [main/DEBUG] [mixin/]: Adding mixin platform agents for container ContainerHandleModLauncher.Resource(collective-1.16.5-5.49.jar:/workspaces/Bugs-Node.js/servidor_minecraft/mods/collective-1.16.5-5.49.jar)
[14Apr2025 22:06:58.321] [main/DEBUG] [mixin/]: Instancing new MixinPlatformAgentMinecraftForge for ContainerHandleModLauncher.Resource(collective-1.16.5-5.49.jar:/workspaces/Bugs-Node.js/servidor_minecraft/mods/collective-1.16.5-5.49.jar)
[14Apr2025 22:06:58.321] [main/DEBUG] [mixin/]: MixinPlatformAgentMinecraftForge rejected container ContainerHandleModLauncher.Resource(collective-1.16.5-5.49.jar:/workspaces/Bugs-Node.js/servidor_minecraft/mods/collective-1.16.5-5.49.jar)
[14Apr2025 22:06:58.321] [main/DEBUG] [mixin/]: Instancing new MixinPlatformAgentDefault for ContainerHandleModLauncher.Resource(collective-1.16.5-5.49.jar:/workspaces/Bugs-Node.js/servidor_minecraft/mods/collective-1.16.5-5.49.jar)
[14Apr2025 22:06:58.321] [main/DEBUG] [mixin/]: MixinPlatformAgentDefault accepted container ContainerHandleModLauncher.Resource(collective-1.16.5-5.49.jar:/workspaces/Bugs-Node.js/servidor_minecraft/mods/collective-1.16.5-5.49.jar)
[14Apr2025 22:06:58.321] [main/DEBUG] [mixin/]: Processing prepare() for PlatformAgent[MixinPlatformAgentDefault:ContainerHandleModLauncher.Resource(collective-1.16.5-5.49.jar:/workspaces/Bugs-Node.js/servidor_minecraft/mods/collective-1.16.5-5.49.jar)]
[14Apr2025 22:06:58.321] [main/DEBUG] [mixin/]: Adding mixin platform agents for container ContainerHandleModLauncher.Resource(citadel-1.8.1-1.16.5.jar:/workspaces/Bugs-Node.js/servidor_minecraft/mods/citadel-1.8.1-1.16.5.jar)
[14Apr2025 22:06:58.322] [main/DEBUG] [mixin/]: Instancing new MixinPlatformAgentMinecraftForge for ContainerHandleModLauncher.Resource(citadel-1.8.1-1.16.5.jar:/workspaces/Bugs-Node.js/servidor_minecraft/mods/citadel-1.8.1-1.16.5.jar)
[14Apr2025 22:06:58.322] [main/DEBUG] [mixin/]: MixinPlatformAgentMinecraftForge rejected container ContainerHandleModLauncher.Resource(citadel-1.8.1-1.16.5.jar:/workspaces/Bugs-Node.js/servidor_minecraft/mods/citadel-1.8.1-1.16.5.jar)
[14Apr2025 22:06:58.322] [main/DEBUG] [mixin/]: Instancing new MixinPlatformAgentDefault for ContainerHandleModLauncher.Resource(citadel-1.8.1-1.16.5.jar:/workspaces/Bugs-Node.js/servidor_minecraft/mods/citadel-1.8.1-1.16.5.jar)
[14Apr2025 22:06:58.322] [main/DEBUG] [mixin/]: MixinPlatformAgentDefault accepted container ContainerHandleModLauncher.Resource(citadel-1.8.1-1.16.5.jar:/workspaces/Bugs-Node.js/servidor_minecraft/mods/citadel-1.8.1-1.16.5.jar)
[14Apr2025 22:06:58.322] [main/DEBUG] [mixin/]: Processing prepare() for PlatformAgent[MixinPlatformAgentDefault:ContainerHandleModLauncher.Resource(citadel-1.8.1-1.16.5.jar:/workspaces/Bugs-Node.js/servidor_minecraft/mods/citadel-1.8.1-1.16.5.jar)]
[14Apr2025 22:06:58.322] [main/DEBUG] [mixin/]: Registering mixin config: citadel.mixins.json
[14Apr2025 22:06:58.324] [main/DEBUG] [mixin/]: Adding mixin platform agents for container ContainerHandleModLauncher.Resource(alexsmobs-1.12.1.jar:/workspaces/Bugs-Node.js/servidor_minecraft/mods/alexsmobs-1.12.1.jar)
[14Apr2025 22:06:58.324] [main/DEBUG] [mixin/]: Instancing new MixinPlatformAgentMinecraftForge for ContainerHandleModLauncher.Resource(alexsmobs-1.12.1.jar:/workspaces/Bugs-Node.js/servidor_minecraft/mods/alexsmobs-1.12.1.jar)
[14Apr2025 22:06:58.325] [main/DEBUG] [mixin/]: MixinPlatformAgentMinecraftForge rejected container ContainerHandleModLauncher.Resource(alexsmobs-1.12.1.jar:/workspaces/Bugs-Node.js/servidor_minecraft/mods/alexsmobs-1.12.1.jar)
[14Apr2025 22:06:58.325] [main/DEBUG] [mixin/]: Instancing new MixinPlatformAgentDefault for ContainerHandleModLauncher.Resource(alexsmobs-1.12.1.jar:/workspaces/Bugs-Node.js/servidor_minecraft/mods/alexsmobs-1.12.1.jar)
[14Apr2025 22:06:58.325] [main/DEBUG] [mixin/]: MixinPlatformAgentDefault accepted container ContainerHandleModLauncher.Resource(alexsmobs-1.12.1.jar:/workspaces/Bugs-Node.js/servidor_minecraft/mods/alexsmobs-1.12.1.jar)
[14Apr2025 22:06:58.325] [main/DEBUG] [mixin/]: Processing prepare() for PlatformAgent[MixinPlatformAgentDefault:ContainerHandleModLauncher.Resource(alexsmobs-1.12.1.jar:/workspaces/Bugs-Node.js/servidor_minecraft/mods/alexsmobs-1.12.1.jar)]
[14Apr2025 22:06:58.325] [main/DEBUG] [mixin/]: Adding mixin platform agents for container ContainerHandleModLauncher.Resource(sophisticatedbackpacks-1.16.5-3.15.20.755.jar:/workspaces/Bugs-Node.js/servidor_minecraft/mods/sophisticatedbackpacks-1.16.5-3.15.20.755.jar)
[14Apr2025 22:06:58.325] [main/DEBUG] [mixin/]: Instancing new MixinPlatformAgentMinecraftForge for ContainerHandleModLauncher.Resource(sophisticatedbackpacks-1.16.5-3.15.20.755.jar:/workspaces/Bugs-Node.js/servidor_minecraft/mods/sophisticatedbackpacks-1.16.5-3.15.20.755.jar)
[14Apr2025 22:06:58.326] [main/DEBUG] [mixin/]: MixinPlatformAgentMinecraftForge rejected container ContainerHandleModLauncher.Resource(sophisticatedbackpacks-1.16.5-3.15.20.755.jar:/workspaces/Bugs-Node.js/servidor_minecraft/mods/sophisticatedbackpacks-1.16.5-3.15.20.755.jar)
[14Apr2025 22:06:58.326] [main/DEBUG] [mixin/]: Instancing new MixinPlatformAgentDefault for ContainerHandleModLauncher.Resource(sophisticatedbackpacks-1.16.5-3.15.20.755.jar:/workspaces/Bugs-Node.js/servidor_minecraft/mods/sophisticatedbackpacks-1.16.5-3.15.20.755.jar)
[14Apr2025 22:06:58.326] [main/DEBUG] [mixin/]: MixinPlatformAgentDefault accepted container ContainerHandleModLauncher.Resource(sophisticatedbackpacks-1.16.5-3.15.20.755.jar:/workspaces/Bugs-Node.js/servidor_minecraft/mods/sophisticatedbackpacks-1.16.5-3.15.20.755.jar)
[14Apr2025 22:06:58.326] [main/DEBUG] [mixin/]: Processing prepare() for PlatformAgent[MixinPlatformAgentDefault:ContainerHandleModLauncher.Resource(sophisticatedbackpacks-1.16.5-3.15.20.755.jar:/workspaces/Bugs-Node.js/servidor_minecraft/mods/sophisticatedbackpacks-1.16.5-3.15.20.755.jar)]
[14Apr2025 22:06:58.327] [main/DEBUG] [mixin/]: Adding mixin platform agents for container ContainerHandleModLauncher.Resource(SpartanWeaponry-1.16.5-2.2.0-rc-2.jar:/workspaces/Bugs-Node.js/servidor_minecraft/mods/SpartanWeaponry-1.16.5-2.2.0-rc-2.jar)
[14Apr2025 22:06:58.327] [main/DEBUG] [mixin/]: Instancing new MixinPlatformAgentMinecraftForge for ContainerHandleModLauncher.Resource(SpartanWeaponry-1.16.5-2.2.0-rc-2.jar:/workspaces/Bugs-Node.js/servidor_minecraft/mods/SpartanWeaponry-1.16.5-2.2.0-rc-2.jar)
[14Apr2025 22:06:58.327] [main/DEBUG] [mixin/]: MixinPlatformAgentMinecraftForge rejected container ContainerHandleModLauncher.Resource(SpartanWeaponry-1.16.5-2.2.0-rc-2.jar:/workspaces/Bugs-Node.js/servidor_minecraft/mods/SpartanWeaponry-1.16.5-2.2.0-rc-2.jar)
[14Apr2025 22:06:58.328] [main/DEBUG] [mixin/]: Instancing new MixinPlatformAgentDefault for ContainerHandleModLauncher.Resource(SpartanWeaponry-1.16.5-2.2.0-rc-2.jar:/workspaces/Bugs-Node.js/servidor_minecraft/mods/SpartanWeaponry-1.16.5-2.2.0-rc-2.jar)
[14Apr2025 22:06:58.328] [main/DEBUG] [mixin/]: MixinPlatformAgentDefault accepted container ContainerHandleModLauncher.Resource(SpartanWeaponry-1.16.5-2.2.0-rc-2.jar:/workspaces/Bugs-Node.js/servidor_minecraft/mods/SpartanWeaponry-1.16.5-2.2.0-rc-2.jar)
[14Apr2025 22:06:58.328] [main/DEBUG] [mixin/]: Processing prepare() for PlatformAgent[MixinPlatformAgentDefault:ContainerHandleModLauncher.Resource(SpartanWeaponry-1.16.5-2.2.0-rc-2.jar:/workspaces/Bugs-Node.js/servidor_minecraft/mods/SpartanWeaponry-1.16.5-2.2.0-rc-2.jar)]
[14Apr2025 22:06:58.328] [main/DEBUG] [mixin/]: Registering mixin config: spartanweaponry.mixins.json
[14Apr2025 22:06:58.330] [main/DEBUG] [mixin/]: Adding mixin platform agents for container ContainerHandleModLauncher.Resource(architectury-419699-3857643.jar:/workspaces/Bugs-Node.js/servidor_minecraft/mods/architectury-419699-3857643.jar)
[14Apr2025 22:06:58.331] [main/DEBUG] [mixin/]: Instancing new MixinPlatformAgentMinecraftForge for ContainerHandleModLauncher.Resource(architectury-419699-3857643.jar:/workspaces/Bugs-Node.js/servidor_minecraft/mods/architectury-419699-3857643.jar)
[14Apr2025 22:06:58.331] [main/DEBUG] [mixin/]: MixinPlatformAgentMinecraftForge rejected container ContainerHandleModLauncher.Resource(architectury-419699-3857643.jar:/workspaces/Bugs-Node.js/servidor_minecraft/mods/architectury-419699-3857643.jar)
[14Apr2025 22:06:58.331] [main/DEBUG] [mixin/]: Instancing new MixinPlatformAgentDefault for ContainerHandleModLauncher.Resource(architectury-419699-3857643.jar:/workspaces/Bugs-Node.js/servidor_minecraft/mods/architectury-419699-3857643.jar)
[14Apr2025 22:06:58.331] [main/DEBUG] [mixin/]: MixinPlatformAgentDefault accepted container ContainerHandleModLauncher.Resource(architectury-419699-3857643.jar:/workspaces/Bugs-Node.js/servidor_minecraft/mods/architectury-419699-3857643.jar)
[14Apr2025 22:06:58.331] [main/DEBUG] [mixin/]: Processing prepare() for PlatformAgent[MixinPlatformAgentDefault:ContainerHandleModLauncher.Resource(architectury-419699-3857643.jar:/workspaces/Bugs-Node.js/servidor_minecraft/mods/architectury-419699-3857643.jar)]
[14Apr2025 22:06:58.332] [main/DEBUG] [mixin/]: Registering mixin config: architectury.mixins.json
[14Apr2025 22:06:58.333] [main/DEBUG] [mixin/]: Registering mixin config: architectury-common.mixins.json
[14Apr2025 22:06:58.335] [main/DEBUG] [mixin/]: Adding mixin platform agents for container ContainerHandleModLauncher.Resource(cloth-config-forge-4.16.91.jar:/workspaces/Bugs-Node.js/servidor_minecraft/mods/cloth-config-forge-4.16.91.jar)
[14Apr2025 22:06:58.335] [main/DEBUG] [mixin/]: Instancing new MixinPlatformAgentMinecraftForge for ContainerHandleModLauncher.Resource(cloth-config-forge-4.16.91.jar:/workspaces/Bugs-Node.js/servidor_minecraft/mods/cloth-config-forge-4.16.91.jar)
[14Apr2025 22:06:58.335] [main/DEBUG] [mixin/]: MixinPlatformAgentMinecraftForge rejected container ContainerHandleModLauncher.Resource(cloth-config-forge-4.16.91.jar:/workspaces/Bugs-Node.js/servidor_minecraft/mods/cloth-config-forge-4.16.91.jar)
[14Apr2025 22:06:58.336] [main/DEBUG] [mixin/]: Instancing new MixinPlatformAgentDefault for ContainerHandleModLauncher.Resource(cloth-config-forge-4.16.91.jar:/workspaces/Bugs-Node.js/servidor_minecraft/mods/cloth-config-forge-4.16.91.jar)
[14Apr2025 22:06:58.336] [main/DEBUG] [mixin/]: MixinPlatformAgentDefault accepted container ContainerHandleModLauncher.Resource(cloth-config-forge-4.16.91.jar:/workspaces/Bugs-Node.js/servidor_minecraft/mods/cloth-config-forge-4.16.91.jar)
[14Apr2025 22:06:58.336] [main/DEBUG] [mixin/]: Processing prepare() for PlatformAgent[MixinPlatformAgentDefault:ContainerHandleModLauncher.Resource(cloth-config-forge-4.16.91.jar:/workspaces/Bugs-Node.js/servidor_minecraft/mods/cloth-config-forge-4.16.91.jar)]
[14Apr2025 22:06:58.336] [main/DEBUG] [mixin/]: Adding mixin platform agents for container ContainerHandleModLauncher.Resource(carryon-1.16.5-1.15.6.24.jar:/workspaces/Bugs-Node.js/servidor_minecraft/mods/carryon-1.16.5-1.15.6.24.jar)
[14Apr2025 22:06:58.336] [main/DEBUG] [mixin/]: Instancing new MixinPlatformAgentMinecraftForge for ContainerHandleModLauncher.Resource(carryon-1.16.5-1.15.6.24.jar:/workspaces/Bugs-Node.js/servidor_minecraft/mods/carryon-1.16.5-1.15.6.24.jar)
[14Apr2025 22:06:58.337] [main/DEBUG] [mixin/]: MixinPlatformAgentMinecraftForge rejected container ContainerHandleModLauncher.Resource(carryon-1.16.5-1.15.6.24.jar:/workspaces/Bugs-Node.js/servidor_minecraft/mods/carryon-1.16.5-1.15.6.24.jar)
[14Apr2025 22:06:58.337] [main/DEBUG] [mixin/]: Instancing new MixinPlatformAgentDefault for ContainerHandleModLauncher.Resource(carryon-1.16.5-1.15.6.24.jar:/workspaces/Bugs-Node.js/servidor_minecraft/mods/carryon-1.16.5-1.15.6.24.jar)
[14Apr2025 22:06:58.337] [main/DEBUG] [mixin/]: MixinPlatformAgentDefault accepted container ContainerHandleModLauncher.Resource(carryon-1.16.5-1.15.6.24.jar:/workspaces/Bugs-Node.js/servidor_minecraft/mods/carryon-1.16.5-1.15.6.24.jar)
[14Apr2025 22:06:58.337] [main/DEBUG] [mixin/]: Processing prepare() for PlatformAgent[MixinPlatformAgentDefault:ContainerHandleModLauncher.Resource(carryon-1.16.5-1.15.6.24.jar:/workspaces/Bugs-Node.js/servidor_minecraft/mods/carryon-1.16.5-1.15.6.24.jar)]
[14Apr2025 22:06:58.337] [main/DEBUG] [mixin/]: Adding mixin platform agents for container ContainerHandleModLauncher.Resource(AncientGuns_3.2_1.16.4.jar:/workspaces/Bugs-Node.js/servidor_minecraft/mods/AncientGuns_3.2_1.16.4.jar)
[14Apr2025 22:06:58.337] [main/DEBUG] [mixin/]: Instancing new MixinPlatformAgentMinecraftForge for ContainerHandleModLauncher.Resource(AncientGuns_3.2_1.16.4.jar:/workspaces/Bugs-Node.js/servidor_minecraft/mods/AncientGuns_3.2_1.16.4.jar)
[14Apr2025 22:06:58.337] [main/DEBUG] [mixin/]: MixinPlatformAgentMinecraftForge rejected container ContainerHandleModLauncher.Resource(AncientGuns_3.2_1.16.4.jar:/workspaces/Bugs-Node.js/servidor_minecraft/mods/AncientGuns_3.2_1.16.4.jar)
[14Apr2025 22:06:58.337] [main/DEBUG] [mixin/]: Instancing new MixinPlatformAgentDefault for ContainerHandleModLauncher.Resource(AncientGuns_3.2_1.16.4.jar:/workspaces/Bugs-Node.js/servidor_minecraft/mods/AncientGuns_3.2_1.16.4.jar)
[14Apr2025 22:06:58.338] [main/DEBUG] [mixin/]: MixinPlatformAgentDefault accepted container ContainerHandleModLauncher.Resource(AncientGuns_3.2_1.16.4.jar:/workspaces/Bugs-Node.js/servidor_minecraft/mods/AncientGuns_3.2_1.16.4.jar)
[14Apr2025 22:06:58.338] [main/DEBUG] [mixin/]: Processing prepare() for PlatformAgent[MixinPlatformAgentDefault:ContainerHandleModLauncher.Resource(AncientGuns_3.2_1.16.4.jar:/workspaces/Bugs-Node.js/servidor_minecraft/mods/AncientGuns_3.2_1.16.4.jar)]
[14Apr2025 22:06:58.338] [main/DEBUG] [mixin/]: Adding mixin platform agents for container ContainerHandleModLauncher.Resource(valkyrienskies-116-2.0.0-alpha6.jar:/workspaces/Bugs-Node.js/servidor_minecraft/mods/valkyrienskies-116-2.0.0-alpha6.jar)
[14Apr2025 22:06:58.338] [main/DEBUG] [mixin/]: Instancing new MixinPlatformAgentMinecraftForge for ContainerHandleModLauncher.Resource(valkyrienskies-116-2.0.0-alpha6.jar:/workspaces/Bugs-Node.js/servidor_minecraft/mods/valkyrienskies-116-2.0.0-alpha6.jar)
[14Apr2025 22:06:58.338] [main/DEBUG] [mixin/]: MixinPlatformAgentMinecraftForge rejected container ContainerHandleModLauncher.Resource(valkyrienskies-116-2.0.0-alpha6.jar:/workspaces/Bugs-Node.js/servidor_minecraft/mods/valkyrienskies-116-2.0.0-alpha6.jar)
[14Apr2025 22:06:58.339] [main/DEBUG] [mixin/]: Instancing new MixinPlatformAgentDefault for ContainerHandleModLauncher.Resource(valkyrienskies-116-2.0.0-alpha6.jar:/workspaces/Bugs-Node.js/servidor_minecraft/mods/valkyrienskies-116-2.0.0-alpha6.jar)
[14Apr2025 22:06:58.339] [main/DEBUG] [mixin/]: MixinPlatformAgentDefault accepted container ContainerHandleModLauncher.Resource(valkyrienskies-116-2.0.0-alpha6.jar:/workspaces/Bugs-Node.js/servidor_minecraft/mods/valkyrienskies-116-2.0.0-alpha6.jar)
[14Apr2025 22:06:58.339] [main/DEBUG] [mixin/]: Processing prepare() for PlatformAgent[MixinPlatformAgentDefault:ContainerHandleModLauncher.Resource(valkyrienskies-116-2.0.0-alpha6.jar:/workspaces/Bugs-Node.js/servidor_minecraft/mods/valkyrienskies-116-2.0.0-alpha6.jar)]
[14Apr2025 22:06:58.339] [main/DEBUG] [mixin/]: Registering mixin config: valkyrienskies-common.mixins.json
[14Apr2025 22:06:58.341] [main/DEBUG] [mixin/]: Registering mixin config: valkyrienskies-forge.mixins.json
[14Apr2025 22:06:58.343] [main/DEBUG] [mixin/]: Adding mixin platform agents for container ContainerHandleModLauncher.Resource(eureka-1.0.0-alpha7.jar:/workspaces/Bugs-Node.js/servidor_minecraft/mods/eureka-1.0.0-alpha7.jar)
[14Apr2025 22:06:58.343] [main/DEBUG] [mixin/]: Instancing new MixinPlatformAgentMinecraftForge for ContainerHandleModLauncher.Resource(eureka-1.0.0-alpha7.jar:/workspaces/Bugs-Node.js/servidor_minecraft/mods/eureka-1.0.0-alpha7.jar)
[14Apr2025 22:06:58.343] [main/DEBUG] [mixin/]: MixinPlatformAgentMinecraftForge rejected container ContainerHandleModLauncher.Resource(eureka-1.0.0-alpha7.jar:/workspaces/Bugs-Node.js/servidor_minecraft/mods/eureka-1.0.0-alpha7.jar)
[14Apr2025 22:06:58.344] [main/DEBUG] [mixin/]: Instancing new MixinPlatformAgentDefault for ContainerHandleModLauncher.Resource(eureka-1.0.0-alpha7.jar:/workspaces/Bugs-Node.js/servidor_minecraft/mods/eureka-1.0.0-alpha7.jar)
[14Apr2025 22:06:58.344] [main/DEBUG] [mixin/]: MixinPlatformAgentDefault accepted container ContainerHandleModLauncher.Resource(eureka-1.0.0-alpha7.jar:/workspaces/Bugs-Node.js/servidor_minecraft/mods/eureka-1.0.0-alpha7.jar)
[14Apr2025 22:06:58.344] [main/DEBUG] [mixin/]: Processing prepare() for PlatformAgent[MixinPlatformAgentDefault:ContainerHandleModLauncher.Resource(eureka-1.0.0-alpha7.jar:/workspaces/Bugs-Node.js/servidor_minecraft/mods/eureka-1.0.0-alpha7.jar)]
[14Apr2025 22:06:58.344] [main/DEBUG] [mixin/]: Registering mixin config: vs_eureka.mixins.json
[14Apr2025 22:06:58.346] [main/DEBUG] [mixin/]: Registering mixin config: vs_eureka-common.mixins.json
[14Apr2025 22:06:58.347] [main/DEBUG] [mixin/]: Adding mixin platform agents for container ContainerHandleModLauncher.Resource(forge-1.16.5-36.2.42-universal.jar:/workspaces/Bugs-Node.js/servidor_minecraft/libraries/net/minecraftforge/forge/1.16.5-36.2.42/forge-1.16.5-36.2.42-universal.jar)
[14Apr2025 22:06:58.348] [main/DEBUG] [mixin/]: Instancing new MixinPlatformAgentMinecraftForge for ContainerHandleModLauncher.Resource(forge-1.16.5-36.2.42-universal.jar:/workspaces/Bugs-Node.js/servidor_minecraft/libraries/net/minecraftforge/forge/1.16.5-36.2.42/forge-1.16.5-36.2.42-universal.jar)
[14Apr2025 22:06:58.348] [main/DEBUG] [mixin/]: MixinPlatformAgentMinecraftForge rejected container ContainerHandleModLauncher.Resource(forge-1.16.5-36.2.42-universal.jar:/workspaces/Bugs-Node.js/servidor_minecraft/libraries/net/minecraftforge/forge/1.16.5-36.2.42/forge-1.16.5-36.2.42-universal.jar)
[14Apr2025 22:06:58.348] [main/DEBUG] [mixin/]: Instancing new MixinPlatformAgentDefault for ContainerHandleModLauncher.Resource(forge-1.16.5-36.2.42-universal.jar:/workspaces/Bugs-Node.js/servidor_minecraft/libraries/net/minecraftforge/forge/1.16.5-36.2.42/forge-1.16.5-36.2.42-universal.jar)
[14Apr2025 22:06:58.348] [main/DEBUG] [mixin/]: MixinPlatformAgentDefault accepted container ContainerHandleModLauncher.Resource(forge-1.16.5-36.2.42-universal.jar:/workspaces/Bugs-Node.js/servidor_minecraft/libraries/net/minecraftforge/forge/1.16.5-36.2.42/forge-1.16.5-36.2.42-universal.jar)
[14Apr2025 22:06:58.348] [main/DEBUG] [mixin/]: Processing prepare() for PlatformAgent[MixinPlatformAgentDefault:ContainerHandleModLauncher.Resource(forge-1.16.5-36.2.42-universal.jar:/workspaces/Bugs-Node.js/servidor_minecraft/libraries/net/minecraftforge/forge/1.16.5-36.2.42/forge-1.16.5-36.2.42-universal.jar)]
[14Apr2025 22:06:58.348] [main/DEBUG] [mixin/]: Adding mixin platform agents for container ContainerHandleModLauncher.Resource(FastLeafDecay-v25.2.jar:/workspaces/Bugs-Node.js/servidor_minecraft/mods/FastLeafDecay-v25.2.jar)
[14Apr2025 22:06:58.348] [main/DEBUG] [mixin/]: Instancing new MixinPlatformAgentMinecraftForge for ContainerHandleModLauncher.Resource(FastLeafDecay-v25.2.jar:/workspaces/Bugs-Node.js/servidor_minecraft/mods/FastLeafDecay-v25.2.jar)
[14Apr2025 22:06:58.349] [main/DEBUG] [mixin/]: MixinPlatformAgentMinecraftForge rejected container ContainerHandleModLauncher.Resource(FastLeafDecay-v25.2.jar:/workspaces/Bugs-Node.js/servidor_minecraft/mods/FastLeafDecay-v25.2.jar)
[14Apr2025 22:06:58.349] [main/DEBUG] [mixin/]: Instancing new MixinPlatformAgentDefault for ContainerHandleModLauncher.Resource(FastLeafDecay-v25.2.jar:/workspaces/Bugs-Node.js/servidor_minecraft/mods/FastLeafDecay-v25.2.jar)
[14Apr2025 22:06:58.349] [main/DEBUG] [mixin/]: MixinPlatformAgentDefault accepted container ContainerHandleModLauncher.Resource(FastLeafDecay-v25.2.jar:/workspaces/Bugs-Node.js/servidor_minecraft/mods/FastLeafDecay-v25.2.jar)
[14Apr2025 22:06:58.349] [main/DEBUG] [mixin/]: Processing prepare() for PlatformAgent[MixinPlatformAgentDefault:ContainerHandleModLauncher.Resource(FastLeafDecay-v25.2.jar:/workspaces/Bugs-Node.js/servidor_minecraft/mods/FastLeafDecay-v25.2.jar)]
[14Apr2025 22:06:58.349] [main/DEBUG] [mixin/]: Adding mixin platform agents for container ContainerHandleModLauncher.Resource(valhelsia_core-16.0.15.jar:/workspaces/Bugs-Node.js/servidor_minecraft/mods/valhelsia_core-16.0.15.jar)
[14Apr2025 22:06:58.349] [main/DEBUG] [mixin/]: Instancing new MixinPlatformAgentMinecraftForge for ContainerHandleModLauncher.Resource(valhelsia_core-16.0.15.jar:/workspaces/Bugs-Node.js/servidor_minecraft/mods/valhelsia_core-16.0.15.jar)
[14Apr2025 22:06:58.349] [main/DEBUG] [mixin/]: MixinPlatformAgentMinecraftForge rejected container ContainerHandleModLauncher.Resource(valhelsia_core-16.0.15.jar:/workspaces/Bugs-Node.js/servidor_minecraft/mods/valhelsia_core-16.0.15.jar)
[14Apr2025 22:06:58.349] [main/DEBUG] [mixin/]: Instancing new MixinPlatformAgentDefault for ContainerHandleModLauncher.Resource(valhelsia_core-16.0.15.jar:/workspaces/Bugs-Node.js/servidor_minecraft/mods/valhelsia_core-16.0.15.jar)
[14Apr2025 22:06:58.350] [main/DEBUG] [mixin/]: MixinPlatformAgentDefault accepted container ContainerHandleModLauncher.Resource(valhelsia_core-16.0.15.jar:/workspaces/Bugs-Node.js/servidor_minecraft/mods/valhelsia_core-16.0.15.jar)
[14Apr2025 22:06:58.350] [main/DEBUG] [mixin/]: Processing prepare() for PlatformAgent[MixinPlatformAgentDefault:ContainerHandleModLauncher.Resource(valhelsia_core-16.0.15.jar:/workspaces/Bugs-Node.js/servidor_minecraft/mods/valhelsia_core-16.0.15.jar)]
[14Apr2025 22:06:58.350] [main/DEBUG] [mixin/]: Registering mixin config: valhelsia_core.mixins.json
[14Apr2025 22:06:58.352] [main/DEBUG] [mixin/]: Adding mixin platform agents for container ContainerHandleModLauncher.Resource(valhelsia_structures-1.16.5-0.1.6.jar:/workspaces/Bugs-Node.js/servidor_minecraft/mods/valhelsia_structures-1.16.5-0.1.6.jar)
[14Apr2025 22:06:58.352] [main/DEBUG] [mixin/]: Instancing new MixinPlatformAgentMinecraftForge for ContainerHandleModLauncher.Resource(valhelsia_structures-1.16.5-0.1.6.jar:/workspaces/Bugs-Node.js/servidor_minecraft/mods/valhelsia_structures-1.16.5-0.1.6.jar)
[14Apr2025 22:06:58.352] [main/DEBUG] [mixin/]: MixinPlatformAgentMinecraftForge rejected container ContainerHandleModLauncher.Resource(valhelsia_structures-1.16.5-0.1.6.jar:/workspaces/Bugs-Node.js/servidor_minecraft/mods/valhelsia_structures-1.16.5-0.1.6.jar)
[14Apr2025 22:06:58.352] [main/DEBUG] [mixin/]: Instancing new MixinPlatformAgentDefault for ContainerHandleModLauncher.Resource(valhelsia_structures-1.16.5-0.1.6.jar:/workspaces/Bugs-Node.js/servidor_minecraft/mods/valhelsia_structures-1.16.5-0.1.6.jar)
[14Apr2025 22:06:58.352] [main/DEBUG] [mixin/]: MixinPlatformAgentDefault accepted container ContainerHandleModLauncher.Resource(valhelsia_structures-1.16.5-0.1.6.jar:/workspaces/Bugs-Node.js/servidor_minecraft/mods/valhelsia_structures-1.16.5-0.1.6.jar)
[14Apr2025 22:06:58.352] [main/DEBUG] [mixin/]: Processing prepare() for PlatformAgent[MixinPlatformAgentDefault:ContainerHandleModLauncher.Resource(valhelsia_structures-1.16.5-0.1.6.jar:/workspaces/Bugs-Node.js/servidor_minecraft/mods/valhelsia_structures-1.16.5-0.1.6.jar)]
[14Apr2025 22:06:58.353] [main/DEBUG] [mixin/]: Registering mixin config: valhelsia_structures.mixins.json
[14Apr2025 22:06:58.354] [main/DEBUG] [mixin/]: Adding mixin platform agents for container ContainerHandleModLauncher.Resource(geckolib-forge-1.16.5-3.0.106.jar:/workspaces/Bugs-Node.js/servidor_minecraft/mods/geckolib-forge-1.16.5-3.0.106.jar)
[14Apr2025 22:06:58.354] [main/DEBUG] [mixin/]: Instancing new MixinPlatformAgentMinecraftForge for ContainerHandleModLauncher.Resource(geckolib-forge-1.16.5-3.0.106.jar:/workspaces/Bugs-Node.js/servidor_minecraft/mods/geckolib-forge-1.16.5-3.0.106.jar)
[14Apr2025 22:06:58.354] [main/DEBUG] [mixin/]: MixinPlatformAgentMinecraftForge rejected container ContainerHandleModLauncher.Resource(geckolib-forge-1.16.5-3.0.106.jar:/workspaces/Bugs-Node.js/servidor_minecraft/mods/geckolib-forge-1.16.5-3.0.106.jar)
[14Apr2025 22:06:58.355] [main/DEBUG] [mixin/]: Instancing new MixinPlatformAgentDefault for ContainerHandleModLauncher.Resource(geckolib-forge-1.16.5-3.0.106.jar:/workspaces/Bugs-Node.js/servidor_minecraft/mods/geckolib-forge-1.16.5-3.0.106.jar)
[14Apr2025 22:06:58.355] [main/DEBUG] [mixin/]: MixinPlatformAgentDefault accepted container ContainerHandleModLauncher.Resource(geckolib-forge-1.16.5-3.0.106.jar:/workspaces/Bugs-Node.js/servidor_minecraft/mods/geckolib-forge-1.16.5-3.0.106.jar)
[14Apr2025 22:06:58.355] [main/DEBUG] [mixin/]: Processing prepare() for PlatformAgent[MixinPlatformAgentDefault:ContainerHandleModLauncher.Resource(geckolib-forge-1.16.5-3.0.106.jar:/workspaces/Bugs-Node.js/servidor_minecraft/mods/geckolib-forge-1.16.5-3.0.106.jar)]
[14Apr2025 22:06:58.355] [main/DEBUG] [mixin/]: Adding mixin platform agents for container ContainerHandleModLauncher.Resource(replantingcrops_1.16.5-4.1.jar:/workspaces/Bugs-Node.js/servidor_minecraft/mods/replantingcrops_1.16.5-4.1.jar)
[14Apr2025 22:06:58.356] [main/DEBUG] [mixin/]: Instancing new MixinPlatformAgentMinecraftForge for ContainerHandleModLauncher.Resource(replantingcrops_1.16.5-4.1.jar:/workspaces/Bugs-Node.js/servidor_minecraft/mods/replantingcrops_1.16.5-4.1.jar)
[14Apr2025 22:06:58.356] [main/DEBUG] [mixin/]: MixinPlatformAgentMinecraftForge rejected container ContainerHandleModLauncher.Resource(replantingcrops_1.16.5-4.1.jar:/workspaces/Bugs-Node.js/servidor_minecraft/mods/replantingcrops_1.16.5-4.1.jar)
[14Apr2025 22:06:58.356] [main/DEBUG] [mixin/]: Instancing new MixinPlatformAgentDefault for ContainerHandleModLauncher.Resource(replantingcrops_1.16.5-4.1.jar:/workspaces/Bugs-Node.js/servidor_minecraft/mods/replantingcrops_1.16.5-4.1.jar)
[14Apr2025 22:06:58.356] [main/DEBUG] [mixin/]: MixinPlatformAgentDefault accepted container ContainerHandleModLauncher.Resource(replantingcrops_1.16.5-4.1.jar:/workspaces/Bugs-Node.js/servidor_minecraft/mods/replantingcrops_1.16.5-4.1.jar)
[14Apr2025 22:06:58.356] [main/DEBUG] [mixin/]: Processing prepare() for PlatformAgent[MixinPlatformAgentDefault:ContainerHandleModLauncher.Resource(replantingcrops_1.16.5-4.1.jar:/workspaces/Bugs-Node.js/servidor_minecraft/mods/replantingcrops_1.16.5-4.1.jar)]
[14Apr2025 22:06:58.356] [main/DEBUG] [mixin/]: Registering mixin config: replantingcrops.mixins.json
[14Apr2025 22:06:58.358] [main/DEBUG] [mixin/]: inject() running with 27 agents
[14Apr2025 22:06:58.358] [main/DEBUG] [mixin/]: Processing inject() for PlatformAgent[MixinPlatformAgentDefault:ModLauncher Root Container(ModLauncher:4f56a0a2)]
[14Apr2025 22:06:58.358] [main/DEBUG] [mixin/]: Processing inject() for PlatformAgent[MixinPlatformAgentDefault:ContainerHandleModLauncher.Resource(forge-1.16.5-36.2.42-server.jar:/workspaces/Bugs-Node.js/servidor_minecraft/libraries/net/minecraftforge/forge/1.16.5-36.2.42/forge-1.16.5-36.2.42-server.jar)]
[14Apr2025 22:06:58.358] [main/DEBUG] [mixin/]: Processing inject() for PlatformAgent[MixinPlatformAgentDefault:ContainerHandleModLauncher.Resource(mine-mine-no-mi-1.16.5-0.9.5.jar:/workspaces/Bugs-Node.js/servidor_minecraft/mods/mine-mine-no-mi-1.16.5-0.9.5.jar)]
[14Apr2025 22:06:58.358] [main/DEBUG] [mixin/]: Processing inject() for PlatformAgent[MixinPlatformAgentDefault:ContainerHandleModLauncher.Resource(motrs-BETA-0.0.1.jar:/workspaces/Bugs-Node.js/servidor_minecraft/mods/motrs-BETA-0.0.1.jar)]
[14Apr2025 22:06:58.358] [main/DEBUG] [mixin/]: Processing inject() for PlatformAgent[MixinPlatformAgentDefault:ContainerHandleModLauncher.Resource(Pirates_And_Looters_Kraken_Update.jar:/workspaces/Bugs-Node.js/servidor_minecraft/mods/Pirates_And_Looters_Kraken_Update.jar)]
[14Apr2025 22:06:58.359] [main/DEBUG] [mixin/]: Processing inject() for PlatformAgent[MixinPlatformAgentDefault:ContainerHandleModLauncher.Resource(jei-1.16.5-7.8.0.1009.jar:/workspaces/Bugs-Node.js/servidor_minecraft/mods/jei-1.16.5-7.8.0.1009.jar)]
[14Apr2025 22:06:58.359] [main/DEBUG] [mixin/]: Processing inject() for PlatformAgent[MixinPlatformAgentDefault:ContainerHandleModLauncher.Resource(torohealth-1.16.4-forge-4.jar:/workspaces/Bugs-Node.js/servidor_minecraft/mods/torohealth-1.16.4-forge-4.jar)]
[14Apr2025 22:06:58.359] [main/DEBUG] [mixin/]: Processing inject() for PlatformAgent[MixinPlatformAgentDefault:ContainerHandleModLauncher.Resource(SpartanShields-1.16.5-2.1.2.jar:/workspaces/Bugs-Node.js/servidor_minecraft/mods/SpartanShields-1.16.5-2.1.2.jar)]
[14Apr2025 22:06:58.359] [main/DEBUG] [mixin/]: Processing inject() for PlatformAgent[MixinPlatformAgentDefault:ContainerHandleModLauncher.Resource(Xaeros_Minimap_25.2.0_Forge_1.16.5.jar:/workspaces/Bugs-Node.js/servidor_minecraft/mods/Xaeros_Minimap_25.2.0_Forge_1.16.5.jar)]
[14Apr2025 22:06:58.360] [main/DEBUG] [mixin/]: Processing inject() for PlatformAgent[MixinPlatformAgentDefault:ContainerHandleModLauncher.Resource(gravestone-1.16.5-1.0.6.jar:/workspaces/Bugs-Node.js/servidor_minecraft/mods/gravestone-1.16.5-1.0.6.jar)]
[14Apr2025 22:06:58.360] [main/DEBUG] [mixin/]: Processing inject() for PlatformAgent[MixinPlatformAgentDefault:ContainerHandleModLauncher.Resource(collective-1.16.5-5.49.jar:/workspaces/Bugs-Node.js/servidor_minecraft/mods/collective-1.16.5-5.49.jar)]
[14Apr2025 22:06:58.360] [main/DEBUG] [mixin/]: Processing inject() for PlatformAgent[MixinPlatformAgentDefault:ContainerHandleModLauncher.Resource(citadel-1.8.1-1.16.5.jar:/workspaces/Bugs-Node.js/servidor_minecraft/mods/citadel-1.8.1-1.16.5.jar)]
[14Apr2025 22:06:58.360] [main/DEBUG] [mixin/]: Processing inject() for PlatformAgent[MixinPlatformAgentDefault:ContainerHandleModLauncher.Resource(alexsmobs-1.12.1.jar:/workspaces/Bugs-Node.js/servidor_minecraft/mods/alexsmobs-1.12.1.jar)]
[14Apr2025 22:06:58.360] [main/DEBUG] [mixin/]: Processing inject() for PlatformAgent[MixinPlatformAgentDefault:ContainerHandleModLauncher.Resource(sophisticatedbackpacks-1.16.5-3.15.20.755.jar:/workspaces/Bugs-Node.js/servidor_minecraft/mods/sophisticatedbackpacks-1.16.5-3.15.20.755.jar)]
[14Apr2025 22:06:58.361] [main/DEBUG] [mixin/]: Processing inject() for PlatformAgent[MixinPlatformAgentDefault:ContainerHandleModLauncher.Resource(SpartanWeaponry-1.16.5-2.2.0-rc-2.jar:/workspaces/Bugs-Node.js/servidor_minecraft/mods/SpartanWeaponry-1.16.5-2.2.0-rc-2.jar)]
[14Apr2025 22:06:58.361] [main/DEBUG] [mixin/]: Processing inject() for PlatformAgent[MixinPlatformAgentDefault:ContainerHandleModLauncher.Resource(architectury-419699-3857643.jar:/workspaces/Bugs-Node.js/servidor_minecraft/mods/architectury-419699-3857643.jar)]
[14Apr2025 22:06:58.361] [main/DEBUG] [mixin/]: Processing inject() for PlatformAgent[MixinPlatformAgentDefault:ContainerHandleModLauncher.Resource(cloth-config-forge-4.16.91.jar:/workspaces/Bugs-Node.js/servidor_minecraft/mods/cloth-config-forge-4.16.91.jar)]
[14Apr2025 22:06:58.361] [main/DEBUG] [mixin/]: Processing inject() for PlatformAgent[MixinPlatformAgentDefault:ContainerHandleModLauncher.Resource(carryon-1.16.5-1.15.6.24.jar:/workspaces/Bugs-Node.js/servidor_minecraft/mods/carryon-1.16.5-1.15.6.24.jar)]
[14Apr2025 22:06:58.362] [main/DEBUG] [mixin/]: Processing inject() for PlatformAgent[MixinPlatformAgentDefault:ContainerHandleModLauncher.Resource(AncientGuns_3.2_1.16.4.jar:/workspaces/Bugs-Node.js/servidor_minecraft/mods/AncientGuns_3.2_1.16.4.jar)]
[14Apr2025 22:06:58.362] [main/DEBUG] [mixin/]: Processing inject() for PlatformAgent[MixinPlatformAgentDefault:ContainerHandleModLauncher.Resource(valkyrienskies-116-2.0.0-alpha6.jar:/workspaces/Bugs-Node.js/servidor_minecraft/mods/valkyrienskies-116-2.0.0-alpha6.jar)]
[14Apr2025 22:06:58.362] [main/DEBUG] [mixin/]: Processing inject() for PlatformAgent[MixinPlatformAgentDefault:ContainerHandleModLauncher.Resource(eureka-1.0.0-alpha7.jar:/workspaces/Bugs-Node.js/servidor_minecraft/mods/eureka-1.0.0-alpha7.jar)]
[14Apr2025 22:06:58.362] [main/DEBUG] [mixin/]: Processing inject() for PlatformAgent[MixinPlatformAgentDefault:ContainerHandleModLauncher.Resource(forge-1.16.5-36.2.42-universal.jar:/workspaces/Bugs-Node.js/servidor_minecraft/libraries/net/minecraftforge/forge/1.16.5-36.2.42/forge-1.16.5-36.2.42-universal.jar)]
[14Apr2025 22:06:58.363] [main/DEBUG] [mixin/]: Processing inject() for PlatformAgent[MixinPlatformAgentDefault:ContainerHandleModLauncher.Resource(FastLeafDecay-v25.2.jar:/workspaces/Bugs-Node.js/servidor_minecraft/mods/FastLeafDecay-v25.2.jar)]
[14Apr2025 22:06:58.363] [main/DEBUG] [mixin/]: Processing inject() for PlatformAgent[MixinPlatformAgentDefault:ContainerHandleModLauncher.Resource(valhelsia_core-16.0.15.jar:/workspaces/Bugs-Node.js/servidor_minecraft/mods/valhelsia_core-16.0.15.jar)]
[14Apr2025 22:06:58.363] [main/DEBUG] [mixin/]: Processing inject() for PlatformAgent[MixinPlatformAgentDefault:ContainerHandleModLauncher.Resource(valhelsia_structures-1.16.5-0.1.6.jar:/workspaces/Bugs-Node.js/servidor_minecraft/mods/valhelsia_structures-1.16.5-0.1.6.jar)]
[14Apr2025 22:06:58.363] [main/DEBUG] [mixin/]: Processing inject() for PlatformAgent[MixinPlatformAgentDefault:ContainerHandleModLauncher.Resource(geckolib-forge-1.16.5-3.0.106.jar:/workspaces/Bugs-Node.js/servidor_minecraft/mods/geckolib-forge-1.16.5-3.0.106.jar)]
[14Apr2025 22:06:58.363] [main/DEBUG] [mixin/]: Processing inject() for PlatformAgent[MixinPlatformAgentDefault:ContainerHandleModLauncher.Resource(replantingcrops_1.16.5-4.1.jar:/workspaces/Bugs-Node.js/servidor_minecraft/mods/replantingcrops_1.16.5-4.1.jar)]
[14Apr2025 22:06:58.364] [main/INFO] [cpw.mods.modlauncher.LaunchServiceHandler/MODLAUNCHER]: Launching target 'fmlserver' with arguments [--gameDir, ., nogui]
[14Apr2025 22:06:58.403] [main/DEBUG] [mixin/]: Error cleaning class output directory: .mixin.out
[14Apr2025 22:06:58.407] [main/DEBUG] [mixin/]: Preparing mixins for MixinEnvironment[DEFAULT]
[14Apr2025 22:06:58.407] [main/DEBUG] [mixin/]: Selecting config mine-mine-no-mi.mixins.json
[14Apr2025 22:06:58.412] [main/DEBUG] [mixin/]: Selecting config citadel.mixins.json
[14Apr2025 22:06:58.413] [main/DEBUG] [mixin/]: Selecting config spartanweaponry.mixins.json
[14Apr2025 22:06:58.414] [main/DEBUG] [mixin/]: Selecting config architectury.mixins.json
[14Apr2025 22:06:58.433] [main/DEBUG] [mixin/]: Selecting config architectury-common.mixins.json
[14Apr2025 22:06:58.434] [main/DEBUG] [mixin/]: Selecting config valkyrienskies-common.mixins.json
[14Apr2025 22:06:58.463] [main/DEBUG] [mixin/]: Registering new injector for @Inject with org.spongepowered.asm.mixin.injection.struct.CallbackInjectionInfo
[14Apr2025 22:06:58.465] [main/DEBUG] [mixin/]: Registering new injector for @ModifyArg with org.spongepowered.asm.mixin.injection.struct.ModifyArgInjectionInfo
[14Apr2025 22:06:58.468] [main/DEBUG] [mixin/]: Registering new injector for @ModifyArgs with org.spongepowered.asm.mixin.injection.struct.ModifyArgsInjectionInfo
[14Apr2025 22:06:58.469] [main/DEBUG] [mixin/]: Registering new injector for @Redirect with org.spongepowered.asm.mixin.injection.struct.RedirectInjectionInfo
[14Apr2025 22:06:58.470] [main/DEBUG] [mixin/]: Registering new injector for @ModifyVariable with org.spongepowered.asm.mixin.injection.struct.ModifyVariableInjectionInfo
[14Apr2025 22:06:58.471] [main/DEBUG] [mixin/]: Registering new injector for @ModifyConstant with org.spongepowered.asm.mixin.injection.struct.ModifyConstantInjectionInfo
[14Apr2025 22:06:58.479] [main/DEBUG] [mixin/]: Registering new injector for @ModifyExpressionValue with com.llamalad7.mixinextras.injector.ModifyExpressionValueInjectionInfo
[14Apr2025 22:06:58.486] [main/DEBUG] [mixin/]: Registering new injector for @ModifyReceiver with com.llamalad7.mixinextras.injector.ModifyReceiverInjectionInfo
[14Apr2025 22:06:58.488] [main/DEBUG] [mixin/]: Registering new injector for @ModifyReturnValue with com.llamalad7.mixinextras.injector.ModifyReturnValueInjectionInfo
[14Apr2025 22:06:58.494] [main/DEBUG] [mixin/]: Registering new injector for @WrapOperation with com.llamalad7.mixinextras.injector.wrapoperation.WrapOperationInjectionInfo
[14Apr2025 22:06:58.502] [main/DEBUG] [mixin/]: Registering new injector for @WrapWithCondition with com.llamalad7.mixinextras.injector.WrapWithConditionInjectionInfo
[14Apr2025 22:06:58.512] [main/DEBUG] [mixin/]: Selecting config valkyrienskies-forge.mixins.json
[14Apr2025 22:06:58.706] [main/DEBUG] [mixin/]: Selecting config vs_eureka.mixins.json
[14Apr2025 22:06:58.710] [main/WARN] [mixin/]: Reference map 'eureka-forge-refmap.json' for vs_eureka.mixins.json could not be read. If this is a development environment you can ignore this message
[14Apr2025 22:06:58.712] [main/DEBUG] [mixin/]: Selecting config vs_eureka-common.mixins.json
[14Apr2025 22:06:58.714] [main/DEBUG] [mixin/]: Selecting config valhelsia_core.mixins.json
[14Apr2025 22:06:58.716] [main/DEBUG] [mixin/]: Selecting config valhelsia_structures.mixins.json
[14Apr2025 22:06:58.718] [main/DEBUG] [mixin/]: Selecting config replantingcrops.mixins.json
[14Apr2025 22:06:58.719] [main/DEBUG] [mixin/]: Preparing mine-mine-no-mi.mixins.json (36)
[14Apr2025 22:06:58.836] [main/DEBUG] [net.minecraftforge.coremod.transformer.CoreModBaseTransformer/COREMOD]: Transforming func_175148_a with desc (Lnet/minecraft/entity/player/PlayerModelPart;)Z
[14Apr2025 22:06:58.910] [main/DEBUG] [net.minecraftforge.coremod.transformer.CoreModBaseTransformer/COREMOD]: Transforming net/minecraft/potion/EffectInstance
[14Apr2025 22:06:58.998] [main/DEBUG] [net.minecraftforge.coremod.transformer.CoreModBaseTransformer/COREMOD]: Transforming func_82840_a with desc (Lnet/minecraft/entity/player/PlayerEntity;Lnet/minecraft/client/util/ITooltipFlag;)Ljava/util/List;
[14Apr2025 22:06:59.255] [main/DEBUG] [net.minecraftforge.coremod.transformer.CoreModBaseTransformer/COREMOD]: Transforming net/minecraft/item/ItemStack
[14Apr2025 22:06:59.373] [main/DEBUG] [mixin/]: Preparing citadel.mixins.json (2)
[14Apr2025 22:06:59.417] [main/DEBUG] [mixin/]: Preparing spartanweaponry.mixins.json (4)
[14Apr2025 22:06:59.434] [main/DEBUG] [mixin/]: Preparing architectury.mixins.json (18)
[14Apr2025 22:06:59.472] [main/DEBUG] [mixin/]: Preparing architectury-common.mixins.json (6)
[14Apr2025 22:06:59.523] [main/DEBUG] [mixin/]: Preparing valkyrienskies-common.mixins.json (85)
[14Apr2025 22:06:59.603] [main/DEBUG] [net.minecraftforge.coremod.transformer.CoreModBaseTransformer/COREMOD]: Transforming net/minecraft/network/play/server/SMultiBlockChangePacket
[14Apr2025 22:06:59.789] [main/DEBUG] [net.minecraftforge.coremod.transformer.CoreModBaseTransformer/COREMOD]: Transforming net/minecraft/entity/player/ServerPlayerEntity
[14Apr2025 22:06:59.896] [main/DEBUG] [net.minecraftforge.coremod.transformer.CoreModBaseTransformer/COREMOD]: Transforming func_175148_a with desc (Lnet/minecraft/entity/player/PlayerModelPart;)Z
[14Apr2025 22:06:59.987] [main/DEBUG] [net.minecraftforge.coremod.transformer.CoreModBaseTransformer/COREMOD]: Transforming net/minecraft/server/MinecraftServer
[14Apr2025 22:07:00.042] [main/DEBUG] [net.minecraftforge.coremod.transformer.CoreModBaseTransformer/COREMOD]: Transforming func_72354_b with desc (Lnet/minecraft/entity/player/ServerPlayerEntity;Lnet/minecraft/world/server/ServerWorld;)V
[14Apr2025 22:07:00.076] [main/DEBUG] [net.minecraftforge.coremod.transformer.CoreModBaseTransformer/COREMOD]: Transforming net/minecraft/world/chunk/Chunk
[14Apr2025 22:07:00.096] [main/DEBUG] [mixin/]: Preparing valkyrienskies-forge.mixins.json (13)
[14Apr2025 22:07:00.109] [main/WARN] [mixin/]: Error loading class: com/simibubi/create/content/contraptions/components/actors/BlockBreakingKineticTileEntity (java.lang.ClassNotFoundException: null)
[14Apr2025 22:07:00.110] [main/WARN] [mixin/]: @Mixin target com.simibubi.create.content.contraptions.components.actors.BlockBreakingKineticTileEntity was not found valkyrienskies-forge.mixins.json:compat.create.MixinBlockBreakingKineticTileEntity
[14Apr2025 22:07:00.111] [main/WARN] [mixin/]: Error loading class: com/simibubi/create/content/contraptions/components/millstone/MillstoneBlock (java.lang.ClassNotFoundException: null)
[14Apr2025 22:07:00.111] [main/WARN] [mixin/]: @Mixin target com.simibubi.create.content.contraptions.components.millstone.MillstoneBlock was not found valkyrienskies-forge.mixins.json:compat.create.MixinBlocks
[14Apr2025 22:07:00.114] [main/WARN] [mixin/]: Error loading class: com/simibubi/create/content/contraptions/processing/BasinBlock (java.lang.ClassNotFoundException: null)
[14Apr2025 22:07:00.114] [main/WARN] [mixin/]: @Mixin target com.simibubi.create.content.contraptions.processing.BasinBlock was not found valkyrienskies-forge.mixins.json:compat.create.MixinBlocks
[14Apr2025 22:07:00.115] [main/WARN] [mixin/]: Error loading class: com/simibubi/create/content/logistics/block/chute/AbstractChuteBlock (java.lang.ClassNotFoundException: null)
[14Apr2025 22:07:00.115] [main/WARN] [mixin/]: @Mixin target com.simibubi.create.content.logistics.block.chute.AbstractChuteBlock was not found valkyrienskies-forge.mixins.json:compat.create.MixinBlocks
[14Apr2025 22:07:00.117] [main/WARN] [mixin/]: Error loading class: com/simibubi/create/content/contraptions/components/structureMovement/render/ContraptionRenderInfo (java.lang.ClassNotFoundException: null)
[14Apr2025 22:07:00.117] [main/WARN] [mixin/]: @Mixin target com.simibubi.create.content.contraptions.components.structureMovement.render.ContraptionRenderInfo was not found valkyrienskies-forge.mixins.json:compat.create.MixinContraptionRenderInfo
[14Apr2025 22:07:00.118] [main/WARN] [mixin/]: Error loading class: com/simibubi/create/content/contraptions/components/crusher/CrushingWheelBlock (java.lang.ClassNotFoundException: null)
[14Apr2025 22:07:00.119] [main/WARN] [mixin/]: @Mixin target com.simibubi.create.content.contraptions.components.crusher.CrushingWheelBlock was not found valkyrienskies-forge.mixins.json:compat.create.MixinCrushingWheelBlock
[14Apr2025 22:07:00.120] [main/WARN] [mixin/]: Error loading class: com/simibubi/create/content/contraptions/components/structureMovement/render/RenderedContraption (java.lang.ClassNotFoundException: null)
[14Apr2025 22:07:00.121] [main/WARN] [mixin/]: @Mixin target com.simibubi.create.content.contraptions.components.structureMovement.render.RenderedContraption was not found valkyrienskies-forge.mixins.json:compat.create.MixinRenderedContraption
[14Apr2025 22:07:00.122] [main/WARN] [mixin/]: Error loading class: com/jozufozu/flywheel/backend/material/MaterialManager (java.lang.ClassNotFoundException: null)
[14Apr2025 22:07:00.122] [main/WARN] [mixin/]: @Mixin target com.jozufozu.flywheel.backend.material.MaterialManager was not found valkyrienskies-forge.mixins.json:compat.flywheel.client.MaterialManagerAccessor
[14Apr2025 22:07:00.123] [main/WARN] [mixin/]: Error loading class: com/jozufozu/flywheel/backend/instancing/InstanceManager (java.lang.ClassNotFoundException: null)
[14Apr2025 22:07:00.124] [main/WARN] [mixin/]: @Mixin target com.jozufozu.flywheel.backend.instancing.InstanceManager was not found valkyrienskies-forge.mixins.json:compat.flywheel.client.MixinInstanceManager
[14Apr2025 22:07:00.125] [main/WARN] [mixin/]: Error loading class: com/jozufozu/flywheel/backend/instancing/InstanceWorld (java.lang.ClassNotFoundException: null)
[14Apr2025 22:07:00.125] [main/WARN] [mixin/]: @Mixin target com.jozufozu.flywheel.backend.instancing.InstanceWorld was not found valkyrienskies-forge.mixins.json:compat.flywheel.client.MixinInstanceWorld
[14Apr2025 22:07:00.126] [main/WARN] [mixin/]: Error loading class: com/jozufozu/flywheel/backend/instancing/tile/TileInstanceManager (java.lang.ClassNotFoundException: null)
[14Apr2025 22:07:00.127] [main/WARN] [mixin/]: @Mixin target com.jozufozu.flywheel.backend.instancing.tile.TileInstanceManager was not found valkyrienskies-forge.mixins.json:compat.flywheel.client.MixinTileInstanceManager
[14Apr2025 22:07:00.129] [main/WARN] [mixin/]: Error loading class: cofh/core/tileentity/TileCoFH (java.lang.ClassNotFoundException: null)
[14Apr2025 22:07:00.129] [main/DEBUG] [mixin/]: Skipping virtual target cofh.core.tileentity.TileCoFH for valkyrienskies-forge.mixins.json:compat.thermalexpansion.MixinTileCoFH
[14Apr2025 22:07:00.133] [main/DEBUG] [mixin/]: Preparing vs_eureka.mixins.json (0)
[14Apr2025 22:07:00.133] [main/DEBUG] [mixin/]: Preparing vs_eureka-common.mixins.json (2)
[14Apr2025 22:07:00.133] [main/DEBUG] [mixin/]: Preparing valhelsia_core.mixins.json (8)
[14Apr2025 22:07:00.140] [main/DEBUG] [mixin/]: Preparing valhelsia_structures.mixins.json (12)
[14Apr2025 22:07:00.154] [main/DEBUG] [net.minecraftforge.coremod.transformer.CoreModBaseTransformer/COREMOD]: Transforming net/minecraft/item/BucketItem
[14Apr2025 22:07:00.175] [main/DEBUG] [net.minecraftforge.coremod.transformer.CoreModBaseTransformer/COREMOD]: Transforming func_230280_a_ with desc (Lnet/minecraft/item/ShootableItem;)Z
[14Apr2025 22:07:00.183] [main/DEBUG] [net.minecraftforge.coremod.transformer.CoreModBaseTransformer/COREMOD]: Transforming func_241844_w with desc (F)V
[14Apr2025 22:07:00.192] [main/DEBUG] [mixin/]: Preparing replantingcrops.mixins.json (0)
[14Apr2025 22:07:00.286] [main/DEBUG] [mixin/]: Prepared 100 mixins in 1.877 sec (18.8ms avg) (0ms load, 0ms transform, 0ms plugin)
[14Apr2025 22:07:00.489] [main/DEBUG] [mixin/]: Mixing accessors.resource.ResourceKeyAccessor from valkyrienskies-common.mixins.json into net.minecraft.util.RegistryKey
[14Apr2025 22:07:00.495] [main/DEBUG] [mixin/]: Renaming @Accessor method getValues()Ljava/util/Map; to getValues_$md$388bc4$0 in valkyrienskies-common.mixins.json:accessors.resource.ResourceKeyAccessor
[14Apr2025 22:07:00.510] [main/DEBUG] [mixin/]: Renaming @Invoker method callCreate(Lnet/minecraft/util/ResourceLocation;Lnet/minecraft/util/ResourceLocation;)Lnet/minecraft/util/RegistryKey; to callCreate_$md$388bc4$1 in valkyrienskies-common.mixins.json:accessors.resource.ResourceKeyAccessor
[14Apr2025 22:07:00.574] [main/DEBUG] [mixin/]: Mixing BlockMixin from mine-mine-no-mi.mixins.json into net.minecraft.block.Block
[14Apr2025 22:07:00.590] [main/DEBUG] [mixin/]: Mixing feature.move_block_items_drops.MixinBlock from valkyrienskies-common.mixins.json into net.minecraft.block.Block
[14Apr2025 22:07:00.684] [main/DEBUG] [mixin/]: Mixing accessors.block.BlockBehaviourAccessor from valkyrienskies-common.mixins.json into net.minecraft.block.AbstractBlock
[14Apr2025 22:07:00.726] [main/DEBUG] [net.minecraftforge.coremod.transformer.CoreModBaseTransformer/COREMOD]: Transforming func_219970_i with desc (Lnet/minecraft/item/ItemStack;)Z
[14Apr2025 22:07:00.735] [main/DEBUG] [mixin/]: Mixing EffectMixin from mine-mine-no-mi.mixins.json into net.minecraft.potion.Effect
[14Apr2025 22:07:00.791] [main/DEBUG] [mixin/]: Mixing FeatureMixin from valhelsia_structures.mixins.json into net.minecraft.world.gen.feature.Feature
[14Apr2025 22:07:00.885] [main/DEBUG] [mixin/]: Mixing SpreadableSnowyDirtBlockMixin from valhelsia_structures.mixins.json into net.minecraft.block.SpreadableSnowyDirtBlock
[14Apr2025 22:07:00.916] [main/DEBUG] [net.minecraftforge.coremod.transformer.CoreModBaseTransformer/COREMOD]: Transforming net/minecraft/block/FlowingFluidBlock
[14Apr2025 22:07:00.928] [main/DEBUG] [mixin/]: Mixing BlockLandingInvoker from architectury-common.mixins.json into net.minecraft.block.FallingBlock
[14Apr2025 22:07:00.962] [main/DEBUG] [mixin/]: Mixing TorchBlockMixin from valhelsia_structures.mixins.json into net.minecraft.block.TorchBlock
[14Apr2025 22:07:00.984] [main/DEBUG] [mixin/]: Mixing WallTorchBlockMixin from valhelsia_structures.mixins.json into net.minecraft.block.WallTorchBlock
[14Apr2025 22:07:00.993] [main/DEBUG] [mixin/]: Mixing world.level.block.FireMixin from valkyrienskies-forge.mixins.json into net.minecraft.block.FireBlock
[14Apr2025 22:07:00.995] [main/DEBUG] [mixin/]: Renaming synthetic method lambda$onPlaceMixin$1(Lnet/minecraft/world/World;Lnet/minecraft/util/math/BlockPos;DDD)V to md388bc4$lambda$onPlaceMixin$1$0 in valkyrienskies-forge.mixins.json:world.level.block.FireMixin
[14Apr2025 22:07:00.996] [main/DEBUG] [mixin/]: Renaming synthetic method lambda$fireTickMixin$0(Lnet/minecraft/world/server/ServerWorld;Lnet/minecraft/util/math/BlockPos;Lnet/minecraft/block/BlockState;Ljava/util/Random;DDD)V to md388bc4$lambda$fireTickMixin$0$1 in valkyrienskies-forge.mixins.json:world.level.block.FireMixin
[14Apr2025 22:07:01.057] [main/DEBUG] [net.minecraftforge.coremod.transformer.CoreModBaseTransformer/COREMOD]: Transforming net/minecraft/block/StairsBlock
[14Apr2025 22:07:01.103] [main/DEBUG] [net.minecraftforge.coremod.transformer.CoreModBaseTransformer/COREMOD]: Transforming func_225533_a_ with desc (Lnet/minecraft/block/BlockState;Lnet/minecraft/world/World;Lnet/minecraft/util/math/BlockPos;Lnet/minecraft/entity/player/PlayerEntity;Lnet/minecraft/util/Hand;Lnet/minecraft/util/math/BlockRayTraceResult;)Lnet/minecraft/util/ActionResultType;
[14Apr2025 22:07:01.140] [main/DEBUG] [net.minecraftforge.coremod.transformer.CoreModBaseTransformer/COREMOD]: Transforming func_176208_a with desc (Lnet/minecraft/world/World;Lnet/minecraft/util/math/BlockPos;Lnet/minecraft/block/BlockState;Lnet/minecraft/entity/player/PlayerEntity;)V
[14Apr2025 22:07:01.146] [main/DEBUG] [net.minecraftforge.coremod.transformer.CoreModBaseTransformer/COREMOD]: Transforming net/minecraft/block/FlowerPotBlock
[14Apr2025 22:07:01.166] [main/DEBUG] [mixin/]: Mixing BlockLandingInvoker from architectury-common.mixins.json into net.minecraft.block.AnvilBlock
[14Apr2025 22:07:01.189] [main/DEBUG] [mixin/]: Mixing BlockLandingInvoker from architectury-common.mixins.json into net.minecraft.block.ConcretePowderBlock
[14Apr2025 22:07:01.239] [main/DEBUG] [net.minecraftforge.coremod.transformer.CoreModBaseTransformer/COREMOD]: Transforming func_225533_a_ with desc (Lnet/minecraft/block/BlockState;Lnet/minecraft/world/World;Lnet/minecraft/util/math/BlockPos;Lnet/minecraft/entity/player/PlayerEntity;Lnet/minecraft/util/Hand;Lnet/minecraft/util/math/BlockRayTraceResult;)Lnet/minecraft/util/ActionResultType;
[14Apr2025 22:07:01.255] [main/DEBUG] [mixin/]: Mixing AbstractBlockStateMixin from valhelsia_structures.mixins.json into net.minecraft.block.AbstractBlock$AbstractBlockState
[14Apr2025 22:07:01.275] [main/DEBUG] [mixin/]: Mixing EntityMixin from mine-mine-no-mi.mixins.json into net.minecraft.entity.Entity
[14Apr2025 22:07:01.283] [main/DEBUG] [mixin/]: Mixing EntityMixin from spartanweaponry.mixins.json into net.minecraft.entity.Entity
[14Apr2025 22:07:01.285] [main/DEBUG] [mixin/]: Mixing accessors.entity.EntityAccessor from valkyrienskies-common.mixins.json into net.minecraft.entity.Entity
[14Apr2025 22:07:01.285] [main/DEBUG] [mixin/]: Mixing entity.MixinEntity from valkyrienskies-common.mixins.json into net.minecraft.entity.Entity
[14Apr2025 22:07:01.336] [main/DEBUG] [mixin/]: Mixing feature.distance_replace.MixinEntity from valkyrienskies-common.mixins.json into net.minecraft.entity.Entity
[14Apr2025 22:07:01.349] [main/DEBUG] [mixin/]: Mixing feature.entity_collision.MixinEntity from valkyrienskies-common.mixins.json into net.minecraft.entity.Entity
[14Apr2025 22:07:01.380] [main/DEBUG] [mixin/]: Mixing feature.shipyard_entities.MixinEntity from valkyrienskies-common.mixins.json into net.minecraft.entity.Entity
[14Apr2025 22:07:01.381] [main/DEBUG] [mixin/]: Renaming synthetic method lambda$positionRider$0(Lnet/minecraft/entity/Entity;DDD)V to md388bc4$lambda$positionRider$0$0 in valkyrienskies-common.mixins.json:feature.shipyard_entities.MixinEntity
[14Apr2025 22:07:01.390] [main/DEBUG] [mixin/]: Mixing feature.water_in_ships_entity.MixinEntity from valkyrienskies-common.mixins.json into net.minecraft.entity.Entity
[14Apr2025 22:07:01.391] [main/DEBUG] [mixin/]: Renaming synthetic method lambda$getFluidStateWrap$1([Lnet/minecraft/fluid/FluidState;DDD)V to md388bc4$lambda$getFluidStateWrap$1$1 in valkyrienskies-common.mixins.json:feature.water_in_ships_entity.MixinEntity
[14Apr2025 22:07:01.391] [main/DEBUG] [mixin/]: Renaming synthetic method lambda$afterFluidStateUpdate$0(Lorg/spongepowered/asm/mixin/injection/callback/CallbackInfoReturnable;Lnet/minecraft/tags/ITag;DDDDDDD)V to md388bc4$lambda$afterFluidStateUpdate$0$2 in valkyrienskies-common.mixins.json:feature.water_in_ships_entity.MixinEntity
[14Apr2025 22:07:01.523] [main/DEBUG] [mixin/]: Mixing LivingEntityMixin from citadel.mixins.json into net.minecraft.entity.LivingEntity
[14Apr2025 22:07:01.530] [main/DEBUG] [mixin/]: Mixing LivingEntityMixin from spartanweaponry.mixins.json into net.minecraft.entity.LivingEntity
[14Apr2025 22:07:01.543] [main/DEBUG] [mixin/]: Mixing feature.ladders.MixinLivingEntity from valkyrienskies-common.mixins.json into net.minecraft.entity.LivingEntity
[14Apr2025 22:07:01.544] [main/DEBUG] [mixin/]: Renaming synthetic method lambda$onClimbableMixin$0(Lorg/spongepowered/asm/mixin/injection/callback/CallbackInfoReturnable;DDDDDD)V to md388bc4$lambda$onClimbableMixin$0$0 in valkyrienskies-common.mixins.json:feature.ladders.MixinLivingEntity
[14Apr2025 22:07:01.557] [main/DEBUG] [net.minecraftforge.coremod.transformer.CoreModBaseTransformer/COREMOD]: Transforming func_219970_i with desc (Lnet/minecraft/item/ItemStack;)Z
[14Apr2025 22:07:01.597] [main/DEBUG] [mixin/]: Mixing feature.clip_replace.MixinLevel from valkyrienskies-common.mixins.json into net.minecraft.world.World
[14Apr2025 22:07:01.605] [main/DEBUG] [mixin/]: Mixing world.MixinLevel from valkyrienskies-common.mixins.json into net.minecraft.world.World
[14Apr2025 22:07:01.606] [main/DEBUG] [mixin/]: Renaming synthetic method lambda$getEntitiesInShip$4(Lorg/joml/primitives/AABBdc;Lorg/joml/primitives/AABBd;Lnet/minecraft/world/chunk/AbstractChunkProvider;Lorg/apache/logging/log4j/util/TriConsumer;Ljava/util/List;Ljava/lang/Object;)V to md388bc4$lambda$getEntitiesInShip$4$0 in valkyrienskies-common.mixins.json:world.MixinLevel
[14Apr2025 22:07:01.607] [main/DEBUG] [mixin/]: Renaming synthetic method lambda$getEntitiesInShip4$3(Lnet/minecraft/entity/EntityType;Ljava/util/function/Predicate;Lnet/minecraft/world/chunk/Chunk;Lnet/minecraft/util/math/AxisAlignedBB;Ljava/util/List;)V to md388bc4$lambda$getEntitiesInShip4$3$1 in valkyrienskies-common.mixins.json:world.MixinLevel
[14Apr2025 22:07:01.607] [main/DEBUG] [mixin/]: Renaming synthetic method lambda$getEntitiesInShip3$2(Ljava/lang/Class;Ljava/util/function/Predicate;Lnet/minecraft/world/chunk/Chunk;Lnet/minecraft/util/math/AxisAlignedBB;Ljava/util/List;)V to md388bc4$lambda$getEntitiesInShip3$2$2 in valkyrienskies-common.mixins.json:world.MixinLevel
[14Apr2025 22:07:01.607] [main/DEBUG] [mixin/]: Renaming synthetic method lambda$getEntitiesInShip2$1(Ljava/lang/Class;Ljava/util/function/Predicate;Lnet/minecraft/world/chunk/Chunk;Lnet/minecraft/util/math/AxisAlignedBB;Ljava/util/List;)V to md388bc4$lambda$getEntitiesInShip2$1$3 in valkyrienskies-common.mixins.json:world.MixinLevel
[14Apr2025 22:07:01.608] [main/DEBUG] [mixin/]: Renaming synthetic method lambda$getEntitiesInShip1$0(Lnet/minecraft/entity/Entity;Ljava/util/function/Predicate;Lnet/minecraft/world/chunk/Chunk;Lnet/minecraft/util/math/AxisAlignedBB;Ljava/util/List;)V to md388bc4$lambda$getEntitiesInShip1$0$4 in valkyrienskies-common.mixins.json:world.MixinLevel
[14Apr2025 22:07:01.661] [main/DEBUG] [mixin/]: Mixing IServerWorldMixin from mine-mine-no-mi.mixins.json into net.minecraft.world.server.ServerWorld
[14Apr2025 22:07:01.662] [main/DEBUG] [mixin/]: Mixing server.world.MixinServerLevel from valkyrienskies-common.mixins.json into net.minecraft.world.server.ServerWorld
[14Apr2025 22:07:01.737] [main/DEBUG] [net.minecraftforge.coremod.transformer.CoreModBaseTransformer/COREMOD]: Transforming func_175148_a with desc (Lnet/minecraft/entity/player/PlayerModelPart;)Z
[14Apr2025 22:07:01.738] [main/DEBUG] [mixin/]: Mixing PlayerEntityMixin from mine-mine-no-mi.mixins.json into net.minecraft.entity.player.PlayerEntity
[14Apr2025 22:07:01.748] [main/DEBUG] [mixin/]: Mixing client.player.MixinPlayer from valkyrienskies-common.mixins.json into net.minecraft.entity.player.PlayerEntity
[14Apr2025 22:07:01.749] [main/DEBUG] [mixin/]: Mixing world.entity.MixinPlayer from valkyrienskies-common.mixins.json into net.minecraft.entity.player.PlayerEntity
[14Apr2025 22:07:01.861] [main/DEBUG] [net.minecraftforge.coremod.transformer.CoreModBaseTransformer/COREMOD]: Transforming net/minecraft/entity/player/ServerPlayerEntity
[14Apr2025 22:07:01.865] [main/DEBUG] [mixin/]: Mixing feature.bed_fix.MixinServerPlayer from valkyrienskies-common.mixins.json into net.minecraft.entity.player.ServerPlayerEntity
[14Apr2025 22:07:01.866] [main/DEBUG] [mixin/]: Renaming synthetic method lambda$isReachableBedBlock$0(Lorg/spongepowered/asm/mixin/injection/callback/CallbackInfoReturnable;DDD)V to md388bc4$lambda$isReachableBedBlock$0$0 in valkyrienskies-common.mixins.json:feature.bed_fix.MixinServerPlayer
[14Apr2025 22:07:02.143] [main/DEBUG] [mixin/]: Mixing FlowingFluidMixin from mine-mine-no-mi.mixins.json into net.minecraft.fluid.FlowingFluid
[14Apr2025 22:07:02.144] [main/DEBUG] [mixin/]: Mixing feature.fluid_escaping_ship_config.MixinFlowingFluid from valkyrienskies-common.mixins.json into net.minecraft.fluid.FlowingFluid
[14Apr2025 22:07:02.146] [main/DEBUG] [mixin/]: Mixing FlowingFluidMixin from valhelsia_structures.mixins.json into net.minecraft.fluid.FlowingFluid
[14Apr2025 22:07:02.158] [main/DEBUG] [mixin/]: Mixing feature.fire_between_ship_and_world.LavaFluidMixin from valkyrienskies-common.mixins.json into net.minecraft.fluid.LavaFluid
[14Apr2025 22:07:02.159] [main/DEBUG] [mixin/]: Renaming synthetic method lambda$fireTickMixin$0(Lnet/minecraft/world/World;Lnet/minecraft/fluid/FluidState;Ljava/util/Random;DDD)V to md388bc4$lambda$fireTickMixin$0$0 in valkyrienskies-common.mixins.json:feature.fire_between_ship_and_world.LavaFluidMixin
[14Apr2025 22:07:02.163] [main/DEBUG] [mixin/]: Mixing FluidTagsAccessor from architectury-common.mixins.json into net.minecraft.tags.FluidTags
[14Apr2025 22:07:02.163] [main/DEBUG] [mixin/]: Renaming @Accessor method getHelper()Lnet/minecraft/tags/TagRegistry; to getHelper_$md$388bc4$0 in architectury-common.mixins.json:FluidTagsAccessor
[14Apr2025 22:07:02.196] [main/DEBUG] [mixin/]: Mixing FallingBlockEntityMixin from mine-mine-no-mi.mixins.json into net.minecraft.entity.item.FallingBlockEntity
[14Apr2025 22:07:02.216] [main/DEBUG] [mixin/]: Mixing MixinBlockEntity from architectury.mixins.json into net.minecraft.tileentity.TileEntity
[14Apr2025 22:07:02.223] [main/DEBUG] [mixin/]: Mixing feature.container_distance_check.MixinRandomizableContainerBlockEntity from valkyrienskies-common.mixins.json into net.minecraft.tileentity.LockableLootTileEntity
[14Apr2025 22:07:02.232] [main/DEBUG] [mixin/]: Mixing feature.dispensers.MixinDefaultDispenseItemBehavior from valkyrienskies-common.mixins.json into net.minecraft.dispenser.DefaultDispenseItemBehavior
[14Apr2025 22:07:02.397] [main/DEBUG] [mixin/]: Mixing RangedAttributeMixin from mine-mine-no-mi.mixins.json into net.minecraft.entity.ai.attributes.RangedAttribute
[14Apr2025 22:07:02.574] [main/DEBUG] [mixin/]: Mixing ContainerMixin from mine-mine-no-mi.mixins.json into net.minecraft.inventory.container.Container
[14Apr2025 22:07:02.581] [main/DEBUG] [mixin/]: Mixing feature.screen_distance_check.MixinScreenHandler from valkyrienskies-common.mixins.json into net.minecraft.inventory.container.Container
[14Apr2025 22:07:02.632] [main/DEBUG] [net.minecraftforge.coremod.transformer.CoreModBaseTransformer/COREMOD]: Transforming func_230254_b_ with desc (Lnet/minecraft/entity/player/PlayerEntity;Lnet/minecraft/util/Hand;)Lnet/minecraft/util/ActionResultType;
[14Apr2025 22:07:02.636] [main/DEBUG] [mixin/]: Mixing MobEntityMixin from mine-mine-no-mi.mixins.json into net.minecraft.entity.MobEntity
[14Apr2025 22:07:02.637] [main/DEBUG] [mixin/]: Renaming synthetic method lambda$updateEntityActionState$0(Lnet/minecraft/potion/Effect;)Z to md388bc4$lambda$updateEntityActionState$0$0 in mine-mine-no-mi.mixins.json:MobEntityMixin
[14Apr2025 22:07:02.854] [main/DEBUG] [mixin/]: Mixing ProjectileEntityMixin from spartanweaponry.mixins.json into net.minecraft.entity.projectile.ProjectileEntity
[14Apr2025 22:07:02.876] [main/DEBUG] [mixin/]: Mixing feature.conduit_fix.ConduitMixin from valkyrienskies-common.mixins.json into net.minecraft.tileentity.ConduitTileEntity
[14Apr2025 22:07:03.091] [main/DEBUG] [net.minecraftforge.coremod.transformer.CoreModBaseTransformer/COREMOD]: Transforming func_82846_b with desc (Lnet/minecraft/entity/player/PlayerEntity;I)Lnet/minecraft/item/ItemStack;
[14Apr2025 22:07:03.337] [main/DEBUG] [mixin/]: Mixing DoublePlantBlockPlacerMixin from valhelsia_structures.mixins.json into net.minecraft.world.gen.blockplacer.DoublePlantBlockPlacer
[14Apr2025 22:07:03.379] [main/DEBUG] [mixin/]: Mixing LakesFeatureMixin from valhelsia_structures.mixins.json into net.minecraft.world.gen.feature.LakesFeature
[14Apr2025 22:07:03.945] [main/DEBUG] [mixin/]: Mixing AbstractArrowEntityMixin from spartanweaponry.mixins.json into net.minecraft.entity.projectile.AbstractArrowEntity
[14Apr2025 22:07:04.006] [main/DEBUG] [mixin/]: Mixing CatEntityMixin from valhelsia_structures.mixins.json into net.minecraft.entity.passive.CatEntity
[14Apr2025 22:07:04.107] [main/DEBUG] [mixin/]: Mixing feature.block_placement_orientation.MixinBlockPlaceContext from valkyrienskies-common.mixins.json into net.minecraft.item.BlockItemUseContext
[14Apr2025 22:07:04.108] [main/DEBUG] [mixin/]: Renaming synthetic method lambda$transformPlayerBeforeGettingNearest$0(Lnet/minecraft/entity/Entity;)[Lnet/minecraft/util/Direction; to md388bc4$lambda$transformPlayerBeforeGettingNearest$0$0 in valkyrienskies-common.mixins.json:feature.block_placement_orientation.MixinBlockPlaceContext
[14Apr2025 22:07:04.145] [main/DEBUG] [net.minecraftforge.coremod.transformer.CoreModBaseTransformer/COREMOD]: Transforming func_82840_a with desc (Lnet/minecraft/entity/player/PlayerEntity;Lnet/minecraft/client/util/ITooltipFlag;)Ljava/util/List;
[14Apr2025 22:07:04.184] [main/DEBUG] [net.minecraftforge.coremod.transformer.CoreModBaseTransformer/COREMOD]: Transforming net/minecraft/item/ItemStack
[14Apr2025 22:07:04.187] [main/DEBUG] [mixin/]: Mixing ItemStackMixin from mine-mine-no-mi.mixins.json into net.minecraft.item.ItemStack
[14Apr2025 22:07:04.198] [main/DEBUG] [net.minecraftforge.coremod.transformer.CoreModBaseTransformer/COREMOD]: Transforming func_110131_b with desc (Lnet/minecraft/item/ItemStack;)V
[14Apr2025 22:07:04.206] [main/DEBUG] [mixin/]: Mixing MixinLightningBolt from architectury-common.mixins.json into net.minecraft.entity.effect.LightningBoltEntity
[14Apr2025 22:07:04.249] [main/DEBUG] [net.minecraftforge.coremod.transformer.CoreModBaseTransformer/COREMOD]: Transforming func_230254_b_ with desc (Lnet/minecraft/entity/player/PlayerEntity;Lnet/minecraft/util/Hand;)Lnet/minecraft/util/ActionResultType;
[14Apr2025 22:07:04.309] [main/DEBUG] [net.minecraftforge.coremod.transformer.CoreModBaseTransformer/COREMOD]: Transforming func_230280_a_ with desc (Lnet/minecraft/item/ShootableItem;)Z
[14Apr2025 22:07:04.314] [main/DEBUG] [net.minecraftforge.coremod.transformer.CoreModBaseTransformer/COREMOD]: Transforming func_208003_a with desc (Lnet/minecraft/item/ItemStack;Lnet/minecraft/item/ItemStack;)Z
[14Apr2025 22:07:04.327] [main/DEBUG] [net.minecraftforge.coremod.transformer.CoreModBaseTransformer/COREMOD]: Transforming func_230280_a_ with desc (Lnet/minecraft/item/ShootableItem;)Z
[14Apr2025 22:07:04.328] [main/DEBUG] [net.minecraftforge.coremod.transformer.CoreModBaseTransformer/COREMOD]: Transforming func_241844_w with desc (F)V
[14Apr2025 22:07:04.330] [main/DEBUG] [mixin/]: Mixing PillagerEntityMixin from valhelsia_structures.mixins.json into net.minecraft.entity.monster.PillagerEntity
[14Apr2025 22:07:04.361] [main/DEBUG] [net.minecraftforge.coremod.transformer.CoreModBaseTransformer/COREMOD]: Transforming func_230254_b_ with desc (Lnet/minecraft/entity/player/PlayerEntity;Lnet/minecraft/util/Hand;)Lnet/minecraft/util/ActionResultType;
[14Apr2025 22:07:04.373] [main/DEBUG] [net.minecraftforge.coremod.transformer.CoreModBaseTransformer/COREMOD]: Transforming func_85036_m with desc ()V
[14Apr2025 22:07:04.384] [main/DEBUG] [net.minecraftforge.coremod.transformer.CoreModBaseTransformer/COREMOD]: Transforming func_230280_a_ with desc (Lnet/minecraft/item/ShootableItem;)Z
[14Apr2025 22:07:04.415] [main/DEBUG] [mixin/]: Mixing PotionEntityMixin from valhelsia_core.mixins.json into net.minecraft.entity.projectile.PotionEntity
[14Apr2025 22:07:04.460] [main/DEBUG] [mixin/]: Mixing VillagerMixin from architectury-common.mixins.json into net.minecraft.entity.merchant.villager.VillagerEntity
[14Apr2025 22:07:04.581] [main/DEBUG] [mixin/]: Mixing AbstractVillagerMixin from architectury-common.mixins.json into net.minecraft.entity.merchant.villager.AbstractVillagerEntity
[14Apr2025 22:07:04.613] [main/DEBUG] [mixin/]: Mixing WanderingTraderMixin from architectury-common.mixins.json into net.minecraft.entity.merchant.villager.WanderingTraderEntity
[14Apr2025 22:07:04.745] [main/DEBUG] [mixin/]: Mixing MixinWorldEvent from architectury.mixins.json into net.minecraftforge.event.world.WorldEvent
[14Apr2025 22:07:05.091] [main/DEBUG] [mixin/]: Mixing MobSpawnSettingsBuilderAccessor from architectury.mixins.json into net.minecraft.world.biome.MobSpawnInfo$Builder
[14Apr2025 22:07:05.100] [main/DEBUG] [mixin/]: Mixing BiomeGenerationSettingsBuilderAccessor from architectury.mixins.json into net.minecraft.world.biome.BiomeGenerationSettings$Builder
[14Apr2025 22:07:05.323] [main/DEBUG] [net.minecraftforge.coremod.transformer.CoreModBaseTransformer/COREMOD]: Transforming func_92089_a with desc (Lnet/minecraft/item/ItemStack;)Z
[14Apr2025 22:07:05.349] [main/DEBUG] [mixin/]: Mixing feature.block_placement_orientation.MixinBlockItem from valkyrienskies-common.mixins.json into net.minecraft.item.BlockItem
[14Apr2025 22:07:05.358] [main/DEBUG] [mixin/]: Mixing FlintAndSteelItemMixin from valhelsia_core.mixins.json into net.minecraft.item.FlintAndSteelItem
[14Apr2025 22:07:05.358] [main/DEBUG] [mixin/]: Renaming synthetic method lambda$valhelsia_onItemUse$0(Lnet/minecraft/item/ItemUseContext;Lnet/minecraft/entity/player/PlayerEntity;)V to md388bc4$lambda$valhelsia_onItemUse$0$0 in valhelsia_core.mixins.json:FlintAndSteelItemMixin
[14Apr2025 22:07:05.380] [main/DEBUG] [net.minecraftforge.coremod.transformer.CoreModBaseTransformer/COREMOD]: Transforming net/minecraft/item/BucketItem
[14Apr2025 22:07:05.384] [main/DEBUG] [mixin/]: Mixing BucketItemMixin from valhelsia_structures.mixins.json into net.minecraft.item.BucketItem
[14Apr2025 22:07:05.397] [main/DEBUG] [net.minecraftforge.coremod.transformer.CoreModBaseTransformer/COREMOD]: Transforming net/minecraft/item/FishBucketItem
[14Apr2025 22:07:05.489] [main/DEBUG] [net.minecraftforge.coremod.transformer.CoreModBaseTransformer/COREMOD]: Transforming func_220013_l with desc (Lnet/minecraft/item/ItemStack;)F
[14Apr2025 22:07:05.599] [main/DEBUG] [net.minecraftforge.coremod.transformer.CoreModBaseTransformer/COREMOD]: Transforming net/minecraft/potion/EffectInstance
[14Apr2025 22:07:05.601] [main/DEBUG] [mixin/]: Mixing EffectInstanceMixin from mine-mine-no-mi.mixins.json into net.minecraft.potion.EffectInstance
[14Apr2025 22:07:05.623] [main/DEBUG] [net.minecraftforge.coremod.transformer.CoreModBaseTransformer/COREMOD]: Transforming func_234600_a_ with desc (Lnet/minecraft/entity/player/PlayerEntity;)Z
[14Apr2025 22:07:05.794] [main/DEBUG] [net.minecraftforge.coremod.transformer.CoreModBaseTransformer/COREMOD]: Transforming func_75214_a with desc (Lnet/minecraft/item/ItemStack;)Z
[14Apr2025 22:07:06.428] [main/DEBUG] [net.minecraftforge.coremod.transformer.CoreModBaseTransformer/COREMOD]: Transforming net/minecraft/server/MinecraftServer
[14Apr2025 22:07:06.433] [main/DEBUG] [mixin/]: Mixing server.MixinMinecraftServer from valkyrienskies-common.mixins.json into net.minecraft.server.MinecraftServer
[14Apr2025 22:07:06.495] [main/DEBUG] [net.minecraftforge.fml.ForgeI18n/CORE]: Loading I18N data entries: 4980
[14Apr2025 22:07:06.613] [main/DEBUG] [net.minecraftforge.fml.ModLoader/CORE]: Loading Network data for FML net version: FML2
[14Apr2025 22:07:06.618] [main/DEBUG] [net.minecraftforge.fml.ModWorkManager/LOADING]: Using 4 threads for parallel mod-loading
[14Apr2025 22:07:06.661] [main/DEBUG] [net.minecraftforge.fml.javafmlmod.FMLJavaModLanguageProvider/LOADING]: Loading FMLModContainer from classloader cpw.mods.modlauncher.TransformingClassLoader@2db33feb - got cpw.mods.modlauncher.TransformingClassLoader@2db33feb
[14Apr2025 22:07:06.662] [main/DEBUG] [net.minecraftforge.fml.javafmlmod.FMLModContainer/LOADING]: Creating FMLModContainer instance for xyz.pixelatedw.mineminenomi.ModMain with classLoader cpw.mods.modlauncher.TransformingClassLoader@2db33feb & cpw.mods.modlauncher.TransformingClassLoader@2db33feb
[14Apr2025 22:07:06.667] [main/DEBUG] [net.minecraftforge.fml.javafmlmod.FMLJavaModLanguageProvider/LOADING]: Loading FMLModContainer from classloader cpw.mods.modlauncher.TransformingClassLoader@2db33feb - got cpw.mods.modlauncher.TransformingClassLoader@2db33feb
[14Apr2025 22:07:06.667] [main/DEBUG] [net.minecraftforge.fml.javafmlmod.FMLModContainer/LOADING]: Creating FMLModContainer instance for net.mcreator.ancientjapan.AncientjapanMod with classLoader cpw.mods.modlauncher.TransformingClassLoader@2db33feb & cpw.mods.modlauncher.TransformingClassLoader@2db33feb
[14Apr2025 22:07:06.668] [main/DEBUG] [net.minecraftforge.fml.javafmlmod.FMLJavaModLanguageProvider/LOADING]: Loading FMLModContainer from classloader cpw.mods.modlauncher.TransformingClassLoader@2db33feb - got cpw.mods.modlauncher.TransformingClassLoader@2db33feb
[14Apr2025 22:07:06.671] [main/DEBUG] [net.minecraftforge.fml.javafmlmod.FMLModContainer/LOADING]: Creating FMLModContainer instance for net.mcreator.piratesandlootersreborn.PiratesandlootersrebornMod with classLoader cpw.mods.modlauncher.TransformingClassLoader@2db33feb & cpw.mods.modlauncher.TransformingClassLoader@2db33feb
[14Apr2025 22:07:06.672] [main/DEBUG] [net.minecraftforge.fml.javafmlmod.FMLJavaModLanguageProvider/LOADING]: Loading FMLModContainer from classloader cpw.mods.modlauncher.TransformingClassLoader@2db33feb - got cpw.mods.modlauncher.TransformingClassLoader@2db33feb
[14Apr2025 22:07:06.672] [main/DEBUG] [net.minecraftforge.fml.javafmlmod.FMLModContainer/LOADING]: Creating FMLModContainer instance for mezz.jei.JustEnoughItems with classLoader cpw.mods.modlauncher.TransformingClassLoader@2db33feb & cpw.mods.modlauncher.TransformingClassLoader@2db33feb
[14Apr2025 22:07:06.673] [main/DEBUG] [net.minecraftforge.fml.javafmlmod.FMLJavaModLanguageProvider/LOADING]: Loading FMLModContainer from classloader cpw.mods.modlauncher.TransformingClassLoader@2db33feb - got cpw.mods.modlauncher.TransformingClassLoader@2db33feb
[14Apr2025 22:07:06.676] [main/DEBUG] [net.minecraftforge.fml.javafmlmod.FMLModContainer/LOADING]: Creating FMLModContainer instance for net.torocraft.torohealth.ToroHealth with classLoader cpw.mods.modlauncher.TransformingClassLoader@2db33feb & cpw.mods.modlauncher.TransformingClassLoader@2db33feb
[14Apr2025 22:07:06.683] [main/DEBUG] [net.minecraftforge.fml.javafmlmod.FMLJavaModLanguageProvider/LOADING]: Loading FMLModContainer from classloader cpw.mods.modlauncher.TransformingClassLoader@2db33feb - got cpw.mods.modlauncher.TransformingClassLoader@2db33feb
[14Apr2025 22:07:06.685] [main/DEBUG] [net.minecraftforge.fml.javafmlmod.FMLModContainer/LOADING]: Creating FMLModContainer instance for com.oblivioussp.spartanshields.ModSpartanShields with classLoader cpw.mods.modlauncher.TransformingClassLoader@2db33feb & cpw.mods.modlauncher.TransformingClassLoader@2db33feb
[14Apr2025 22:07:06.685] [main/DEBUG] [net.minecraftforge.fml.javafmlmod.FMLJavaModLanguageProvider/LOADING]: Loading FMLModContainer from classloader cpw.mods.modlauncher.TransformingClassLoader@2db33feb - got cpw.mods.modlauncher.TransformingClassLoader@2db33feb
[14Apr2025 22:07:06.686] [main/DEBUG] [net.minecraftforge.fml.javafmlmod.FMLModContainer/LOADING]: Creating FMLModContainer instance for xaero.minimap.XaeroMinimapForge with classLoader cpw.mods.modlauncher.TransformingClassLoader@2db33feb & cpw.mods.modlauncher.TransformingClassLoader@2db33feb
[14Apr2025 22:07:06.707] [main/DEBUG] [net.minecraftforge.fml.javafmlmod.FMLJavaModLanguageProvider/LOADING]: Loading FMLModContainer from classloader cpw.mods.modlauncher.TransformingClassLoader@2db33feb - got cpw.mods.modlauncher.TransformingClassLoader@2db33feb
[14Apr2025 22:07:06.707] [main/DEBUG] [net.minecraftforge.fml.javafmlmod.FMLModContainer/LOADING]: Creating FMLModContainer instance for de.maxhenkel.gravestone.Main with classLoader cpw.mods.modlauncher.TransformingClassLoader@2db33feb & cpw.mods.modlauncher.TransformingClassLoader@2db33feb
[14Apr2025 22:07:06.709] [main/DEBUG] [net.minecraftforge.fml.javafmlmod.FMLJavaModLanguageProvider/LOADING]: Loading FMLModContainer from classloader cpw.mods.modlauncher.TransformingClassLoader@2db33feb - got cpw.mods.modlauncher.TransformingClassLoader@2db33feb
[14Apr2025 22:07:06.709] [main/DEBUG] [net.minecraftforge.fml.javafmlmod.FMLModContainer/LOADING]: Creating FMLModContainer instance for com.natamus.collective.Main with classLoader cpw.mods.modlauncher.TransformingClassLoader@2db33feb & cpw.mods.modlauncher.TransformingClassLoader@2db33feb
[14Apr2025 22:07:06.713] [main/DEBUG] [net.minecraftforge.fml.javafmlmod.FMLJavaModLanguageProvider/LOADING]: Loading FMLModContainer from classloader cpw.mods.modlauncher.TransformingClassLoader@2db33feb - got cpw.mods.modlauncher.TransformingClassLoader@2db33feb
[14Apr2025 22:07:06.713] [main/DEBUG] [net.minecraftforge.fml.javafmlmod.FMLModContainer/LOADING]: Creating FMLModContainer instance for com.github.alexthe666.citadel.Citadel with classLoader cpw.mods.modlauncher.TransformingClassLoader@2db33feb & cpw.mods.modlauncher.TransformingClassLoader@2db33feb
[14Apr2025 22:07:06.716] [main/INFO] [net.minecraftforge.registries.GameData/]: Potentially Dangerous alternative prefix `citadel` for name `debug`, expected `minecraft`. This could be a intended override, but in most cases indicates a broken mod.
[14Apr2025 22:07:06.723] [main/INFO] [net.minecraftforge.registries.GameData/]: Potentially Dangerous alternative prefix `citadel` for name `citadel_book`, expected `minecraft`. This could be a intended override, but in most cases indicates a broken mod.
[14Apr2025 22:07:06.723] [main/INFO] [net.minecraftforge.registries.GameData/]: Potentially Dangerous alternative prefix `citadel` for name `effect_item`, expected `minecraft`. This could be a intended override, but in most cases indicates a broken mod.
[14Apr2025 22:07:06.723] [main/INFO] [net.minecraftforge.registries.GameData/]: Potentially Dangerous alternative prefix `citadel` for name `fancy_item`, expected `minecraft`. This could be a intended override, but in most cases indicates a broken mod.
[14Apr2025 22:07:06.724] [main/DEBUG] [net.minecraftforge.fml.javafmlmod.FMLJavaModLanguageProvider/LOADING]: Loading FMLModContainer from classloader cpw.mods.modlauncher.TransformingClassLoader@2db33feb - got cpw.mods.modlauncher.TransformingClassLoader@2db33feb
[14Apr2025 22:07:06.724] [main/DEBUG] [net.minecraftforge.fml.javafmlmod.FMLModContainer/LOADING]: Creating FMLModContainer instance for com.github.alexthe666.alexsmobs.AlexsMobs with classLoader cpw.mods.modlauncher.TransformingClassLoader@2db33feb & cpw.mods.modlauncher.TransformingClassLoader@2db33feb
[14Apr2025 22:07:06.734] [main/DEBUG] [net.minecraftforge.fml.javafmlmod.FMLJavaModLanguageProvider/LOADING]: Loading FMLModContainer from classloader cpw.mods.modlauncher.TransformingClassLoader@2db33feb - got cpw.mods.modlauncher.TransformingClassLoader@2db33feb
[14Apr2025 22:07:06.734] [main/DEBUG] [net.minecraftforge.fml.javafmlmod.FMLModContainer/LOADING]: Creating FMLModContainer instance for net.p3pp3rf1y.sophisticatedbackpacks.SophisticatedBackpacks with classLoader cpw.mods.modlauncher.TransformingClassLoader@2db33feb & cpw.mods.modlauncher.TransformingClassLoader@2db33feb
[14Apr2025 22:07:06.807] [main/DEBUG] [net.minecraftforge.fml.javafmlmod.FMLJavaModLanguageProvider/LOADING]: Loading FMLModContainer from classloader cpw.mods.modlauncher.TransformingClassLoader@2db33feb - got cpw.mods.modlauncher.TransformingClassLoader@2db33feb
[14Apr2025 22:07:06.807] [main/DEBUG] [net.minecraftforge.fml.javafmlmod.FMLModContainer/LOADING]: Creating FMLModContainer instance for com.oblivioussp.spartanweaponry.ModSpartanWeaponry with classLoader cpw.mods.modlauncher.TransformingClassLoader@2db33feb & cpw.mods.modlauncher.TransformingClassLoader@2db33feb
[14Apr2025 22:07:06.809] [main/DEBUG] [net.minecraftforge.fml.javafmlmod.FMLJavaModLanguageProvider/LOADING]: Loading FMLModContainer from classloader cpw.mods.modlauncher.TransformingClassLoader@2db33feb - got cpw.mods.modlauncher.TransformingClassLoader@2db33feb
[14Apr2025 22:07:06.809] [main/DEBUG] [net.minecraftforge.fml.javafmlmod.FMLModContainer/LOADING]: Creating FMLModContainer instance for me.shedaniel.architectury.forge.ArchitecturyForge with classLoader cpw.mods.modlauncher.TransformingClassLoader@2db33feb & cpw.mods.modlauncher.TransformingClassLoader@2db33feb
[14Apr2025 22:07:06.809] [main/DEBUG] [net.minecraftforge.fml.javafmlmod.FMLJavaModLanguageProvider/LOADING]: Loading FMLModContainer from classloader cpw.mods.modlauncher.TransformingClassLoader@2db33feb - got cpw.mods.modlauncher.TransformingClassLoader@2db33feb
[14Apr2025 22:07:06.809] [main/DEBUG] [net.minecraftforge.fml.javafmlmod.FMLModContainer/LOADING]: Creating FMLModContainer instance for me.shedaniel.clothconfig.ClothConfigForge with classLoader cpw.mods.modlauncher.TransformingClassLoader@2db33feb & cpw.mods.modlauncher.TransformingClassLoader@2db33feb
[14Apr2025 22:07:06.813] [main/DEBUG] [net.minecraftforge.fml.javafmlmod.FMLJavaModLanguageProvider/LOADING]: Loading FMLModContainer from classloader cpw.mods.modlauncher.TransformingClassLoader@2db33feb - got cpw.mods.modlauncher.TransformingClassLoader@2db33feb
[14Apr2025 22:07:06.816] [main/DEBUG] [net.minecraftforge.fml.javafmlmod.FMLModContainer/LOADING]: Creating FMLModContainer instance for tschipp.carryon.CarryOn with classLoader cpw.mods.modlauncher.TransformingClassLoader@2db33feb & cpw.mods.modlauncher.TransformingClassLoader@2db33feb
[14Apr2025 22:07:06.820] [main/DEBUG] [net.minecraftforge.fml.javafmlmod.FMLJavaModLanguageProvider/LOADING]: Loading FMLModContainer from classloader cpw.mods.modlauncher.TransformingClassLoader@2db33feb - got cpw.mods.modlauncher.TransformingClassLoader@2db33feb
[14Apr2025 22:07:06.821] [main/DEBUG] [net.minecraftforge.fml.javafmlmod.FMLModContainer/LOADING]: Creating FMLModContainer instance for net.mcreator.ancient_guns.AncientGunsMod with classLoader cpw.mods.modlauncher.TransformingClassLoader@2db33feb & cpw.mods.modlauncher.TransformingClassLoader@2db33feb
[14Apr2025 22:07:06.830] [main/DEBUG] [net.minecraftforge.fml.javafmlmod.FMLJavaModLanguageProvider/LOADING]: Loading FMLModContainer from classloader cpw.mods.modlauncher.TransformingClassLoader@2db33feb - got cpw.mods.modlauncher.TransformingClassLoader@2db33feb
[14Apr2025 22:07:06.830] [main/DEBUG] [net.minecraftforge.fml.javafmlmod.FMLModContainer/LOADING]: Creating FMLModContainer instance for org.valkyrienskies.mod.forge.common.ValkyrienSkiesModForge with classLoader cpw.mods.modlauncher.TransformingClassLoader@2db33feb & cpw.mods.modlauncher.TransformingClassLoader@2db33feb
[14Apr2025 22:07:06.838] [main/DEBUG] [net.minecraftforge.fml.javafmlmod.FMLJavaModLanguageProvider/LOADING]: Loading FMLModContainer from classloader cpw.mods.modlauncher.TransformingClassLoader@2db33feb - got cpw.mods.modlauncher.TransformingClassLoader@2db33feb
[14Apr2025 22:07:06.839] [main/DEBUG] [net.minecraftforge.fml.javafmlmod.FMLModContainer/LOADING]: Creating FMLModContainer instance for org.valkyrienskies.eureka.forge.EurekaModForge with classLoader cpw.mods.modlauncher.TransformingClassLoader@2db33feb & cpw.mods.modlauncher.TransformingClassLoader@2db33feb
[14Apr2025 22:07:06.844] [main/DEBUG] [net.minecraftforge.fml.javafmlmod.FMLJavaModLanguageProvider/LOADING]: Loading FMLModContainer from classloader cpw.mods.modlauncher.TransformingClassLoader@2db33feb - got cpw.mods.modlauncher.TransformingClassLoader@2db33feb
[14Apr2025 22:07:06.845] [main/DEBUG] [net.minecraftforge.fml.javafmlmod.FMLModContainer/LOADING]: Creating FMLModContainer instance for net.minecraftforge.common.ForgeMod with classLoader cpw.mods.modlauncher.TransformingClassLoader@2db33feb & cpw.mods.modlauncher.TransformingClassLoader@2db33feb
[14Apr2025 22:07:06.905] [main/DEBUG] [net.minecraftforge.fml.javafmlmod.FMLJavaModLanguageProvider/LOADING]: Loading FMLModContainer from classloader cpw.mods.modlauncher.TransformingClassLoader@2db33feb - got cpw.mods.modlauncher.TransformingClassLoader@2db33feb
[14Apr2025 22:07:06.906] [main/DEBUG] [net.minecraftforge.fml.javafmlmod.FMLModContainer/LOADING]: Creating FMLModContainer instance for net.olafkeijsers.fastleafdecay.FastLeafDecay with classLoader cpw.mods.modlauncher.TransformingClassLoader@2db33feb & cpw.mods.modlauncher.TransformingClassLoader@2db33feb
[14Apr2025 22:07:06.911] [main/DEBUG] [net.minecraftforge.fml.javafmlmod.FMLJavaModLanguageProvider/LOADING]: Loading FMLModContainer from classloader cpw.mods.modlauncher.TransformingClassLoader@2db33feb - got cpw.mods.modlauncher.TransformingClassLoader@2db33feb
[14Apr2025 22:07:06.911] [main/DEBUG] [net.minecraftforge.fml.javafmlmod.FMLModContainer/LOADING]: Creating FMLModContainer instance for net.valhelsia.valhelsia_core.ValhelsiaCore with classLoader cpw.mods.modlauncher.TransformingClassLoader@2db33feb & cpw.mods.modlauncher.TransformingClassLoader@2db33feb
[14Apr2025 22:07:06.925] [main/DEBUG] [net.minecraftforge.fml.javafmlmod.FMLJavaModLanguageProvider/LOADING]: Loading FMLModContainer from classloader cpw.mods.modlauncher.TransformingClassLoader@2db33feb - got cpw.mods.modlauncher.TransformingClassLoader@2db33feb
[14Apr2025 22:07:06.928] [main/DEBUG] [net.minecraftforge.fml.javafmlmod.FMLModContainer/LOADING]: Creating FMLModContainer instance for com.stal111.valhelsia_structures.ValhelsiaStructures with classLoader cpw.mods.modlauncher.TransformingClassLoader@2db33feb & cpw.mods.modlauncher.TransformingClassLoader@2db33feb
[14Apr2025 22:07:06.939] [main/DEBUG] [net.minecraftforge.fml.javafmlmod.FMLJavaModLanguageProvider/LOADING]: Loading FMLModContainer from classloader cpw.mods.modlauncher.TransformingClassLoader@2db33feb - got cpw.mods.modlauncher.TransformingClassLoader@2db33feb
[14Apr2025 22:07:06.942] [main/DEBUG] [net.minecraftforge.fml.javafmlmod.FMLModContainer/LOADING]: Creating FMLModContainer instance for software.bernie.example.GeckoLibMod with classLoader cpw.mods.modlauncher.TransformingClassLoader@2db33feb & cpw.mods.modlauncher.TransformingClassLoader@2db33feb
[14Apr2025 22:07:06.951] [main/DEBUG] [net.minecraftforge.fml.javafmlmod.FMLJavaModLanguageProvider/LOADING]: Loading FMLModContainer from classloader cpw.mods.modlauncher.TransformingClassLoader@2db33feb - got cpw.mods.modlauncher.TransformingClassLoader@2db33feb
[14Apr2025 22:07:06.951] [main/DEBUG] [net.minecraftforge.fml.javafmlmod.FMLModContainer/LOADING]: Creating FMLModContainer instance for com.natamus.replantingcrops.Main with classLoader cpw.mods.modlauncher.TransformingClassLoader@2db33feb & cpw.mods.modlauncher.TransformingClassLoader@2db33feb
[14Apr2025 22:07:07.090] [modloading-worker-1/DEBUG] [net.minecraftforge.fml.AutomaticEventSubscriber/LOADING]: Attempting to inject @EventBusSubscriber classes into the eventbus for jei
[14Apr2025 22:07:07.139] [modloading-worker-1/DEBUG] [net.minecraftforge.fml.AutomaticEventSubscriber/LOADING]: Attempting to inject @EventBusSubscriber classes into the eventbus for torohealth
[14Apr2025 22:07:07.187] [modloading-worker-1/INFO] [Spartan Shields/]: Constructing Mod: Spartan Shields
[14Apr2025 22:07:07.292] [modloading-worker-1/DEBUG] [net.minecraftforge.fml.config.ConfigTracker/CONFIG]: Config file spartanshields-common.toml for spartanshields tracking
[14Apr2025 22:07:07.293] [modloading-worker-1/DEBUG] [net.minecraftforge.fml.AutomaticEventSubscriber/LOADING]: Attempting to inject @EventBusSubscriber classes into the eventbus for spartanshields
[14Apr2025 22:07:07.305] [modloading-worker-1/DEBUG] [net.minecraftforge.fml.AutomaticEventSubscriber/LOADING]: Auto-subscribing com.oblivioussp.spartanshields.util.Config to MOD
[14Apr2025 22:07:07.314] [modloading-worker-1/DEBUG] [net.minecraftforge.fml.AutomaticEventSubscriber/LOADING]: Auto-subscribing com.oblivioussp.spartanshields.ModSpartanShields to FORGE
[14Apr2025 22:07:07.338] [modloading-worker-1/DEBUG] [net.minecraftforge.fml.AutomaticEventSubscriber/LOADING]: Auto-subscribing com.oblivioussp.spartanshields.init.ModSounds to MOD
[14Apr2025 22:07:07.339] [modloading-worker-1/DEBUG] [net.minecraftforge.fml.AutomaticEventSubscriber/LOADING]: Auto-subscribing com.oblivioussp.spartanshields.init.ModRecipes to MOD
[14Apr2025 22:07:07.339] [modloading-worker-1/DEBUG] [net.minecraftforge.fml.AutomaticEventSubscriber/LOADING]: Auto-subscribing com.oblivioussp.spartanshields.init.ModItems to MOD
[14Apr2025 22:07:07.363] [modloading-worker-1/DEBUG] [net.minecraftforge.fml.AutomaticEventSubscriber/LOADING]: Auto-subscribing com.oblivioussp.spartanshields.init.ModEnchantments to MOD
[14Apr2025 22:07:07.378] [modloading-worker-1/DEBUG] [net.minecraftforge.fml.AutomaticEventSubscriber/LOADING]: Auto-subscribing com.oblivioussp.spartanshields.event.CommonEventHandler to FORGE
[14Apr2025 22:07:07.542] [modloading-worker-1/DEBUG] [net.minecraftforge.fml.AutomaticEventSubscriber/LOADING]: Attempting to inject @EventBusSubscriber classes into the eventbus for xaerominimap
[14Apr2025 22:07:07.573] [modloading-worker-1/DEBUG] [net.minecraftforge.fml.config.ConfigTracker/CONFIG]: Config file gravestone-server.toml for gravestone tracking
[14Apr2025 22:07:07.582] [modloading-worker-1/DEBUG] [net.minecraftforge.fml.config.ConfigTracker/CONFIG]: Config file gravestone-client.toml for gravestone tracking
[14Apr2025 22:07:07.582] [modloading-worker-1/DEBUG] [net.minecraftforge.fml.AutomaticEventSubscriber/LOADING]: Attempting to inject @EventBusSubscriber classes into the eventbus for gravestone
[14Apr2025 22:07:07.582] [modloading-worker-1/DEBUG] [net.minecraftforge.fml.AutomaticEventSubscriber/LOADING]: Auto-subscribing de.maxhenkel.gravestone.Main to FORGE
[14Apr2025 22:07:07.593] [modloading-worker-1/DEBUG] [net.minecraftforge.fml.config.ConfigTracker/CONFIG]: Config file collective-common.toml for collective tracking
[14Apr2025 22:07:07.594] [modloading-worker-1/DEBUG] [net.minecraftforge.fml.AutomaticEventSubscriber/LOADING]: Attempting to inject @EventBusSubscriber classes into the eventbus for collective
[14Apr2025 22:07:07.594] [modloading-worker-1/DEBUG] [net.minecraftforge.fml.AutomaticEventSubscriber/LOADING]: Auto-subscribing com.natamus.collective.events.CollectiveEvents to FORGE
[14Apr2025 22:07:07.637] [modloading-worker-0/DEBUG] [net.minecraftforge.fml.AutomaticEventSubscriber/LOADING]: Attempting to inject @EventBusSubscriber classes into the eventbus for piratesandlootersreborn
[14Apr2025 22:07:07.643] [modloading-worker-0/DEBUG] [net.minecraftforge.fml.AutomaticEventSubscriber/LOADING]: Auto-subscribing net.mcreator.piratesandlootersreborn.world.structure.Wyspapalmy5Structure to FORGE
[14Apr2025 22:07:07.663] [modloading-worker-1/DEBUG] [net.minecraftforge.fml.config.ConfigTracker/CONFIG]: Config file citadel-common.toml for citadel tracking
[14Apr2025 22:07:07.674] [modloading-worker-0/DEBUG] [net.minecraftforge.fml.AutomaticEventSubscriber/LOADING]: Auto-subscribing net.mcreator.piratesandlootersreborn.world.structure.Wyspapalmy5Structure$FeatureRegisterHandler to MOD
[14Apr2025 22:07:07.675] [modloading-worker-0/DEBUG] [net.minecraftforge.fml.AutomaticEventSubscriber/LOADING]: Auto-subscribing net.mcreator.piratesandlootersreborn.world.structure.Wyspapalmy4Structure to FORGE
[14Apr2025 22:07:07.677] [modloading-worker-0/DEBUG] [net.minecraftforge.fml.AutomaticEventSubscriber/LOADING]: Auto-subscribing net.mcreator.piratesandlootersreborn.world.structure.Wyspapalmy4Structure$FeatureRegisterHandler to MOD
[14Apr2025 22:07:07.684] [modloading-worker-0/DEBUG] [net.minecraftforge.fml.AutomaticEventSubscriber/LOADING]: Auto-subscribing net.mcreator.piratesandlootersreborn.world.structure.Wyspapalmy3Structure to FORGE
[14Apr2025 22:07:07.702] [modloading-worker-0/DEBUG] [net.minecraftforge.fml.AutomaticEventSubscriber/LOADING]: Auto-subscribing net.mcreator.piratesandlootersreborn.world.structure.Wyspapalmy3Structure$FeatureRegisterHandler to MOD
[14Apr2025 22:07:07.710] [modloading-worker-3/DEBUG] [net.minecraftforge.fml.AutomaticEventSubscriber/LOADING]: Attempting to inject @EventBusSubscriber classes into the eventbus for ancientjapan
[14Apr2025 22:07:07.712] [modloading-worker-3/DEBUG] [net.minecraftforge.fml.AutomaticEventSubscriber/LOADING]: Auto-subscribing net.mcreator.ancientjapan.world.structure.IceSpike3Structure to FORGE
[14Apr2025 22:07:07.712] [modloading-worker-3/DEBUG] [net.minecraftforge.fml.AutomaticEventSubscriber/LOADING]: Auto-subscribing net.mcreator.ancientjapan.world.structure.IceSpike3Structure$FeatureRegisterHandler to MOD
[14Apr2025 22:07:07.713] [modloading-worker-0/DEBUG] [net.minecraftforge.fml.AutomaticEventSubscriber/LOADING]: Auto-subscribing net.mcreator.piratesandlootersreborn.world.structure.Wyspapalmy2Structure to FORGE
[14Apr2025 22:07:07.716] [modloading-worker-0/DEBUG] [net.minecraftforge.fml.AutomaticEventSubscriber/LOADING]: Auto-subscribing net.mcreator.piratesandlootersreborn.world.structure.Wyspapalmy2Structure$FeatureRegisterHandler to MOD
[14Apr2025 22:07:07.717] [modloading-worker-0/DEBUG] [net.minecraftforge.fml.AutomaticEventSubscriber/LOADING]: Auto-subscribing net.mcreator.piratesandlootersreborn.world.structure.Wyspapalmy1Structure to FORGE
[14Apr2025 22:07:07.733] [modloading-worker-0/DEBUG] [net.minecraftforge.fml.AutomaticEventSubscriber/LOADING]: Auto-subscribing net.mcreator.piratesandlootersreborn.world.structure.Wyspapalmy1Structure$FeatureRegisterHandler to MOD
[14Apr2025 22:07:07.734] [modloading-worker-0/DEBUG] [net.minecraftforge.fml.AutomaticEventSubscriber/LOADING]: Auto-subscribing net.mcreator.piratesandlootersreborn.world.structure.Wyspa7Structure to FORGE
[14Apr2025 22:07:07.734] [modloading-worker-0/DEBUG] [net.minecraftforge.fml.AutomaticEventSubscriber/LOADING]: Auto-subscribing net.mcreator.piratesandlootersreborn.world.structure.Wyspa7Structure$FeatureRegisterHandler to MOD
[14Apr2025 22:07:07.732] [modloading-worker-3/DEBUG] [net.minecraftforge.fml.AutomaticEventSubscriber/LOADING]: Auto-subscribing net.mcreator.ancientjapan.world.structure.IceSpike2Structure to FORGE
[14Apr2025 22:07:07.719] [modloading-worker-1/DEBUG] [net.minecraftforge.fml.AutomaticEventSubscriber/LOADING]: Attempting to inject @EventBusSubscriber classes into the eventbus for citadel
[14Apr2025 22:07:07.735] [modloading-worker-3/DEBUG] [net.minecraftforge.fml.AutomaticEventSubscriber/LOADING]: Auto-subscribing net.mcreator.ancientjapan.world.structure.IceSpike2Structure$FeatureRegisterHandler to MOD
[14Apr2025 22:07:07.736] [modloading-worker-3/DEBUG] [net.minecraftforge.fml.AutomaticEventSubscriber/LOADING]: Auto-subscribing net.mcreator.ancientjapan.world.structure.IceSpike1Structure to FORGE
[14Apr2025 22:07:07.737] [modloading-worker-1/DEBUG] [net.minecraftforge.fml.AutomaticEventSubscriber/LOADING]: Auto-subscribing com.github.alexthe666.citadel.ServerProxy to MOD
[14Apr2025 22:07:07.740] [modloading-worker-3/DEBUG] [net.minecraftforge.fml.AutomaticEventSubscriber/LOADING]: Auto-subscribing net.mcreator.ancientjapan.world.structure.IceSpike1Structure$FeatureRegisterHandler to MOD
[14Apr2025 22:07:07.744] [modloading-worker-3/DEBUG] [net.minecraftforge.fml.AutomaticEventSubscriber/LOADING]: Auto-subscribing net.mcreator.ancientjapan.world.structure.FireSpike3Structure to FORGE
[14Apr2025 22:07:07.747] [modloading-worker-3/DEBUG] [net.minecraftforge.fml.AutomaticEventSubscriber/LOADING]: Auto-subscribing net.mcreator.ancientjapan.world.structure.FireSpike3Structure$FeatureRegisterHandler to MOD
[14Apr2025 22:07:07.748] [modloading-worker-3/DEBUG] [net.minecraftforge.fml.AutomaticEventSubscriber/LOADING]: Auto-subscribing net.mcreator.ancientjapan.world.structure.FireSpike2Structure to FORGE
[14Apr2025 22:07:07.749] [modloading-worker-0/DEBUG] [net.minecraftforge.fml.AutomaticEventSubscriber/LOADING]: Auto-subscribing net.mcreator.piratesandlootersreborn.world.structure.Wyspa6Structure to FORGE
[14Apr2025 22:07:07.753] [modloading-worker-0/DEBUG] [net.minecraftforge.fml.AutomaticEventSubscriber/LOADING]: Auto-subscribing net.mcreator.piratesandlootersreborn.world.structure.Wyspa6Structure$FeatureRegisterHandler to MOD
[14Apr2025 22:07:07.754] [modloading-worker-0/DEBUG] [net.minecraftforge.fml.AutomaticEventSubscriber/LOADING]: Auto-subscribing net.mcreator.piratesandlootersreborn.world.structure.Wyspa5Structure to FORGE
[14Apr2025 22:07:07.755] [modloading-worker-3/DEBUG] [net.minecraftforge.fml.AutomaticEventSubscriber/LOADING]: Auto-subscribing net.mcreator.ancientjapan.world.structure.FireSpike2Structure$FeatureRegisterHandler to MOD
[14Apr2025 22:07:07.756] [modloading-worker-3/DEBUG] [net.minecraftforge.fml.AutomaticEventSubscriber/LOADING]: Auto-subscribing net.mcreator.ancientjapan.world.structure.FireSpike1Structure to FORGE
[14Apr2025 22:07:07.759] [modloading-worker-3/DEBUG] [net.minecraftforge.fml.AutomaticEventSubscriber/LOADING]: Auto-subscribing net.mcreator.ancientjapan.world.structure.FireSpike1Structure$FeatureRegisterHandler to MOD
[14Apr2025 22:07:07.756] [modloading-worker-0/DEBUG] [net.minecraftforge.fml.AutomaticEventSubscriber/LOADING]: Auto-subscribing net.mcreator.piratesandlootersreborn.world.structure.Wyspa5Structure$FeatureRegisterHandler to MOD
[14Apr2025 22:07:07.764] [modloading-worker-0/DEBUG] [net.minecraftforge.fml.AutomaticEventSubscriber/LOADING]: Auto-subscribing net.mcreator.piratesandlootersreborn.world.structure.Wyspa4Structure to FORGE
[14Apr2025 22:07:07.765] [modloading-worker-0/DEBUG] [net.minecraftforge.fml.AutomaticEventSubscriber/LOADING]: Auto-subscribing net.mcreator.piratesandlootersreborn.world.structure.Wyspa4Structure$FeatureRegisterHandler to MOD
[14Apr2025 22:07:07.770] [modloading-worker-3/DEBUG] [net.minecraftforge.fml.AutomaticEventSubscriber/LOADING]: Auto-subscribing net.mcreator.ancientjapan.procedures.VanillaCustomDropsProcedure$GlobalTrigger to FORGE
[14Apr2025 22:07:07.773] [modloading-worker-0/DEBUG] [net.minecraftforge.fml.AutomaticEventSubscriber/LOADING]: Auto-subscribing net.mcreator.piratesandlootersreborn.world.structure.Wyspa3Structure to FORGE
[14Apr2025 22:07:07.832] [modloading-worker-0/DEBUG] [net.minecraftforge.fml.AutomaticEventSubscriber/LOADING]: Auto-subscribing net.mcreator.piratesandlootersreborn.world.structure.Wyspa3Structure$FeatureRegisterHandler to MOD
[14Apr2025 22:07:07.832] [modloading-worker-3/DEBUG] [net.minecraftforge.fml.AutomaticEventSubscriber/LOADING]: Auto-subscribing net.mcreator.ancientjapan.particle.SteamParticle to MOD
[14Apr2025 22:07:07.833] [modloading-worker-3/DEBUG] [net.minecraftforge.fml.AutomaticEventSubscriber/LOADING]: Auto-subscribing net.mcreator.ancientjapan.entity.MacaqueGeckolibEntity to MOD
[14Apr2025 22:07:07.833] [modloading-worker-0/DEBUG] [net.minecraftforge.fml.AutomaticEventSubscriber/LOADING]: Auto-subscribing net.mcreator.piratesandlootersreborn.world.structure.Wyspa2Structure to FORGE
[14Apr2025 22:07:07.834] [modloading-worker-0/DEBUG] [net.minecraftforge.fml.AutomaticEventSubscriber/LOADING]: Auto-subscribing net.mcreator.piratesandlootersreborn.world.structure.Wyspa2Structure$FeatureRegisterHandler to MOD
[14Apr2025 22:07:07.841] [modloading-worker-0/DEBUG] [net.minecraftforge.fml.AutomaticEventSubscriber/LOADING]: Auto-subscribing net.mcreator.piratesandlootersreborn.world.structure.Wyspa1Structure to FORGE
[14Apr2025 22:07:07.844] [modloading-worker-0/DEBUG] [net.minecraftforge.fml.AutomaticEventSubscriber/LOADING]: Auto-subscribing net.mcreator.piratesandlootersreborn.world.structure.Wyspa1Structure$FeatureRegisterHandler to MOD
[14Apr2025 22:07:07.845] [modloading-worker-1/DEBUG] [net.minecraftforge.fml.config.ConfigTracker/CONFIG]: Config file alexsmobs.toml for alexsmobs tracking
[14Apr2025 22:07:07.854] [modloading-worker-0/DEBUG] [net.minecraftforge.fml.AutomaticEventSubscriber/LOADING]: Auto-subscribing net.mcreator.piratesandlootersreborn.world.structure.Tratwa6Structure to FORGE
[14Apr2025 22:07:07.855] [modloading-worker-0/DEBUG] [net.minecraftforge.fml.AutomaticEventSubscriber/LOADING]: Auto-subscribing net.mcreator.piratesandlootersreborn.world.structure.Tratwa6Structure$FeatureRegisterHandler to MOD
[14Apr2025 22:07:07.856] [modloading-worker-0/DEBUG] [net.minecraftforge.fml.AutomaticEventSubscriber/LOADING]: Auto-subscribing net.mcreator.piratesandlootersreborn.world.structure.Tratwa5Structure to FORGE
[14Apr2025 22:07:07.859] [modloading-worker-0/DEBUG] [net.minecraftforge.fml.AutomaticEventSubscriber/LOADING]: Auto-subscribing net.mcreator.piratesandlootersreborn.world.structure.Tratwa5Structure$FeatureRegisterHandler to MOD
[14Apr2025 22:07:07.860] [modloading-worker-0/DEBUG] [net.minecraftforge.fml.AutomaticEventSubscriber/LOADING]: Auto-subscribing net.mcreator.piratesandlootersreborn.world.structure.Tratwa4Structure to FORGE
[14Apr2025 22:07:07.861] [modloading-worker-0/DEBUG] [net.minecraftforge.fml.AutomaticEventSubscriber/LOADING]: Auto-subscribing net.mcreator.piratesandlootersreborn.world.structure.Tratwa4Structure$FeatureRegisterHandler to MOD
[14Apr2025 22:07:07.872] [modloading-worker-0/DEBUG] [net.minecraftforge.fml.AutomaticEventSubscriber/LOADING]: Auto-subscribing net.mcreator.piratesandlootersreborn.world.structure.Tratwa3Structure to FORGE
[14Apr2025 22:07:07.885] [modloading-worker-0/DEBUG] [net.minecraftforge.fml.AutomaticEventSubscriber/LOADING]: Auto-subscribing net.mcreator.piratesandlootersreborn.world.structure.Tratwa3Structure$FeatureRegisterHandler to MOD
[14Apr2025 22:07:07.886] [modloading-worker-0/DEBUG] [net.minecraftforge.fml.AutomaticEventSubscriber/LOADING]: Auto-subscribing net.mcreator.piratesandlootersreborn.world.structure.Tratwa2Structure to FORGE
[14Apr2025 22:07:07.887] [modloading-worker-0/DEBUG] [net.minecraftforge.fml.AutomaticEventSubscriber/LOADING]: Auto-subscribing net.mcreator.piratesandlootersreborn.world.structure.Tratwa2Structure$FeatureRegisterHandler to MOD
[14Apr2025 22:07:07.897] [modloading-worker-0/DEBUG] [net.minecraftforge.fml.AutomaticEventSubscriber/LOADING]: Auto-subscribing net.mcreator.piratesandlootersreborn.world.structure.Tratwa1Structure to FORGE
[14Apr2025 22:07:07.898] [modloading-worker-0/DEBUG] [net.minecraftforge.fml.AutomaticEventSubscriber/LOADING]: Auto-subscribing net.mcreator.piratesandlootersreborn.world.structure.Tratwa1Structure$FeatureRegisterHandler to MOD
[14Apr2025 22:07:07.899] [modloading-worker-0/DEBUG] [net.minecraftforge.fml.AutomaticEventSubscriber/LOADING]: Auto-subscribing net.mcreator.piratesandlootersreborn.world.structure.SkeletonShip3Structure to FORGE
[14Apr2025 22:07:07.902] [modloading-worker-0/DEBUG] [net.minecraftforge.fml.AutomaticEventSubscriber/LOADING]: Auto-subscribing net.mcreator.piratesandlootersreborn.world.structure.SkeletonShip3Structure$FeatureRegisterHandler to MOD
[14Apr2025 22:07:07.909] [modloading-worker-3/DEBUG] [net.minecraftforge.fml.config.ConfigTracker/CONFIG]: Config file sophisticatedbackpacks-common.toml for sophisticatedbackpacks tracking
[14Apr2025 22:07:07.910] [modloading-worker-3/DEBUG] [net.minecraftforge.fml.config.ConfigTracker/CONFIG]: Config file sophisticatedbackpacks-client.toml for sophisticatedbackpacks tracking
[14Apr2025 22:07:07.916] [modloading-worker-0/DEBUG] [net.minecraftforge.fml.AutomaticEventSubscriber/LOADING]: Auto-subscribing net.mcreator.piratesandlootersreborn.world.structure.SkeletonShip2Structure to FORGE
[14Apr2025 22:07:07.921] [modloading-worker-0/DEBUG] [net.minecraftforge.fml.AutomaticEventSubscriber/LOADING]: Auto-subscribing net.mcreator.piratesandlootersreborn.world.structure.SkeletonShip2Structure$FeatureRegisterHandler to MOD
[14Apr2025 22:07:07.922] [modloading-worker-1/DEBUG] [net.minecraftforge.fml.AutomaticEventSubscriber/LOADING]: Attempting to inject @EventBusSubscriber classes into the eventbus for alexsmobs
[14Apr2025 22:07:07.922] [modloading-worker-1/DEBUG] [net.minecraftforge.fml.AutomaticEventSubscriber/LOADING]: Auto-subscribing com.github.alexthe666.alexsmobs.world.AMWorldRegistry to MOD
[14Apr2025 22:07:07.924] [modloading-worker-1/DEBUG] [net.minecraftforge.fml.AutomaticEventSubscriber/LOADING]: Auto-subscribing com.github.alexthe666.alexsmobs.tileentity.AMTileEntityRegistry to MOD
[14Apr2025 22:07:07.929] [modloading-worker-0/DEBUG] [net.minecraftforge.fml.AutomaticEventSubscriber/LOADING]: Auto-subscribing net.mcreator.piratesandlootersreborn.world.structure.SkeletonShip1Structure to FORGE
[14Apr2025 22:07:07.930] [modloading-worker-0/DEBUG] [net.minecraftforge.fml.AutomaticEventSubscriber/LOADING]: Auto-subscribing net.mcreator.piratesandlootersreborn.world.structure.SkeletonShip1Structure$FeatureRegisterHandler to MOD
[14Apr2025 22:07:07.936] [modloading-worker-0/DEBUG] [net.minecraftforge.fml.AutomaticEventSubscriber/LOADING]: Auto-subscribing net.mcreator.piratesandlootersreborn.world.structure.ShipbigStructure to FORGE
[14Apr2025 22:07:07.937] [modloading-worker-0/DEBUG] [net.minecraftforge.fml.AutomaticEventSubscriber/LOADING]: Auto-subscribing net.mcreator.piratesandlootersreborn.world.structure.ShipbigStructure$FeatureRegisterHandler to MOD
[14Apr2025 22:07:07.938] [modloading-worker-0/DEBUG] [net.minecraftforge.fml.AutomaticEventSubscriber/LOADING]: Auto-subscribing net.mcreator.piratesandlootersreborn.world.structure.Shipbig2Structure to FORGE
[14Apr2025 22:07:07.941] [modloading-worker-0/DEBUG] [net.minecraftforge.fml.AutomaticEventSubscriber/LOADING]: Auto-subscribing net.mcreator.piratesandlootersreborn.world.structure.Shipbig2Structure$FeatureRegisterHandler to MOD
[14Apr2025 22:07:07.953] [modloading-worker-0/DEBUG] [net.minecraftforge.fml.AutomaticEventSubscriber/LOADING]: Auto-subscribing net.mcreator.piratesandlootersreborn.world.structure.Ship9Structure to FORGE
[14Apr2025 22:07:07.954] [modloading-worker-0/DEBUG] [net.minecraftforge.fml.AutomaticEventSubscriber/LOADING]: Auto-subscribing net.mcreator.piratesandlootersreborn.world.structure.Ship9Structure$FeatureRegisterHandler to MOD
[14Apr2025 22:07:07.955] [modloading-worker-0/DEBUG] [net.minecraftforge.fml.AutomaticEventSubscriber/LOADING]: Auto-subscribing net.mcreator.piratesandlootersreborn.world.structure.Ship8Structure to FORGE
[14Apr2025 22:07:07.958] [modloading-worker-0/DEBUG] [net.minecraftforge.fml.AutomaticEventSubscriber/LOADING]: Auto-subscribing net.mcreator.piratesandlootersreborn.world.structure.Ship8Structure$FeatureRegisterHandler to MOD
[14Apr2025 22:07:07.959] [modloading-worker-0/DEBUG] [net.minecraftforge.fml.AutomaticEventSubscriber/LOADING]: Auto-subscribing net.mcreator.piratesandlootersreborn.world.structure.Ship7Structure to FORGE
[14Apr2025 22:07:07.962] [modloading-worker-0/DEBUG] [net.minecraftforge.fml.AutomaticEventSubscriber/LOADING]: Auto-subscribing net.mcreator.piratesandlootersreborn.world.structure.Ship7Structure$FeatureRegisterHandler to MOD
[14Apr2025 22:07:07.966] [modloading-worker-0/DEBUG] [net.minecraftforge.fml.AutomaticEventSubscriber/LOADING]: Auto-subscribing net.mcreator.piratesandlootersreborn.world.structure.Ship6Structure to FORGE
[14Apr2025 22:07:07.982] [modloading-worker-0/DEBUG] [net.minecraftforge.fml.AutomaticEventSubscriber/LOADING]: Auto-subscribing net.mcreator.piratesandlootersreborn.world.structure.Ship6Structure$FeatureRegisterHandler to MOD
[14Apr2025 22:07:07.975] [modloading-worker-1/DEBUG] [net.minecraftforge.fml.AutomaticEventSubscriber/LOADING]: Auto-subscribing com.github.alexthe666.alexsmobs.misc.AMSoundRegistry to MOD
[14Apr2025 22:07:07.985] [modloading-worker-1/DEBUG] [net.minecraftforge.fml.AutomaticEventSubscriber/LOADING]: Auto-subscribing com.github.alexthe666.alexsmobs.misc.AMPointOfInterestRegistry to MOD
[14Apr2025 22:07:07.993] [modloading-worker-1/DEBUG] [net.minecraftforge.fml.AutomaticEventSubscriber/LOADING]: Auto-subscribing com.github.alexthe666.alexsmobs.item.AMItemRegistry to MOD
[14Apr2025 22:07:07.986] [modloading-worker-0/DEBUG] [net.minecraftforge.fml.AutomaticEventSubscriber/LOADING]: Auto-subscribing net.mcreator.piratesandlootersreborn.world.structure.Ship5Structure to FORGE
[14Apr2025 22:07:07.995] [modloading-worker-0/DEBUG] [net.minecraftforge.fml.AutomaticEventSubscriber/LOADING]: Auto-subscribing net.mcreator.piratesandlootersreborn.world.structure.Ship5Structure$FeatureRegisterHandler to MOD
[14Apr2025 22:07:07.996] [modloading-worker-0/DEBUG] [net.minecraftforge.fml.AutomaticEventSubscriber/LOADING]: Auto-subscribing net.mcreator.piratesandlootersreborn.world.structure.Ship4Structure to FORGE
[14Apr2025 22:07:08.005] [modloading-worker-0/DEBUG] [net.minecraftforge.fml.AutomaticEventSubscriber/LOADING]: Auto-subscribing net.mcreator.piratesandlootersreborn.world.structure.Ship4Structure$FeatureRegisterHandler to MOD
[14Apr2025 22:07:08.006] [modloading-worker-0/DEBUG] [net.minecraftforge.fml.AutomaticEventSubscriber/LOADING]: Auto-subscribing net.mcreator.piratesandlootersreborn.world.structure.Ship3Structure to FORGE
[14Apr2025 22:07:08.007] [modloading-worker-0/DEBUG] [net.minecraftforge.fml.AutomaticEventSubscriber/LOADING]: Auto-subscribing net.mcreator.piratesandlootersreborn.world.structure.Ship3Structure$FeatureRegisterHandler to MOD
[14Apr2025 22:07:08.011] [modloading-worker-0/DEBUG] [net.minecraftforge.fml.AutomaticEventSubscriber/LOADING]: Auto-subscribing net.mcreator.piratesandlootersreborn.world.structure.Ship2Structure to FORGE
[14Apr2025 22:07:08.012] [modloading-worker-0/DEBUG] [net.minecraftforge.fml.AutomaticEventSubscriber/LOADING]: Auto-subscribing net.mcreator.piratesandlootersreborn.world.structure.Ship2Structure$FeatureRegisterHandler to MOD
[14Apr2025 22:07:08.016] [modloading-worker-0/DEBUG] [net.minecraftforge.fml.AutomaticEventSubscriber/LOADING]: Auto-subscribing net.mcreator.piratesandlootersreborn.world.structure.Ship1Structure to FORGE
[14Apr2025 22:07:08.016] [modloading-worker-0/DEBUG] [net.minecraftforge.fml.AutomaticEventSubscriber/LOADING]: Auto-subscribing net.mcreator.piratesandlootersreborn.world.structure.Ship1Structure$FeatureRegisterHandler to MOD
[14Apr2025 22:07:08.020] [modloading-worker-0/DEBUG] [net.minecraftforge.fml.AutomaticEventSubscriber/LOADING]: Auto-subscribing net.mcreator.piratesandlootersreborn.world.structure.Ship14Structure to FORGE
[14Apr2025 22:07:08.023] [modloading-worker-0/DEBUG] [net.minecraftforge.fml.AutomaticEventSubscriber/LOADING]: Auto-subscribing net.mcreator.piratesandlootersreborn.world.structure.Ship14Structure$FeatureRegisterHandler to MOD
[14Apr2025 22:07:08.024] [modloading-worker-0/DEBUG] [net.minecraftforge.fml.AutomaticEventSubscriber/LOADING]: Auto-subscribing net.mcreator.piratesandlootersreborn.world.structure.Ship13Structure to FORGE
[14Apr2025 22:07:08.027] [modloading-worker-0/DEBUG] [net.minecraftforge.fml.AutomaticEventSubscriber/LOADING]: Auto-subscribing net.mcreator.piratesandlootersreborn.world.structure.Ship13Structure$FeatureRegisterHandler to MOD
[14Apr2025 22:07:08.028] [modloading-worker-0/DEBUG] [net.minecraftforge.fml.AutomaticEventSubscriber/LOADING]: Auto-subscribing net.mcreator.piratesandlootersreborn.world.structure.Ship12Structure to FORGE
[14Apr2025 22:07:08.031] [modloading-worker-0/DEBUG] [net.minecraftforge.fml.AutomaticEventSubscriber/LOADING]: Auto-subscribing net.mcreator.piratesandlootersreborn.world.structure.Ship12Structure$FeatureRegisterHandler to MOD
[14Apr2025 22:07:08.038] [modloading-worker-0/DEBUG] [net.minecraftforge.fml.AutomaticEventSubscriber/LOADING]: Auto-subscribing net.mcreator.piratesandlootersreborn.world.structure.Ship11Structure to FORGE
[14Apr2025 22:07:08.038] [modloading-worker-0/DEBUG] [net.minecraftforge.fml.AutomaticEventSubscriber/LOADING]: Auto-subscribing net.mcreator.piratesandlootersreborn.world.structure.Ship11Structure$FeatureRegisterHandler to MOD
[14Apr2025 22:07:08.040] [modloading-worker-0/DEBUG] [net.minecraftforge.fml.AutomaticEventSubscriber/LOADING]: Auto-subscribing net.mcreator.piratesandlootersreborn.world.structure.Ship10Structure to FORGE
[14Apr2025 22:07:08.043] [modloading-worker-0/DEBUG] [net.minecraftforge.fml.AutomaticEventSubscriber/LOADING]: Auto-subscribing net.mcreator.piratesandlootersreborn.world.structure.Ship10Structure$FeatureRegisterHandler to MOD
[14Apr2025 22:07:08.044] [modloading-worker-0/DEBUG] [net.minecraftforge.fml.AutomaticEventSubscriber/LOADING]: Auto-subscribing net.mcreator.piratesandlootersreborn.world.structure.Rozbitek3Structure to FORGE
[14Apr2025 22:07:08.047] [modloading-worker-0/DEBUG] [net.minecraftforge.fml.AutomaticEventSubscriber/LOADING]: Auto-subscribing net.mcreator.piratesandlootersreborn.world.structure.Rozbitek3Structure$FeatureRegisterHandler to MOD
[14Apr2025 22:07:08.049] [modloading-worker-0/DEBUG] [net.minecraftforge.fml.AutomaticEventSubscriber/LOADING]: Auto-subscribing net.mcreator.piratesandlootersreborn.world.structure.Rozbitek2Structure to FORGE
[14Apr2025 22:07:08.050] [modloading-worker-0/DEBUG] [net.minecraftforge.fml.AutomaticEventSubscriber/LOADING]: Auto-subscribing net.mcreator.piratesandlootersreborn.world.structure.Rozbitek2Structure$FeatureRegisterHandler to MOD
[14Apr2025 22:07:08.051] [modloading-worker-0/DEBUG] [net.minecraftforge.fml.AutomaticEventSubscriber/LOADING]: Auto-subscribing net.mcreator.piratesandlootersreborn.world.structure.Rozbitek1Structure to FORGE
[14Apr2025 22:07:08.060] [modloading-worker-0/DEBUG] [net.minecraftforge.fml.AutomaticEventSubscriber/LOADING]: Auto-subscribing net.mcreator.piratesandlootersreborn.world.structure.Rozbitek1Structure$FeatureRegisterHandler to MOD
[14Apr2025 22:07:08.067] [modloading-worker-0/DEBUG] [net.minecraftforge.fml.AutomaticEventSubscriber/LOADING]: Auto-subscribing net.mcreator.piratesandlootersreborn.world.structure.Dugedeonpiratesv2Structure to FORGE
[14Apr2025 22:07:08.069] [modloading-worker-0/DEBUG] [net.minecraftforge.fml.AutomaticEventSubscriber/LOADING]: Auto-subscribing net.mcreator.piratesandlootersreborn.world.structure.Dugedeonpiratesv2Structure$FeatureRegisterHandler to MOD
[14Apr2025 22:07:08.073] [modloading-worker-0/DEBUG] [net.minecraftforge.fml.AutomaticEventSubscriber/LOADING]: Auto-subscribing net.mcreator.piratesandlootersreborn.world.structure.DugedeonpiratesinbeachesStructure to FORGE
[14Apr2025 22:07:08.075] [modloading-worker-0/DEBUG] [net.minecraftforge.fml.AutomaticEventSubscriber/LOADING]: Auto-subscribing net.mcreator.piratesandlootersreborn.world.structure.DugedeonpiratesinbeachesStructure$FeatureRegisterHandler to MOD
[14Apr2025 22:07:08.090] [modloading-worker-0/DEBUG] [net.minecraftforge.fml.AutomaticEventSubscriber/LOADING]: Auto-subscribing net.mcreator.piratesandlootersreborn.world.structure.AlbrechtShipStructure to FORGE
[14Apr2025 22:07:08.091] [modloading-worker-0/DEBUG] [net.minecraftforge.fml.AutomaticEventSubscriber/LOADING]: Auto-subscribing net.mcreator.piratesandlootersreborn.world.structure.AlbrechtShipStructure$FeatureRegisterHandler to MOD
[14Apr2025 22:07:08.092] [modloading-worker-0/DEBUG] [net.minecraftforge.fml.AutomaticEventSubscriber/LOADING]: Auto-subscribing net.mcreator.piratesandlootersreborn.particle.KrakenSummonParticleParticle to MOD
[14Apr2025 22:07:08.103] [modloading-worker-0/INFO] [Spartan Weaponry/]: Constructing Mod: Spartan Weaponry
[14Apr2025 22:07:08.103] [modloading-worker-0/INFO] [Spartan Weaponry/]: Initialising API! Version: 6
[14Apr2025 22:07:08.148] [modloading-worker-0/DEBUG] [net.minecraftforge.fml.config.ConfigTracker/CONFIG]: Config file spartanweaponry-common.toml for spartanweaponry tracking
[14Apr2025 22:07:08.156] [modloading-worker-0/DEBUG] [net.minecraftforge.fml.config.ConfigTracker/CONFIG]: Config file spartanweaponry-client.toml for spartanweaponry tracking
[14Apr2025 22:07:08.156] [modloading-worker-0/DEBUG] [net.minecraftforge.fml.AutomaticEventSubscriber/LOADING]: Attempting to inject @EventBusSubscriber classes into the eventbus for spartanweaponry
[14Apr2025 22:07:08.157] [modloading-worker-0/DEBUG] [net.minecraftforge.fml.AutomaticEventSubscriber/LOADING]: Auto-subscribing com.oblivioussp.spartanweaponry.util.Config to MOD
[14Apr2025 22:07:08.157] [modloading-worker-0/DEBUG] [net.minecraftforge.fml.AutomaticEventSubscriber/LOADING]: Auto-subscribing com.oblivioussp.spartanweaponry.util.ClientConfig to MOD
[14Apr2025 22:07:08.159] [modloading-worker-0/DEBUG] [net.minecraftforge.fml.AutomaticEventSubscriber/LOADING]: Auto-subscribing com.oblivioussp.spartanweaponry.ModSpartanWeaponry to MOD
[14Apr2025 22:07:08.159] [modloading-worker-0/DEBUG] [net.minecraftforge.fml.AutomaticEventSubscriber/LOADING]: Auto-subscribing com.oblivioussp.spartanweaponry.init.ModTileEntities to MOD
[14Apr2025 22:07:08.160] [modloading-worker-0/DEBUG] [net.minecraftforge.fml.AutomaticEventSubscriber/LOADING]: Auto-subscribing com.oblivioussp.spartanweaponry.init.ModSounds to MOD
[14Apr2025 22:07:08.170] [modloading-worker-0/DEBUG] [net.minecraftforge.fml.AutomaticEventSubscriber/LOADING]: Auto-subscribing com.oblivioussp.spartanweaponry.init.ModRecipeSerializers to MOD
[14Apr2025 22:07:08.171] [modloading-worker-0/DEBUG] [net.minecraftforge.fml.AutomaticEventSubscriber/LOADING]: Auto-subscribing com.oblivioussp.spartanweaponry.init.ModLootModifiers to MOD
[14Apr2025 22:07:08.172] [modloading-worker-0/DEBUG] [net.minecraftforge.fml.AutomaticEventSubscriber/LOADING]: Auto-subscribing com.oblivioussp.spartanweaponry.init.ModItems to MOD
[14Apr2025 22:07:08.196] [modloading-worker-3/DEBUG] [mixin/]: Mixing resource.MixinServerResources from valkyrienskies-common.mixins.json into net.minecraft.resources.DataPackRegistries
[14Apr2025 22:07:08.240] [modloading-worker-3/DEBUG] [net.minecraftforge.fml.AutomaticEventSubscriber/LOADING]: Attempting to inject @EventBusSubscriber classes into the eventbus for sophisticatedbackpacks
[14Apr2025 22:07:08.369] [modloading-worker-0/DEBUG] [net.minecraftforge.fml.AutomaticEventSubscriber/LOADING]: Auto-subscribing com.oblivioussp.spartanweaponry.init.ModEntities to MOD
[14Apr2025 22:07:08.376] [modloading-worker-3/DEBUG] [mixin/]: Mixing feature.explosions.MixinExplosion from valkyrienskies-common.mixins.json into net.minecraft.world.Explosion
[14Apr2025 22:07:08.380] [modloading-worker-3/DEBUG] [mixin/]: Renaming synthetic method lambda$afterExplode$0(DDD)V to md388bc4$lambda$afterExplode$0$0 in valkyrienskies-common.mixins.json:feature.explosions.MixinExplosion
[14Apr2025 22:07:08.386] [modloading-worker-0/DEBUG] [net.minecraftforge.fml.AutomaticEventSubscriber/LOADING]: Auto-subscribing com.oblivioussp.spartanweaponry.init.ModEnchantments to MOD
[14Apr2025 22:07:08.416] [modloading-worker-3/DEBUG] [mixin/]: Mixing server.command.MixinCommands from valkyrienskies-common.mixins.json into net.minecraft.command.Commands
[14Apr2025 22:07:08.428] [modloading-worker-0/DEBUG] [net.minecraftforge.fml.AutomaticEventSubscriber/LOADING]: Auto-subscribing com.oblivioussp.spartanweaponry.init.ModContainers to MOD
[14Apr2025 22:07:08.440] [modloading-worker-0/DEBUG] [net.minecraftforge.fml.AutomaticEventSubscriber/LOADING]: Auto-subscribing com.oblivioussp.spartanweaponry.init.ModBlocks to MOD
[14Apr2025 22:07:08.446] [modloading-worker-0/DEBUG] [net.minecraftforge.fml.AutomaticEventSubscriber/LOADING]: Auto-subscribing com.oblivioussp.spartanweaponry.init.ModAttributes to MOD
[14Apr2025 22:07:08.450] [modloading-worker-0/DEBUG] [net.minecraftforge.fml.AutomaticEventSubscriber/LOADING]: Auto-subscribing com.oblivioussp.spartanweaponry.init.MissingMappings to FORGE
[14Apr2025 22:07:08.516] [modloading-worker-0/DEBUG] [net.minecraftforge.fml.AutomaticEventSubscriber/LOADING]: Auto-subscribing com.oblivioussp.spartanweaponry.event.DataGenEventHandler to MOD
[14Apr2025 22:07:08.517] [modloading-worker-0/DEBUG] [net.minecraftforge.fml.AutomaticEventSubscriber/LOADING]: Auto-subscribing com.oblivioussp.spartanweaponry.event.CommonEventHandler to FORGE
[14Apr2025 22:07:08.527] [modloading-worker-0/DEBUG] [net.minecraftforge.fml.AutomaticEventSubscriber/LOADING]: Attempting to inject @EventBusSubscriber classes into the eventbus for cloth-config
[14Apr2025 22:07:08.554] [modloading-worker-0/DEBUG] [net.minecraftforge.fml.config.ConfigTracker/CONFIG]: Config file carryon-client.toml for carryon tracking
[14Apr2025 22:07:08.556] [modloading-worker-0/DEBUG] [net.minecraftforge.fml.config.ConfigTracker/CONFIG]: Config file carryon-server.toml for carryon tracking
[14Apr2025 22:07:08.557] [modloading-worker-0/DEBUG] [net.minecraftforge.fml.AutomaticEventSubscriber/LOADING]: Attempting to inject @EventBusSubscriber classes into the eventbus for carryon
[14Apr2025 22:07:08.557] [modloading-worker-0/DEBUG] [net.minecraftforge.fml.AutomaticEventSubscriber/LOADING]: Auto-subscribing tschipp.carryon.CarryOn to MOD
[14Apr2025 22:07:08.557] [modloading-worker-0/DEBUG] [net.minecraftforge.fml.AutomaticEventSubscriber/LOADING]: Auto-subscribing tschipp.carryon.common.scripting.ScriptReloadListener to FORGE
[14Apr2025 22:07:08.559] [modloading-worker-0/DEBUG] [net.minecraftforge.fml.AutomaticEventSubscriber/LOADING]: Auto-subscribing tschipp.carryon.common.config.Configs to MOD
[14Apr2025 22:07:08.559] [modloading-worker-0/DEBUG] [net.minecraftforge.fml.AutomaticEventSubscriber/LOADING]: Auto-subscribing tschipp.carryon.common.handler.RegistrationHandler to FORGE
[14Apr2025 22:07:08.562] [modloading-worker-0/DEBUG] [net.minecraftforge.fml.AutomaticEventSubscriber/LOADING]: Auto-subscribing tschipp.carryon.common.event.ItemEvents to FORGE
[14Apr2025 22:07:08.623] [modloading-worker-3/DEBUG] [net.minecraftforge.fml.AutomaticEventSubscriber/LOADING]: Attempting to inject @EventBusSubscriber classes into the eventbus for architectury
[14Apr2025 22:07:08.623] [modloading-worker-3/DEBUG] [net.minecraftforge.fml.AutomaticEventSubscriber/LOADING]: Auto-subscribing me.shedaniel.architectury.networking.forge.NetworkManagerImpl to FORGE
[14Apr2025 22:07:08.674] [modloading-worker-3/DEBUG] [net.minecraftforge.fml.AutomaticEventSubscriber/LOADING]: Auto-subscribing me.shedaniel.architectury.registry.trade.forge.TradeRegistryImpl to FORGE
[14Apr2025 22:07:08.676] [modloading-worker-3/DEBUG] [net.minecraftforge.fml.AutomaticEventSubscriber/LOADING]: Auto-subscribing me.shedaniel.architectury.registry.forge.ReloadListenersImpl to FORGE
[14Apr2025 22:07:08.677] [modloading-worker-3/DEBUG] [net.minecraftforge.fml.AutomaticEventSubscriber/LOADING]: Auto-subscribing me.shedaniel.architectury.registry.forge.BiomeModificationsImpl to FORGE
[14Apr2025 22:07:08.938] [modloading-worker-1/DEBUG] [net.minecraftforge.fml.AutomaticEventSubscriber/LOADING]: Auto-subscribing com.github.alexthe666.alexsmobs.event.ServerEvents to FORGE
[14Apr2025 22:07:08.946] [modloading-worker-1/DEBUG] [net.minecraftforge.fml.AutomaticEventSubscriber/LOADING]: Auto-subscribing com.github.alexthe666.alexsmobs.entity.AMEntityRegistry to MOD
[14Apr2025 22:07:08.946] [modloading-worker-1/DEBUG] [net.minecraftforge.fml.AutomaticEventSubscriber/LOADING]: Auto-subscribing com.github.alexthe666.alexsmobs.enchantment.AMEnchantmentRegistry to MOD
[14Apr2025 22:07:08.948] [modloading-worker-1/DEBUG] [net.minecraftforge.fml.AutomaticEventSubscriber/LOADING]: Auto-subscribing com.github.alexthe666.alexsmobs.effect.AMEffectRegistry to MOD
[14Apr2025 22:07:08.966] [modloading-worker-1/DEBUG] [net.minecraftforge.fml.AutomaticEventSubscriber/LOADING]: Auto-subscribing com.github.alexthe666.alexsmobs.CommonProxy to MOD
[14Apr2025 22:07:08.967] [modloading-worker-1/DEBUG] [net.minecraftforge.fml.AutomaticEventSubscriber/LOADING]: Auto-subscribing com.github.alexthe666.alexsmobs.client.particle.AMParticleRegistry to MOD
[14Apr2025 22:07:08.983] [modloading-worker-1/DEBUG] [net.minecraftforge.fml.AutomaticEventSubscriber/LOADING]: Auto-subscribing com.github.alexthe666.alexsmobs.block.AMBlockRegistry to MOD
[14Apr2025 22:07:08.983] [modloading-worker-1/DEBUG] [net.minecraftforge.fml.AutomaticEventSubscriber/LOADING]: Auto-subscribing com.github.alexthe666.alexsmobs.AlexsMobs to FORGE
[14Apr2025 22:07:09.106] [modloading-worker-0/DEBUG] [net.minecraftforge.fml.AutomaticEventSubscriber/LOADING]: Attempting to inject @EventBusSubscriber classes into the eventbus for ancient_guns
[14Apr2025 22:07:09.115] [modloading-worker-0/DEBUG] [net.minecraftforge.versions.forge.ForgeVersion/CORE]: Forge Version package package net.minecraftforge.versions.forge, Forge, version 36.2 from cpw.mods.modlauncher.TransformingClassLoader@2db33feb
[14Apr2025 22:07:09.115] [modloading-worker-0/DEBUG] [net.minecraftforge.versions.forge.ForgeVersion/CORE]: Found Forge version 36.2.42
[14Apr2025 22:07:09.115] [modloading-worker-0/DEBUG] [net.minecraftforge.versions.forge.ForgeVersion/CORE]: Found Forge spec 36.2
[14Apr2025 22:07:09.115] [modloading-worker-0/DEBUG] [net.minecraftforge.versions.forge.ForgeVersion/CORE]: Found Forge group net.minecraftforge
[14Apr2025 22:07:09.115] [modloading-worker-0/DEBUG] [net.minecraftforge.versions.mcp.MCPVersion/CORE]: Found MC version information 1.16.5
[14Apr2025 22:07:09.116] [modloading-worker-0/DEBUG] [net.minecraftforge.versions.mcp.MCPVersion/CORE]: Found MCP version information 20210115.111550
[14Apr2025 22:07:09.116] [modloading-worker-0/INFO] [net.minecraftforge.common.ForgeMod/FORGEMOD]: Forge mod loading, version 36.2.42, for MC 1.16.5 with MCP 20210115.111550
[14Apr2025 22:07:09.116] [modloading-worker-0/INFO] [net.minecraftforge.common.MinecraftForge/FORGE]: MinecraftForge v36.2.42 Initialized
[14Apr2025 22:07:09.139] [modloading-worker-0/DEBUG] [net.minecraftforge.coremod.transformer.CoreModBaseTransformer/COREMOD]: Transforming func_237299_g_ with desc ()V
[14Apr2025 22:07:09.290] [modloading-worker-0/DEBUG] [net.minecraftforge.fml.config.ConfigTracker/CONFIG]: Config file forge-client.toml for forge tracking
[14Apr2025 22:07:09.291] [modloading-worker-0/DEBUG] [net.minecraftforge.fml.config.ConfigTracker/CONFIG]: Config file forge-server.toml for forge tracking
[14Apr2025 22:07:09.292] [modloading-worker-0/DEBUG] [net.minecraftforge.fml.config.ConfigTracker/CONFIG]: Config file forge-common.toml for forge tracking
[14Apr2025 22:07:09.340] [modloading-worker-0/DEBUG] [net.minecraftforge.fml.AutomaticEventSubscriber/LOADING]: Attempting to inject @EventBusSubscriber classes into the eventbus for forge
[14Apr2025 22:07:09.340] [modloading-worker-0/DEBUG] [net.minecraftforge.fml.AutomaticEventSubscriber/LOADING]: Auto-subscribing net.minecraftforge.common.ForgeSpawnEggItem$CommonHandler to MOD
[14Apr2025 22:07:09.356] [modloading-worker-0/DEBUG] [net.minecraftforge.fml.config.ConfigTracker/CONFIG]: Config file fastleafdecay-server.toml for fastleafdecay tracking
[14Apr2025 22:07:09.360] [modloading-worker-0/DEBUG] [net.minecraftforge.fml.AutomaticEventSubscriber/LOADING]: Attempting to inject @EventBusSubscriber classes into the eventbus for fastleafdecay
[14Apr2025 22:07:09.360] [modloading-worker-0/DEBUG] [net.minecraftforge.fml.AutomaticEventSubscriber/LOADING]: Auto-subscribing net.olafkeijsers.fastleafdecay.FldConfiguration to MOD
[14Apr2025 22:07:09.370] [modloading-worker-0/DEBUG] [net.minecraftforge.fml.config.ConfigTracker/CONFIG]: Config file valhelsia_core-client.toml for valhelsia_core tracking
[14Apr2025 22:07:09.370] [modloading-worker-0/DEBUG] [net.minecraftforge.fml.AutomaticEventSubscriber/LOADING]: Attempting to inject @EventBusSubscriber classes into the eventbus for valhelsia_core
[14Apr2025 22:07:09.370] [modloading-worker-0/DEBUG] [net.minecraftforge.fml.AutomaticEventSubscriber/LOADING]: Auto-subscribing net.valhelsia.valhelsia_core.init.ValhelsiaLootModifiers to FORGE
[14Apr2025 22:07:09.374] [modloading-worker-0/DEBUG] [net.minecraftforge.fml.AutomaticEventSubscriber/LOADING]: Auto-subscribing net.valhelsia.valhelsia_core.event.PlayerJoinWorldListener to FORGE
[14Apr2025 22:07:09.375] [modloading-worker-0/DEBUG] [net.minecraftforge.fml.AutomaticEventSubscriber/LOADING]: Auto-subscribing net.valhelsia.valhelsia_core.event.AttachCapabilitiesListener to FORGE
[14Apr2025 22:07:09.435] [modloading-worker-0/DEBUG] [net.minecraftforge.fml.config.ConfigTracker/CONFIG]: Config file valhelsia_structures-client.toml for valhelsia_structures tracking
[14Apr2025 22:07:09.435] [modloading-worker-0/DEBUG] [net.minecraftforge.fml.config.ConfigTracker/CONFIG]: Config file valhelsia_structures-common.toml for valhelsia_structures tracking
[14Apr2025 22:07:09.457] [modloading-worker-0/DEBUG] [net.minecraftforge.fml.AutomaticEventSubscriber/LOADING]: Attempting to inject @EventBusSubscriber classes into the eventbus for valhelsia_structures
[14Apr2025 22:07:09.457] [modloading-worker-0/DEBUG] [net.minecraftforge.fml.AutomaticEventSubscriber/LOADING]: Auto-subscribing com.stal111.valhelsia_structures.init.ModItems to MOD
[14Apr2025 22:07:09.501] [modloading-worker-0/DEBUG] [net.minecraftforge.fml.AutomaticEventSubscriber/LOADING]: Auto-subscribing com.stal111.valhelsia_structures.init.ModEntities to MOD
[14Apr2025 22:07:09.510] [modloading-worker-0/DEBUG] [net.minecraftforge.fml.AutomaticEventSubscriber/LOADING]: Auto-subscribing com.stal111.valhelsia_structures.init.ModBlocks to MOD
[14Apr2025 22:07:09.696] [modloading-worker-0/DEBUG] [net.minecraftforge.fml.AutomaticEventSubscriber/LOADING]: Auto-subscribing com.stal111.valhelsia_structures.event.WorldLoadListener to FORGE
[14Apr2025 22:07:09.704] [modloading-worker-0/DEBUG] [net.minecraftforge.fml.AutomaticEventSubscriber/LOADING]: Auto-subscribing com.stal111.valhelsia_structures.event.FurnaceFuelListener to FORGE
[14Apr2025 22:07:09.705] [modloading-worker-0/DEBUG] [net.minecraftforge.fml.AutomaticEventSubscriber/LOADING]: Auto-subscribing com.stal111.valhelsia_structures.event.EntityEventListener to FORGE
[14Apr2025 22:07:09.710] [modloading-worker-0/DEBUG] [net.minecraftforge.fml.AutomaticEventSubscriber/LOADING]: Auto-subscribing com.stal111.valhelsia_structures.event.EntityEventListener$ModEvents to MOD
[14Apr2025 22:07:09.711] [modloading-worker-0/DEBUG] [net.minecraftforge.fml.AutomaticEventSubscriber/LOADING]: Auto-subscribing com.stal111.valhelsia_structures.event.BiomeLoadingListener to FORGE
[14Apr2025 22:07:09.711] [modloading-worker-0/DEBUG] [net.minecraftforge.fml.AutomaticEventSubscriber/LOADING]: Auto-subscribing com.stal111.valhelsia_structures.data.DataGenerators to MOD
[14Apr2025 22:07:09.719] [modloading-worker-0/DEBUG] [net.minecraftforge.fml.AutomaticEventSubscriber/LOADING]: Auto-subscribing com.stal111.valhelsia_structures.config.Config to FORGE
[14Apr2025 22:07:09.719] [modloading-worker-0/DEBUG] [net.minecraftforge.fml.AutomaticEventSubscriber/LOADING]: Attempting to inject @EventBusSubscriber classes into the eventbus for geckolib3
[14Apr2025 22:07:09.719] [modloading-worker-0/DEBUG] [net.minecraftforge.fml.AutomaticEventSubscriber/LOADING]: Auto-subscribing software.bernie.example.GeckoLibMod to FORGE
[14Apr2025 22:07:09.720] [modloading-worker-0/DEBUG] [net.minecraftforge.fml.AutomaticEventSubscriber/LOADING]: Auto-subscribing software.bernie.example.CommonListener to MOD
[14Apr2025 22:07:09.724] [modloading-worker-0/DEBUG] [net.minecraftforge.fml.AutomaticEventSubscriber/LOADING]: Auto-subscribing software.bernie.example.ClientListener to MOD
[14Apr2025 22:07:09.726] [modloading-worker-0/DEBUG] [net.minecraftforge.fml.config.ConfigTracker/CONFIG]: Config file replantingcrops-common.toml for replantingcrops tracking
[14Apr2025 22:07:09.727] [modloading-worker-0/DEBUG] [net.minecraftforge.fml.AutomaticEventSubscriber/LOADING]: Attempting to inject @EventBusSubscriber classes into the eventbus for replantingcrops
[14Apr2025 22:07:09.727] [modloading-worker-0/DEBUG] [net.minecraftforge.fml.AutomaticEventSubscriber/LOADING]: Auto-subscribing com.natamus.replantingcrops.events.CropEvent to FORGE
[14Apr2025 22:07:10.639] [modloading-worker-2/DEBUG] [net.minecraftforge.fml.config.ConfigTracker/CONFIG]: Config file mineminenomi-common.toml for mineminenomi tracking
[14Apr2025 22:07:10.640] [modloading-worker-2/DEBUG] [net.minecraftforge.fml.AutomaticEventSubscriber/LOADING]: Attempting to inject @EventBusSubscriber classes into the eventbus for mineminenomi
[14Apr2025 22:07:10.641] [modloading-worker-2/DEBUG] [net.minecraftforge.fml.AutomaticEventSubscriber/LOADING]: Auto-subscribing xyz.pixelatedw.mineminenomi.abilities.nagi.SilentAbility$SilentAbilityServerEvents to FORGE
[14Apr2025 22:07:10.645] [modloading-worker-2/DEBUG] [net.minecraftforge.fml.AutomaticEventSubscriber/LOADING]: Auto-subscribing xyz.pixelatedw.mineminenomi.events.EffectsEvents$Common to FORGE
[14Apr2025 22:07:10.661] [modloading-worker-2/DEBUG] [net.minecraftforge.fml.AutomaticEventSubscriber/LOADING]: Auto-subscribing xyz.pixelatedw.mineminenomi.events.devilfruits.OneFruitPerWorldEvents to FORGE
[14Apr2025 22:07:10.687] [modloading-worker-2/DEBUG] [net.minecraftforge.fml.AutomaticEventSubscriber/LOADING]: Auto-subscribing xyz.pixelatedw.mineminenomi.events.devilfruits.DFWeaknessesEvents to FORGE
[14Apr2025 22:07:10.696] [modloading-worker-2/DEBUG] [net.minecraftforge.fml.AutomaticEventSubscriber/LOADING]: Auto-subscribing xyz.pixelatedw.mineminenomi.events.devilfruits.RandomFruitEvents$Common to FORGE
[14Apr2025 22:07:10.700] [modloading-worker-2/DEBUG] [net.minecraftforge.fml.AutomaticEventSubscriber/LOADING]: Auto-subscribing xyz.pixelatedw.mineminenomi.events.devilfruits.DFUserDeathEvents to FORGE
[14Apr2025 22:07:10.706] [modloading-worker-2/DEBUG] [net.minecraftforge.fml.AutomaticEventSubscriber/LOADING]: Auto-subscribing xyz.pixelatedw.mineminenomi.events.CraftingEvents to FORGE
[14Apr2025 22:07:10.707] [modloading-worker-2/DEBUG] [net.minecraftforge.fml.AutomaticEventSubscriber/LOADING]: Auto-subscribing xyz.pixelatedw.mineminenomi.events.MorphEvents$Common to FORGE
[14Apr2025 22:07:10.708] [modloading-worker-2/DEBUG] [net.minecraftforge.fml.AutomaticEventSubscriber/LOADING]: Auto-subscribing xyz.pixelatedw.mineminenomi.events.ConfigEvents to FORGE
[14Apr2025 22:07:10.716] [modloading-worker-2/DEBUG] [net.minecraftforge.fml.AutomaticEventSubscriber/LOADING]: Auto-subscribing xyz.pixelatedw.mineminenomi.events.FactionEvents to FORGE
[14Apr2025 22:07:10.722] [modloading-worker-2/DEBUG] [net.minecraftforge.fml.AutomaticEventSubscriber/LOADING]: Auto-subscribing xyz.pixelatedw.mineminenomi.events.StatsGainEvents to FORGE
[14Apr2025 22:07:10.729] [modloading-worker-2/DEBUG] [net.minecraftforge.fml.AutomaticEventSubscriber/LOADING]: Auto-subscribing xyz.pixelatedw.mineminenomi.events.StructuresEvents to FORGE
[14Apr2025 22:07:10.733] [modloading-worker-2/DEBUG] [net.minecraftforge.fml.AutomaticEventSubscriber/LOADING]: Auto-subscribing xyz.pixelatedw.mineminenomi.events.BlocksEvents to FORGE
[14Apr2025 22:07:10.734] [modloading-worker-2/DEBUG] [net.minecraftforge.fml.AutomaticEventSubscriber/LOADING]: Auto-subscribing xyz.pixelatedw.mineminenomi.events.abilities.AbilityProtectionCommonEvents to FORGE
[14Apr2025 22:07:10.735] [modloading-worker-2/DEBUG] [net.minecraftforge.fml.AutomaticEventSubscriber/LOADING]: Auto-subscribing xyz.pixelatedw.mineminenomi.events.abilities.AbilityProjectileEvents to FORGE
[14Apr2025 22:07:10.739] [modloading-worker-2/DEBUG] [net.minecraftforge.fml.AutomaticEventSubscriber/LOADING]: Auto-subscribing xyz.pixelatedw.mineminenomi.events.abilities.AbilitiesEvents to FORGE
[14Apr2025 22:07:10.748] [modloading-worker-2/DEBUG] [net.minecraftforge.fml.AutomaticEventSubscriber/LOADING]: Auto-subscribing xyz.pixelatedw.mineminenomi.events.abilities.AbilityValidationEvents to FORGE
[14Apr2025 22:07:10.750] [modloading-worker-2/DEBUG] [net.minecraftforge.fml.AutomaticEventSubscriber/LOADING]: Auto-subscribing xyz.pixelatedw.mineminenomi.events.abilities.AbilityTimeScaleEvents to FORGE
[14Apr2025 22:07:10.754] [modloading-worker-2/DEBUG] [net.minecraftforge.fml.AutomaticEventSubscriber/LOADING]: Auto-subscribing xyz.pixelatedw.mineminenomi.events.abilities.OutOfBodyAbilitiesEvents to FORGE
[14Apr2025 22:07:10.757] [modloading-worker-2/DEBUG] [net.minecraftforge.fml.AutomaticEventSubscriber/LOADING]: Auto-subscribing xyz.pixelatedw.mineminenomi.events.abilities.AbilityProgressionEvents to FORGE
[14Apr2025 22:07:10.763] [modloading-worker-2/DEBUG] [net.minecraftforge.fml.AutomaticEventSubscriber/LOADING]: Auto-subscribing xyz.pixelatedw.mineminenomi.events.FightingStylesEvents to FORGE
[14Apr2025 22:07:10.765] [modloading-worker-2/DEBUG] [net.minecraftforge.fml.AutomaticEventSubscriber/LOADING]: Auto-subscribing xyz.pixelatedw.mineminenomi.events.EnchantmentsEvents to FORGE
[14Apr2025 22:07:10.766] [modloading-worker-2/DEBUG] [net.minecraftforge.fml.AutomaticEventSubscriber/LOADING]: Auto-subscribing xyz.pixelatedw.mineminenomi.events.DamageSourceEvents to FORGE
[14Apr2025 22:07:10.773] [modloading-worker-2/DEBUG] [net.minecraftforge.fml.AutomaticEventSubscriber/LOADING]: Auto-subscribing xyz.pixelatedw.mineminenomi.events.items.KairosekiTooltipEvents to FORGE
[14Apr2025 22:07:10.773] [modloading-worker-2/DEBUG] [net.minecraftforge.fml.AutomaticEventSubscriber/LOADING]: Auto-subscribing xyz.pixelatedw.mineminenomi.events.items.HandcuffsEvents to FORGE
[14Apr2025 22:07:10.779] [modloading-worker-2/DEBUG] [net.minecraftforge.fml.AutomaticEventSubscriber/LOADING]: Auto-subscribing xyz.pixelatedw.mineminenomi.events.items.CombatItemEvents to FORGE
[14Apr2025 22:07:10.780] [modloading-worker-2/DEBUG] [net.minecraftforge.fml.AutomaticEventSubscriber/LOADING]: Auto-subscribing xyz.pixelatedw.mineminenomi.events.items.SakeEvents to FORGE
[14Apr2025 22:07:10.781] [modloading-worker-2/DEBUG] [net.minecraftforge.fml.AutomaticEventSubscriber/LOADING]: Auto-subscribing xyz.pixelatedw.mineminenomi.events.items.EnmaEvents to FORGE
[14Apr2025 22:07:10.785] [modloading-worker-2/DEBUG] [net.minecraftforge.fml.AutomaticEventSubscriber/LOADING]: Auto-subscribing xyz.pixelatedw.mineminenomi.events.items.SoulboundItemsEvents to FORGE
[14Apr2025 22:07:10.790] [modloading-worker-2/DEBUG] [net.minecraftforge.fml.AutomaticEventSubscriber/LOADING]: Auto-subscribing xyz.pixelatedw.mineminenomi.events.items.BubblyCoralEvents to FORGE
[14Apr2025 22:07:10.797] [modloading-worker-2/DEBUG] [net.minecraftforge.fml.AutomaticEventSubscriber/LOADING]: Auto-subscribing xyz.pixelatedw.mineminenomi.events.items.PoneglyphNoteEvents to FORGE
[14Apr2025 22:07:10.798] [modloading-worker-2/DEBUG] [net.minecraftforge.fml.AutomaticEventSubscriber/LOADING]: Auto-subscribing xyz.pixelatedw.mineminenomi.events.SpawnerEvents to FORGE
[14Apr2025 22:07:10.816] [modloading-worker-2/DEBUG] [net.minecraftforge.fml.AutomaticEventSubscriber/LOADING]: Auto-subscribing xyz.pixelatedw.mineminenomi.events.QuestEvents to FORGE
[14Apr2025 22:07:10.826] [modloading-worker-2/DEBUG] [net.minecraftforge.fml.AutomaticEventSubscriber/LOADING]: Auto-subscribing xyz.pixelatedw.mineminenomi.events.BountyEvents to FORGE
[14Apr2025 22:07:10.834] [modloading-worker-2/DEBUG] [net.minecraftforge.fml.AutomaticEventSubscriber/LOADING]: Auto-subscribing xyz.pixelatedw.mineminenomi.events.CombatModeEvents$Common to FORGE
[14Apr2025 22:07:10.838] [modloading-worker-2/DEBUG] [net.minecraftforge.fml.AutomaticEventSubscriber/LOADING]: Auto-subscribing xyz.pixelatedw.mineminenomi.events.HakiGainEvents to FORGE
[14Apr2025 22:07:10.842] [modloading-worker-2/DEBUG] [net.minecraftforge.fml.AutomaticEventSubscriber/LOADING]: Auto-subscribing xyz.pixelatedw.mineminenomi.events.LoyaltyEvents to FORGE
[14Apr2025 22:07:10.843] [modloading-worker-2/DEBUG] [net.minecraftforge.fml.AutomaticEventSubscriber/LOADING]: Auto-subscribing xyz.pixelatedw.mineminenomi.events.DamageCalcsEvents to FORGE
[14Apr2025 22:07:10.850] [modloading-worker-2/DEBUG] [net.minecraftforge.fml.AutomaticEventSubscriber/LOADING]: Auto-subscribing xyz.pixelatedw.mineminenomi.events.passives.KukuPassiveEvents to FORGE
[14Apr2025 22:07:10.851] [modloading-worker-2/DEBUG] [net.minecraftforge.fml.AutomaticEventSubscriber/LOADING]: Auto-subscribing xyz.pixelatedw.mineminenomi.events.passives.HisoPassiveEvents to FORGE
[14Apr2025 22:07:10.854] [modloading-worker-2/DEBUG] [net.minecraftforge.fml.AutomaticEventSubscriber/LOADING]: Auto-subscribing xyz.pixelatedw.mineminenomi.events.passives.BetaPassiveEvents to FORGE
[14Apr2025 22:07:10.857] [modloading-worker-2/DEBUG] [net.minecraftforge.fml.AutomaticEventSubscriber/LOADING]: Auto-subscribing xyz.pixelatedw.mineminenomi.events.passives.MaguPassiveEvents to FORGE
[14Apr2025 22:07:10.858] [modloading-worker-2/DEBUG] [net.minecraftforge.fml.AutomaticEventSubscriber/LOADING]: Auto-subscribing xyz.pixelatedw.mineminenomi.events.passives.ItoPassiveEvents to FORGE
[14Apr2025 22:07:10.859] [modloading-worker-2/DEBUG] [net.minecraftforge.fml.AutomaticEventSubscriber/LOADING]: Auto-subscribing xyz.pixelatedw.mineminenomi.events.passives.NetsuPassiveEvents to FORGE
[14Apr2025 22:07:10.862] [modloading-worker-2/DEBUG] [net.minecraftforge.fml.AutomaticEventSubscriber/LOADING]: Auto-subscribing xyz.pixelatedw.mineminenomi.events.passives.HakiPassiveEvents to FORGE
[14Apr2025 22:07:10.866] [modloading-worker-2/DEBUG] [net.minecraftforge.fml.AutomaticEventSubscriber/LOADING]: Auto-subscribing xyz.pixelatedw.mineminenomi.events.passives.SunaPassiveEvents to FORGE
[14Apr2025 22:07:10.874] [modloading-worker-2/DEBUG] [net.minecraftforge.fml.AutomaticEventSubscriber/LOADING]: Auto-subscribing xyz.pixelatedw.mineminenomi.events.passives.YomiPassiveEvents to FORGE
[14Apr2025 22:07:10.894] [modloading-worker-2/DEBUG] [net.minecraftforge.fml.AutomaticEventSubscriber/LOADING]: Auto-subscribing xyz.pixelatedw.mineminenomi.events.passives.SuiPassiveEvents to FORGE
[14Apr2025 22:07:10.899] [modloading-worker-2/DEBUG] [net.minecraftforge.fml.AutomaticEventSubscriber/LOADING]: Auto-subscribing xyz.pixelatedw.mineminenomi.events.passives.HoruPassiveEvents to FORGE
[14Apr2025 22:07:10.907] [modloading-worker-2/DEBUG] [net.minecraftforge.fml.AutomaticEventSubscriber/LOADING]: Auto-subscribing xyz.pixelatedw.mineminenomi.events.passives.ManePassiveEvents to FORGE
[14Apr2025 22:07:10.908] [modloading-worker-2/DEBUG] [net.minecraftforge.fml.AutomaticEventSubscriber/LOADING]: Auto-subscribing xyz.pixelatedw.mineminenomi.events.passives.BlackLegPassiveEvents$Common to FORGE
[14Apr2025 22:07:10.909] [modloading-worker-2/DEBUG] [net.minecraftforge.fml.AutomaticEventSubscriber/LOADING]: Auto-subscribing xyz.pixelatedw.mineminenomi.events.passives.GomuPassiveEvents to FORGE
[14Apr2025 22:07:10.916] [modloading-worker-2/DEBUG] [net.minecraftforge.fml.AutomaticEventSubscriber/LOADING]: Auto-subscribing xyz.pixelatedw.mineminenomi.events.passives.MinkPassiveEvents$CommonEvents to FORGE
[14Apr2025 22:07:10.923] [modloading-worker-2/DEBUG] [net.minecraftforge.fml.AutomaticEventSubscriber/LOADING]: Auto-subscribing xyz.pixelatedw.mineminenomi.events.passives.KiloPassiveEvents to FORGE
[14Apr2025 22:07:10.924] [modloading-worker-2/DEBUG] [net.minecraftforge.fml.AutomaticEventSubscriber/LOADING]: Auto-subscribing xyz.pixelatedw.mineminenomi.events.passives.FishmanPassiveEvents$CommonEvents to FORGE
[14Apr2025 22:07:10.928] [modloading-worker-2/DEBUG] [net.minecraftforge.fml.AutomaticEventSubscriber/LOADING]: Auto-subscribing xyz.pixelatedw.mineminenomi.events.passives.GasuPassiveEvents to FORGE
[14Apr2025 22:07:10.929] [modloading-worker-2/DEBUG] [net.minecraftforge.fml.AutomaticEventSubscriber/LOADING]: Auto-subscribing xyz.pixelatedw.mineminenomi.events.passives.CyborgPassiveCommonEvents to FORGE
[14Apr2025 22:07:10.930] [modloading-worker-2/DEBUG] [net.minecraftforge.fml.AutomaticEventSubscriber/LOADING]: Auto-subscribing xyz.pixelatedw.mineminenomi.events.passives.MoguPassiveEvents to FORGE
[14Apr2025 22:07:10.930] [modloading-worker-2/DEBUG] [net.minecraftforge.fml.AutomaticEventSubscriber/LOADING]: Auto-subscribing xyz.pixelatedw.mineminenomi.events.passives.KagePassiveEvents to FORGE
[14Apr2025 22:07:10.937] [modloading-worker-2/DEBUG] [net.minecraftforge.fml.AutomaticEventSubscriber/LOADING]: Auto-subscribing xyz.pixelatedw.mineminenomi.events.passives.DoaPassiveEvents to FORGE
[14Apr2025 22:07:10.965] [modloading-worker-2/DEBUG] [net.minecraftforge.fml.AutomaticEventSubscriber/LOADING]: Auto-subscribing xyz.pixelatedw.mineminenomi.events.SyncEvents to FORGE
[14Apr2025 22:07:10.972] [modloading-worker-2/DEBUG] [net.minecraftforge.fml.AutomaticEventSubscriber/LOADING]: Auto-subscribing xyz.pixelatedw.mineminenomi.setup.ForgeSetup to FORGE
[14Apr2025 22:07:10.973] [modloading-worker-2/DEBUG] [net.minecraftforge.fml.AutomaticEventSubscriber/LOADING]: Auto-subscribing xyz.pixelatedw.mineminenomi.setup.ModSetup to MOD
[14Apr2025 22:07:10.981] [modloading-worker-2/DEBUG] [net.minecraftforge.fml.AutomaticEventSubscriber/LOADING]: Auto-subscribing xyz.pixelatedw.mineminenomi.entities.projectiles.baku.BakuProjectiles to MOD
[14Apr2025 22:07:10.982] [modloading-worker-2/DEBUG] [net.minecraftforge.fml.AutomaticEventSubscriber/LOADING]: Auto-subscribing xyz.pixelatedw.mineminenomi.entities.projectiles.goe.GoeProjectiles to MOD
[14Apr2025 22:07:10.983] [modloading-worker-2/DEBUG] [net.minecraftforge.fml.AutomaticEventSubscriber/LOADING]: Auto-subscribing xyz.pixelatedw.mineminenomi.entities.projectiles.bara.BaraProjectiles to MOD
[14Apr2025 22:07:10.984] [modloading-worker-2/DEBUG] [net.minecraftforge.fml.AutomaticEventSubscriber/LOADING]: Auto-subscribing xyz.pixelatedw.mineminenomi.entities.projectiles.suna.SunaProjectiles to MOD
[14Apr2025 22:07:10.991] [modloading-worker-2/DEBUG] [net.minecraftforge.fml.AutomaticEventSubscriber/LOADING]: Auto-subscribing xyz.pixelatedw.mineminenomi.entities.projectiles.sniper.SniperProjectiles to MOD
[14Apr2025 22:07:10.993] [modloading-worker-2/DEBUG] [net.minecraftforge.fml.AutomaticEventSubscriber/LOADING]: Auto-subscribing xyz.pixelatedw.mineminenomi.entities.projectiles.saraaxolotl.SaraAxolotlProjectiles to MOD
[14Apr2025 22:07:10.998] [modloading-worker-2/DEBUG] [net.minecraftforge.fml.AutomaticEventSubscriber/LOADING]: Auto-subscribing xyz.pixelatedw.mineminenomi.entities.projectiles.ushigiraffe.UshiGiraffeProjectiles to MOD
[14Apr2025 22:07:10.999] [modloading-worker-2/DEBUG] [net.minecraftforge.fml.AutomaticEventSubscriber/LOADING]: Auto-subscribing xyz.pixelatedw.mineminenomi.entities.projectiles.horo.HoroProjectiles to MOD
[14Apr2025 22:07:11.000] [modloading-worker-2/DEBUG] [net.minecraftforge.fml.AutomaticEventSubscriber/LOADING]: Auto-subscribing xyz.pixelatedw.mineminenomi.entities.projectiles.ryupteranodon.RyuPteranodonProjectiles to MOD
[14Apr2025 22:07:11.042] [modloading-worker-2/DEBUG] [net.minecraftforge.fml.AutomaticEventSubscriber/LOADING]: Auto-subscribing xyz.pixelatedw.mineminenomi.entities.projectiles.zou.ZouProjectiles to MOD
[14Apr2025 22:07:11.043] [modloading-worker-2/DEBUG] [net.minecraftforge.fml.AutomaticEventSubscriber/LOADING]: Auto-subscribing xyz.pixelatedw.mineminenomi.entities.projectiles.mera.MeraProjectiles to MOD
[14Apr2025 22:07:11.051] [modloading-worker-2/DEBUG] [net.minecraftforge.fml.AutomaticEventSubscriber/LOADING]: Auto-subscribing xyz.pixelatedw.mineminenomi.entities.projectiles.pika.PikaProjectiles to MOD
[14Apr2025 22:07:11.052] [modloading-worker-2/DEBUG] [net.minecraftforge.fml.AutomaticEventSubscriber/LOADING]: Auto-subscribing xyz.pixelatedw.mineminenomi.entities.projectiles.swordsman.SwordsmanProjectiles to MOD
[14Apr2025 22:07:11.052] [modloading-worker-2/DEBUG] [net.minecraftforge.fml.AutomaticEventSubscriber/LOADING]: Auto-subscribing xyz.pixelatedw.mineminenomi.entities.projectiles.goro.GoroProjectiles to MOD
[14Apr2025 22:07:11.053] [modloading-worker-2/DEBUG] [net.minecraftforge.fml.AutomaticEventSubscriber/LOADING]: Auto-subscribing xyz.pixelatedw.mineminenomi.entities.projectiles.yuki.YukiProjectiles to MOD
[14Apr2025 22:07:11.060] [modloading-worker-2/DEBUG] [net.minecraftforge.fml.AutomaticEventSubscriber/LOADING]: Auto-subscribing xyz.pixelatedw.mineminenomi.entities.projectiles.toriphoenix.ToriPhoenixProjectiles to MOD
[14Apr2025 22:07:11.061] [modloading-worker-2/DEBUG] [net.minecraftforge.fml.AutomaticEventSubscriber/LOADING]: Auto-subscribing xyz.pixelatedw.mineminenomi.entities.projectiles.brawler.BrawlerProjectiles to MOD
[14Apr2025 22:07:11.062] [modloading-worker-2/DEBUG] [net.minecraftforge.fml.AutomaticEventSubscriber/LOADING]: Auto-subscribing xyz.pixelatedw.mineminenomi.entities.projectiles.hitodaibutsu.HitoDaibutsuProjectiles to MOD
[14Apr2025 22:07:11.068] [modloading-worker-2/DEBUG] [net.minecraftforge.fml.AutomaticEventSubscriber/LOADING]: Auto-subscribing xyz.pixelatedw.mineminenomi.entities.projectiles.rokushiki.RokushikiProjectiles to MOD
[14Apr2025 22:07:11.069] [modloading-worker-2/DEBUG] [net.minecraftforge.fml.AutomaticEventSubscriber/LOADING]: Auto-subscribing xyz.pixelatedw.mineminenomi.entities.projectiles.awa.AwaProjectiles to MOD
[14Apr2025 22:07:11.070] [modloading-worker-2/DEBUG] [net.minecraftforge.fml.AutomaticEventSubscriber/LOADING]: Auto-subscribing xyz.pixelatedw.mineminenomi.entities.projectiles.hana.HanaProjectiles to MOD
[14Apr2025 22:07:11.071] [modloading-worker-2/DEBUG] [net.minecraftforge.fml.AutomaticEventSubscriber/LOADING]: Auto-subscribing xyz.pixelatedw.mineminenomi.entities.projectiles.wara.WaraProjectiles to MOD
[14Apr2025 22:07:11.077] [modloading-worker-2/DEBUG] [net.minecraftforge.fml.AutomaticEventSubscriber/LOADING]: Auto-subscribing xyz.pixelatedw.mineminenomi.entities.projectiles.ori.OriProjectiles to MOD
[14Apr2025 22:07:11.078] [modloading-worker-2/DEBUG] [net.minecraftforge.fml.AutomaticEventSubscriber/LOADING]: Auto-subscribing xyz.pixelatedw.mineminenomi.entities.projectiles.hie.HieProjectiles to MOD
[14Apr2025 22:07:11.079] [modloading-worker-2/DEBUG] [net.minecraftforge.fml.AutomaticEventSubscriber/LOADING]: Auto-subscribing xyz.pixelatedw.mineminenomi.entities.projectiles.gasu.GasuProjectiles to MOD
[14Apr2025 22:07:11.083] [modloading-worker-2/DEBUG] [net.minecraftforge.fml.AutomaticEventSubscriber/LOADING]: Auto-subscribing xyz.pixelatedw.mineminenomi.entities.projectiles.yami.YamiProjectiles to MOD
[14Apr2025 22:07:11.087] [modloading-worker-2/DEBUG] [net.minecraftforge.fml.AutomaticEventSubscriber/LOADING]: Auto-subscribing xyz.pixelatedw.mineminenomi.entities.projectiles.fishmankarate.FishmanKarateProjectiles to MOD
[14Apr2025 22:07:11.088] [modloading-worker-2/DEBUG] [net.minecraftforge.fml.AutomaticEventSubscriber/LOADING]: Auto-subscribing xyz.pixelatedw.mineminenomi.entities.projectiles.netsu.NetsuProjectiles to MOD
[14Apr2025 22:07:11.088] [modloading-worker-2/DEBUG] [net.minecraftforge.fml.AutomaticEventSubscriber/LOADING]: Auto-subscribing xyz.pixelatedw.mineminenomi.entities.projectiles.cyborg.CyborgProjectiles to MOD
[14Apr2025 22:07:11.092] [modloading-worker-2/DEBUG] [net.minecraftforge.fml.AutomaticEventSubscriber/LOADING]: Auto-subscribing xyz.pixelatedw.mineminenomi.entities.projectiles.beta.BetaProjectiles to MOD
[14Apr2025 22:07:11.095] [modloading-worker-2/DEBUG] [net.minecraftforge.fml.AutomaticEventSubscriber/LOADING]: Auto-subscribing xyz.pixelatedw.mineminenomi.entities.projectiles.magu.MaguProjectiles to MOD
[14Apr2025 22:07:11.096] [modloading-worker-2/DEBUG] [net.minecraftforge.fml.AutomaticEventSubscriber/LOADING]: Auto-subscribing xyz.pixelatedw.mineminenomi.entities.projectiles.mero.MeroProjectiles to MOD
[14Apr2025 22:07:11.100] [modloading-worker-2/DEBUG] [net.minecraftforge.fml.AutomaticEventSubscriber/LOADING]: Auto-subscribing xyz.pixelatedw.mineminenomi.entities.projectiles.suke.SukeProjectiles to MOD
[14Apr2025 22:07:11.100] [modloading-worker-2/DEBUG] [net.minecraftforge.fml.AutomaticEventSubscriber/LOADING]: Auto-subscribing xyz.pixelatedw.mineminenomi.entities.projectiles.ope.OpeProjectiles to MOD
[14Apr2025 22:07:11.104] [modloading-worker-2/DEBUG] [net.minecraftforge.fml.AutomaticEventSubscriber/LOADING]: Auto-subscribing xyz.pixelatedw.mineminenomi.entities.projectiles.artofweather.ArtOfWeatherProjectiles to MOD
[14Apr2025 22:07:11.105] [modloading-worker-2/DEBUG] [net.minecraftforge.fml.AutomaticEventSubscriber/LOADING]: Auto-subscribing xyz.pixelatedw.mineminenomi.entities.projectiles.bane.BaneProjectiles to MOD
[14Apr2025 22:07:11.106] [modloading-worker-2/DEBUG] [net.minecraftforge.fml.AutomaticEventSubscriber/LOADING]: Auto-subscribing xyz.pixelatedw.mineminenomi.entities.projectiles.moku.MokuProjectiles to MOD
[14Apr2025 22:07:11.107] [modloading-worker-2/DEBUG] [net.minecraftforge.fml.AutomaticEventSubscriber/LOADING]: Auto-subscribing xyz.pixelatedw.mineminenomi.entities.projectiles.zushi.ZushiProjectiles to MOD
[14Apr2025 22:07:11.108] [modloading-worker-2/DEBUG] [net.minecraftforge.fml.AutomaticEventSubscriber/LOADING]: Auto-subscribing xyz.pixelatedw.mineminenomi.entities.projectiles.doru.DoruProjectiles to MOD
[14Apr2025 22:07:11.109] [modloading-worker-2/DEBUG] [net.minecraftforge.fml.AutomaticEventSubscriber/LOADING]: Auto-subscribing xyz.pixelatedw.mineminenomi.entities.projectiles.kage.KageProjectiles to MOD
[14Apr2025 22:07:11.110] [modloading-worker-2/DEBUG] [net.minecraftforge.fml.AutomaticEventSubscriber/LOADING]: Auto-subscribing xyz.pixelatedw.mineminenomi.entities.projectiles.gura.GuraProjectiles to MOD
[14Apr2025 22:07:11.111] [modloading-worker-2/DEBUG] [net.minecraftforge.fml.AutomaticEventSubscriber/LOADING]: Auto-subscribing xyz.pixelatedw.mineminenomi.entities.projectiles.jiki.JikiProjectiles to MOD
[14Apr2025 22:07:11.112] [modloading-worker-2/DEBUG] [net.minecraftforge.fml.AutomaticEventSubscriber/LOADING]: Auto-subscribing xyz.pixelatedw.mineminenomi.entities.projectiles.bari.BariProjectiles to MOD
[14Apr2025 22:07:11.113] [modloading-worker-2/DEBUG] [net.minecraftforge.fml.AutomaticEventSubscriber/LOADING]: Auto-subscribing xyz.pixelatedw.mineminenomi.entities.projectiles.pero.PeroProjectiles to MOD
[14Apr2025 22:07:11.113] [modloading-worker-2/DEBUG] [net.minecraftforge.fml.AutomaticEventSubscriber/LOADING]: Auto-subscribing xyz.pixelatedw.mineminenomi.entities.projectiles.doku.DokuProjectiles to MOD
[14Apr2025 22:07:11.114] [modloading-worker-2/DEBUG] [net.minecraftforge.fml.AutomaticEventSubscriber/LOADING]: Auto-subscribing xyz.pixelatedw.mineminenomi.entities.projectiles.nikyu.NikyuProjectiles to MOD
[14Apr2025 22:07:11.115] [modloading-worker-2/DEBUG] [net.minecraftforge.fml.AutomaticEventSubscriber/LOADING]: Auto-subscribing xyz.pixelatedw.mineminenomi.entities.projectiles.blackleg.BlackLegProjectiles to MOD
[14Apr2025 22:07:11.116] [modloading-worker-2/DEBUG] [net.minecraftforge.fml.AutomaticEventSubscriber/LOADING]: Auto-subscribing xyz.pixelatedw.mineminenomi.entities.projectiles.extra.ExtraProjectiles to MOD
[14Apr2025 22:07:11.118] [modloading-worker-2/DEBUG] [net.minecraftforge.fml.AutomaticEventSubscriber/LOADING]: Auto-subscribing xyz.pixelatedw.mineminenomi.entities.projectiles.electro.ElectroProjectiles to MOD
[14Apr2025 22:07:11.118] [modloading-worker-2/DEBUG] [net.minecraftforge.fml.AutomaticEventSubscriber/LOADING]: Auto-subscribing xyz.pixelatedw.mineminenomi.entities.projectiles.gomu.GomuProjectiles to MOD
[14Apr2025 22:07:11.120] [modloading-worker-2/DEBUG] [net.minecraftforge.fml.AutomaticEventSubscriber/LOADING]: Auto-subscribing xyz.pixelatedw.mineminenomi.entities.projectiles.bomu.BomuProjectiles to MOD
[14Apr2025 22:07:11.121] [modloading-worker-2/DEBUG] [net.minecraftforge.fml.AutomaticEventSubscriber/LOADING]: Auto-subscribing xyz.pixelatedw.mineminenomi.entities.projectiles.ito.ItoProjectiles to MOD
[14Apr2025 22:07:11.125] [modloading-worker-2/DEBUG] [net.minecraftforge.fml.AutomaticEventSubscriber/LOADING]: Auto-subscribing xyz.pixelatedw.mineminenomi.entities.projectiles.supa.SupaProjectiles to MOD
[14Apr2025 22:07:11.125] [modloading-worker-2/DEBUG] [net.minecraftforge.fml.AutomaticEventSubscriber/LOADING]: Auto-subscribing xyz.pixelatedw.mineminenomi.entities.projectiles.noro.NoroProjectiles to MOD
[14Apr2025 22:07:11.126] [modloading-worker-2/DEBUG] [net.minecraftforge.fml.AutomaticEventSubscriber/LOADING]: Auto-subscribing xyz.pixelatedw.mineminenomi.init.ModParticleTypes to MOD
[14Apr2025 22:07:11.126] [modloading-worker-2/DEBUG] [net.minecraftforge.fml.AutomaticEventSubscriber/LOADING]: Auto-subscribing xyz.pixelatedw.mineminenomi.init.ModAttributes$Defaults to FORGE
[14Apr2025 22:07:11.127] [modloading-worker-2/DEBUG] [net.minecraftforge.fml.AutomaticEventSubscriber/LOADING]: Auto-subscribing xyz.pixelatedw.mineminenomi.init.ModLootTables to FORGE
[14Apr2025 22:07:11.132] [modloading-worker-2/DEBUG] [net.minecraftforge.fml.AutomaticEventSubscriber/LOADING]: Auto-subscribing xyz.pixelatedw.mineminenomi.init.ModEntities to MOD
[14Apr2025 22:07:11.132] [modloading-worker-2/DEBUG] [net.minecraftforge.fml.AutomaticEventSubscriber/LOADING]: Auto-subscribing xyz.pixelatedw.mineminenomi.init.ModAttributes to FORGE
[14Apr2025 22:07:11.132] [modloading-worker-2/DEBUG] [net.minecraftforge.fml.AutomaticEventSubscriber/LOADING]: Auto-subscribing xyz.pixelatedw.mineminenomi.init.ModAttributes$Setup to MOD
[14Apr2025 22:07:11.133] [modloading-worker-2/DEBUG] [net.minecraftforge.fml.AutomaticEventSubscriber/LOADING]: Auto-subscribing xyz.pixelatedw.mineminenomi.init.ModJollyRogers to MOD
[14Apr2025 22:07:11.133] [modloading-worker-2/DEBUG] [net.minecraftforge.fml.AutomaticEventSubscriber/LOADING]: Auto-subscribing xyz.pixelatedw.mineminenomi.init.ModDataGen to MOD
[14Apr2025 22:07:11.136] [modloading-worker-2/DEBUG] [net.minecraftforge.fml.AutomaticEventSubscriber/LOADING]: Auto-subscribing xyz.pixelatedw.mineminenomi.init.ModCapabilities to FORGE
[14Apr2025 22:07:11.137] [modloading-worker-2/DEBUG] [net.minecraftforge.fml.AutomaticEventSubscriber/LOADING]: Auto-subscribing xyz.pixelatedw.mineminenomi.api.ModRegistries to FORGE
[14Apr2025 22:07:11.137] [modloading-worker-2/DEBUG] [net.minecraftforge.fml.AutomaticEventSubscriber/LOADING]: Auto-subscribing xyz.pixelatedw.mineminenomi.config.CommonConfig to MOD
[14Apr2025 22:07:11.535] [modloading-worker-1/INFO] [STDERR/]: [org.slf4j.helpers.Util:report:128]: SLF4J: Failed to load class "org.slf4j.impl.StaticLoggerBinder".
[14Apr2025 22:07:11.535] [modloading-worker-1/INFO] [STDERR/]: [org.slf4j.helpers.Util:report:128]: SLF4J: Defaulting to no-operation (NOP) logger implementation
[14Apr2025 22:07:11.535] [modloading-worker-1/INFO] [STDERR/]: [org.slf4j.helpers.Util:report:128]: SLF4J: See http://www.slf4j.org/codes.html#StaticLoggerBinder for further details.
[14Apr2025 22:07:11.992] [modloading-worker-3/INFO] [STDOUT/]: [org.valkyrienskies.core.config.VSConfigClass$Companion:registerNetworkHandlers:199]: registering network handlers
[14Apr2025 22:07:12.363] [modloading-worker-1/DEBUG] [net.minecraftforge.fml.AutomaticEventSubscriber/LOADING]: Attempting to inject @EventBusSubscriber classes into the eventbus for vs_eureka
[14Apr2025 22:07:12.457] [modloading-worker-3/DEBUG] [net.minecraftforge.fml.AutomaticEventSubscriber/LOADING]: Attempting to inject @EventBusSubscriber classes into the eventbus for valkyrienskies
[14Apr2025 22:07:12.888] [main/DEBUG] [Spartan Shields/]: Initialising Items
[14Apr2025 22:07:12.908] [main/INFO] [Spartan Shields/]: Registering Items
[14Apr2025 22:07:12.911] [main/INFO] [Spartan Shields/]: Registered Items successfully!
[14Apr2025 22:07:13.062] [main/INFO] [Spartan Weaponry/]: Registering items...
[14Apr2025 22:07:13.069] [main/INFO] [Spartan Weaponry/]: Items Registered!
[14Apr2025 22:07:13.088] [main/DEBUG] [net.minecraftforge.registries.ObjectHolderRef/]: Unable to lookup ancientjapan:oni_armor_armor_boots for public static net.minecraft.item.Item net.mcreator.ancientjapan.item.OniArmorArmorItem.boots. This means the object wasn't registered. It's likely just mod options.
[14Apr2025 22:07:13.091] [main/DEBUG] [net.minecraftforge.registries.ObjectHolderRef/]: Unable to lookup ancientjapan:oni_armor_armor_leggings for public static net.minecraft.item.Item net.mcreator.ancientjapan.item.OniArmorArmorItem.legs. This means the object wasn't registered. It's likely just mod options.
[14Apr2025 22:07:13.092] [main/DEBUG] [net.minecraftforge.registries.ObjectHolderRef/]: Unable to lookup ancientjapan:oni_mask_chestplate for public static net.minecraft.item.Item net.mcreator.ancientjapan.item.OniMaskItem.body. This means the object wasn't registered. It's likely just mod options.
[14Apr2025 22:07:13.092] [main/DEBUG] [net.minecraftforge.registries.ObjectHolderRef/]: Unable to lookup ancientjapan:oni_mask_leggings for public static net.minecraft.item.Item net.mcreator.ancientjapan.item.OniMaskItem.legs. This means the object wasn't registered. It's likely just mod options.
[14Apr2025 22:07:13.099] [main/DEBUG] [net.minecraftforge.registries.ObjectHolderRef/]: Unable to lookup ancientjapan:oni_mask_boots for public static net.minecraft.item.Item net.mcreator.ancientjapan.item.OniMaskItem.boots. This means the object wasn't registered. It's likely just mod options.
[14Apr2025 22:07:13.100] [main/DEBUG] [net.minecraftforge.registries.ObjectHolderRef/]: Unable to lookup ancientjapan:oni_armor_armor_chestplate for public static net.minecraft.item.Item net.mcreator.ancientjapan.item.OniArmorArmorItem.body. This means the object wasn't registered. It's likely just mod options.
[14Apr2025 22:07:13.216] [main/INFO] [Spartan Shields/]: Registering Enchantments
[14Apr2025 22:07:13.217] [main/INFO] [Spartan Shields/]: Registered Enchantments successfully!
[14Apr2025 22:07:13.428] [main/INFO] [Spartan Weaponry/]: Registering Entities
[14Apr2025 22:07:13.798] [main/DEBUG] [net.minecraftforge.fml.config.ConfigTracker/CONFIG]: Loading configs type COMMON
[14Apr2025 22:07:13.799] [main/DEBUG] [net.minecraftforge.fml.config.ConfigFileTypeHandler/CONFIG]: Built TOML config for /workspaces/Bugs-Node.js/servidor_minecraft/config/spartanshields-common.toml
[14Apr2025 22:07:13.800] [main/DEBUG] [net.minecraftforge.fml.config.ConfigFileTypeHandler/CONFIG]: Loaded TOML config file /workspaces/Bugs-Node.js/servidor_minecraft/config/spartanshields-common.toml
[14Apr2025 22:07:13.802] [main/DEBUG] [net.minecraftforge.fml.config.ConfigFileTypeHandler/CONFIG]: Watching TOML config file /workspaces/Bugs-Node.js/servidor_minecraft/config/spartanshields-common.toml for changes
[14Apr2025 22:07:13.809] [main/INFO] [Spartan Shields/]: Loading config spartanshields-common.toml
[14Apr2025 22:07:13.809] [main/DEBUG] [Spartan Shields/]: Reloading durability values for Shields!
[14Apr2025 22:07:13.810] [main/DEBUG] [net.minecraftforge.fml.config.ConfigFileTypeHandler/CONFIG]: Built TOML config for /workspaces/Bugs-Node.js/servidor_minecraft/config/collective-common.toml
[14Apr2025 22:07:13.811] [main/DEBUG] [net.minecraftforge.fml.config.ConfigFileTypeHandler/CONFIG]: Loaded TOML config file /workspaces/Bugs-Node.js/servidor_minecraft/config/collective-common.toml
[14Apr2025 22:07:13.811] [main/DEBUG] [net.minecraftforge.fml.config.ConfigFileTypeHandler/CONFIG]: Watching TOML config file /workspaces/Bugs-Node.js/servidor_minecraft/config/collective-common.toml for changes
[14Apr2025 22:07:13.815] [Thread-0/DEBUG] [net.minecraftforge.fml.config.ConfigFileTypeHandler/CONFIG]: Config file collective-common.toml changed, sending notifies
[14Apr2025 22:07:13.816] [main/DEBUG] [net.minecraftforge.fml.config.ConfigFileTypeHandler/CONFIG]: Built TOML config for /workspaces/Bugs-Node.js/servidor_minecraft/config/citadel-common.toml
[14Apr2025 22:07:13.816] [Thread-0/DEBUG] [net.minecraftforge.fml.config.ConfigFileTypeHandler/CONFIG]: Config file collective-common.toml changed, sending notifies
[14Apr2025 22:07:13.816] [main/DEBUG] [net.minecraftforge.fml.config.ConfigFileTypeHandler/CONFIG]: Loaded TOML config file /workspaces/Bugs-Node.js/servidor_minecraft/config/citadel-common.toml
[14Apr2025 22:07:13.817] [main/DEBUG] [net.minecraftforge.fml.config.ConfigFileTypeHandler/CONFIG]: Watching TOML config file /workspaces/Bugs-Node.js/servidor_minecraft/config/citadel-common.toml for changes
[14Apr2025 22:07:13.818] [main/DEBUG] [net.minecraftforge.fml.config.ConfigFileTypeHandler/CONFIG]: Built TOML config for /workspaces/Bugs-Node.js/servidor_minecraft/config/alexsmobs.toml
[14Apr2025 22:07:13.818] [Thread-0/DEBUG] [net.minecraftforge.fml.config.ConfigFileTypeHandler/CONFIG]: Config file citadel-common.toml changed, sending notifies
[14Apr2025 22:07:13.825] [main/DEBUG] [net.minecraftforge.fml.config.ConfigFileTypeHandler/CONFIG]: Loaded TOML config file /workspaces/Bugs-Node.js/servidor_minecraft/config/alexsmobs.toml
[14Apr2025 22:07:13.825] [Thread-0/DEBUG] [net.minecraftforge.fml.config.ConfigFileTypeHandler/CONFIG]: Config file citadel-common.toml changed, sending notifies
[14Apr2025 22:07:13.825] [main/DEBUG] [net.minecraftforge.fml.config.ConfigFileTypeHandler/CONFIG]: Watching TOML config file /workspaces/Bugs-Node.js/servidor_minecraft/config/alexsmobs.toml for changes
[14Apr2025 22:07:13.873] [Thread-0/DEBUG] [net.minecraftforge.fml.config.ConfigFileTypeHandler/CONFIG]: Config file alexsmobs.toml changed, sending notifies
[14Apr2025 22:07:13.877] [main/DEBUG] [net.minecraftforge.fml.config.ConfigFileTypeHandler/CONFIG]: Built TOML config for /workspaces/Bugs-Node.js/servidor_minecraft/config/sophisticatedbackpacks-common.toml
[14Apr2025 22:07:13.881] [main/DEBUG] [net.minecraftforge.fml.config.ConfigFileTypeHandler/CONFIG]: Loaded TOML config file /workspaces/Bugs-Node.js/servidor_minecraft/config/sophisticatedbackpacks-common.toml
[14Apr2025 22:07:13.889] [main/DEBUG] [net.minecraftforge.fml.config.ConfigFileTypeHandler/CONFIG]: Watching TOML config file /workspaces/Bugs-Node.js/servidor_minecraft/config/sophisticatedbackpacks-common.toml for changes
[14Apr2025 22:07:13.899] [main/DEBUG] [net.minecraftforge.fml.config.ConfigFileTypeHandler/CONFIG]: Built TOML config for /workspaces/Bugs-Node.js/servidor_minecraft/config/spartanweaponry-common.toml
[14Apr2025 22:07:13.908] [main/DEBUG] [net.minecraftforge.fml.config.ConfigFileTypeHandler/CONFIG]: Loaded TOML config file /workspaces/Bugs-Node.js/servidor_minecraft/config/spartanweaponry-common.toml
[14Apr2025 22:07:13.908] [main/DEBUG] [net.minecraftforge.fml.config.ConfigFileTypeHandler/CONFIG]: Watching TOML config file /workspaces/Bugs-Node.js/servidor_minecraft/config/spartanweaponry-common.toml for changes
[14Apr2025 22:07:13.921] [Thread-0/DEBUG] [net.minecraftforge.fml.config.ConfigFileTypeHandler/CONFIG]: Config file spartanweaponry-common.toml changed, sending notifies
[14Apr2025 22:07:13.924] [main/DEBUG] [net.minecraftforge.fml.config.ConfigFileTypeHandler/CONFIG]: Built TOML config for /workspaces/Bugs-Node.js/servidor_minecraft/config/forge-common.toml
[14Apr2025 22:07:13.924] [main/DEBUG] [net.minecraftforge.fml.config.ConfigFileTypeHandler/CONFIG]: Loaded TOML config file /workspaces/Bugs-Node.js/servidor_minecraft/config/forge-common.toml
[14Apr2025 22:07:13.924] [main/DEBUG] [net.minecraftforge.fml.config.ConfigFileTypeHandler/CONFIG]: Watching TOML config file /workspaces/Bugs-Node.js/servidor_minecraft/config/forge-common.toml for changes
[14Apr2025 22:07:13.925] [main/DEBUG] [net.minecraftforge.common.ForgeConfig/FORGEMOD]: Loaded forge config file forge-common.toml
[14Apr2025 22:07:13.926] [main/DEBUG] [net.minecraftforge.fml.config.ConfigFileTypeHandler/CONFIG]: Built TOML config for /workspaces/Bugs-Node.js/servidor_minecraft/config/valhelsia_structures-common.toml
[14Apr2025 22:07:13.926] [main/DEBUG] [net.minecraftforge.fml.config.ConfigFileTypeHandler/CONFIG]: Loaded TOML config file /workspaces/Bugs-Node.js/servidor_minecraft/config/valhelsia_structures-common.toml
[14Apr2025 22:07:13.926] [main/DEBUG] [net.minecraftforge.fml.config.ConfigFileTypeHandler/CONFIG]: Watching TOML config file /workspaces/Bugs-Node.js/servidor_minecraft/config/valhelsia_structures-common.toml for changes
[14Apr2025 22:07:13.936] [main/DEBUG] [net.minecraftforge.fml.config.ConfigFileTypeHandler/CONFIG]: Built TOML config for /workspaces/Bugs-Node.js/servidor_minecraft/config/replantingcrops-common.toml
[14Apr2025 22:07:13.936] [main/DEBUG] [net.minecraftforge.fml.config.ConfigFileTypeHandler/CONFIG]: Loaded TOML config file /workspaces/Bugs-Node.js/servidor_minecraft/config/replantingcrops-common.toml
[14Apr2025 22:07:13.936] [main/DEBUG] [net.minecraftforge.fml.config.ConfigFileTypeHandler/CONFIG]: Watching TOML config file /workspaces/Bugs-Node.js/servidor_minecraft/config/replantingcrops-common.toml for changes
[14Apr2025 22:07:13.937] [main/DEBUG] [net.minecraftforge.fml.config.ConfigFileTypeHandler/CONFIG]: Built TOML config for /workspaces/Bugs-Node.js/servidor_minecraft/config/mineminenomi-common.toml
[14Apr2025 22:07:13.941] [main/DEBUG] [net.minecraftforge.fml.config.ConfigFileTypeHandler/CONFIG]: Loaded TOML config file /workspaces/Bugs-Node.js/servidor_minecraft/config/mineminenomi-common.toml
[14Apr2025 22:07:13.941] [main/DEBUG] [net.minecraftforge.fml.config.ConfigFileTypeHandler/CONFIG]: Watching TOML config file /workspaces/Bugs-Node.js/servidor_minecraft/config/mineminenomi-common.toml for changes
[14Apr2025 22:07:13.945] [Thread-0/DEBUG] [net.minecraftforge.fml.config.ConfigFileTypeHandler/CONFIG]: Config file mineminenomi-common.toml changed, sending notifies
[14Apr2025 22:07:13.945] [Thread-0/DEBUG] [net.minecraftforge.fml.config.ConfigFileTypeHandler/CONFIG]: Config file mineminenomi-common.toml changed, sending notifies
[14Apr2025 22:07:13.954] [modloading-worker-3/INFO] [Spartan Shields/]: Setting up Spartan Shields!
[14Apr2025 22:07:13.977] [modloading-worker-0/DEBUG] [net.minecraftforge.fml.config.ConfigTracker/CONFIG]: Config file jei-server.toml for jei tracking
[14Apr2025 22:07:14.078] [modloading-worker-0/INFO] [Spartan Weaponry/]: Setting up Spartan Weaponry!
[14Apr2025 22:07:14.154] [Forge Version Check/INFO] [net.minecraftforge.fml.VersionChecker/]: [gravestone] Starting version check at https://maxhenkel.de/update/gravestone.json
[14Apr2025 22:07:14.512] [main/DEBUG] [net.minecraftforge.fml.DeferredWorkQueue/LOADING]: Dispatching synchronous work after COMMON_SETUP: 4 jobs
[14Apr2025 22:07:14.551] [main/DEBUG] [net.minecraftforge.fml.DeferredWorkQueue/LOADING]: Synchronous work queue completed in 00:00:00.029
[14Apr2025 22:07:14.557] [modloading-worker-1/INFO] [xaero.minimap.XaeroMinimap/]: Loading Xaero's Minimap - Stage 1/2 (Server)
[14Apr2025 22:07:14.562] [main/DEBUG] [net.minecraftforge.fml.DeferredWorkQueue/LOADING]: Dispatching synchronous work after SIDED_SETUP: 1 jobs
[14Apr2025 22:07:14.562] [main/INFO] [xaero.minimap.XaeroMinimap/]: Loading Xaero's Minimap - Stage 2/2 (Server)
[14Apr2025 22:07:14.562] [main/DEBUG] [net.minecraftforge.fml.DeferredWorkQueue/LOADING]: Synchronous work queue completed in 00:00:00.000
[14Apr2025 22:07:15.082] [Forge Version Check/WARN] [net.minecraftforge.fml.VersionChecker/]: Failed to process update information
java.lang.NullPointerException: null
	at net.minecraftforge.fml.VersionChecker$1.openUrlString(VersionChecker.java:160) ~[forge:?]
	at net.minecraftforge.fml.VersionChecker$1.process(VersionChecker.java:187) ~[forge:?]
	at java.lang.Iterable.forEach(Iterable.java:75) [?:?]
	at net.minecraftforge.fml.VersionChecker$1.run(VersionChecker.java:128) [forge:?]
[14Apr2025 22:07:15.083] [Forge Version Check/INFO] [net.minecraftforge.fml.VersionChecker/]: [forge] Starting version check at https://files.minecraftforge.net/net/minecraftforge/forge/promotions_slim.json
[14Apr2025 22:07:15.240] [Forge Version Check/DEBUG] [net.minecraftforge.fml.VersionChecker/]: [forge] Received version check data:
{
  "homepage": "https://files.minecraftforge.net/net/minecraftforge/forge/",
  "promos": {
    "1.1-latest": "1.3.4.29",
    "1.2.3-latest": "1.4.1.64",
    "1.2.4-latest": "2.0.0.68",
    "1.2.5-latest": "3.4.9.171",
    "1.3.2-latest": "4.3.5.318",
    "1.4.0-latest": "5.0.0.326",
    "1.4.1-latest": "6.0.0.329",
    "1.4.2-latest": "6.0.1.355",
    "1.4.3-latest": "6.2.1.358",
    "1.4.4-latest": "6.3.0.378",
    "1.4.5-latest": "6.4.2.448",
    "1.4.6-latest": "6.5.0.489",
    "1.4.7-latest": "6.6.2.534",
    "1.5-latest": "7.7.0.598",
    "1.5.1-latest": "7.7.2.682",
    "1.5.2-latest": "7.8.1.738",
    "1.5.2-recommended": "7.8.1.738",
    "1.6.1-latest": "8.9.0.775",
    "1.6.2-latest": "9.10.1.871",
    "1.6.2-recommended": "9.10.1.871",
    "1.6.3-latest": "9.11.0.878",
    "1.6.4-latest": "9.11.1.1345",
    "1.6.4-recommended": "9.11.1.1345",
    "1.7.2-latest": "10.12.2.1161",
    "1.7.2-recommended": "10.12.2.1161",
    "1.7.10_pre4-latest": "10.12.2.1149",
    "1.7.10-latest": "10.13.4.1614",
    "1.7.10-recommended": "10.13.4.1614",
    "1.8-latest": "11.14.4.1577",
    "1.8-recommended": "11.14.4.1563",
    "1.8.8-latest": "11.15.0.1655",
    "1.8.9-latest": "11.15.1.2318",
    "1.8.9-recommended": "11.15.1.2318",
    "1.9-latest": "12.16.1.1938",
    "1.9-recommended": "12.16.1.1887",
    "1.9.4-latest": "12.17.0.2317",
    "1.9.4-recommended": "12.17.0.2317",
    "1.10-latest": "12.18.0.2000",
    "1.10.2-latest": "12.18.3.2511",
    "1.10.2-recommended": "12.18.3.2511",
    "1.11-latest": "13.19.1.2199",
    "1.11-recommended": "13.19.1.2189",
    "1.11.2-latest": "13.20.1.2588",
    "1.11.2-recommended": "13.20.1.2588",
    "1.12-latest": "14.21.1.2443",
    "1.12-recommended": "14.21.1.2387",
    "1.12.1-latest": "14.22.1.2485",
    "1.12.1-recommended": "14.22.1.2478",
    "1.12.2-latest": "14.23.5.2860",
    "1.12.2-recommended": "14.23.5.2859",
    "1.13.2-latest": "25.0.223",
    "1.14.2-latest": "26.0.63",
    "1.14.3-latest": "27.0.60",
    "1.14.4-latest": "28.2.26",
    "1.14.4-recommended": "28.2.26",
    "1.15-latest": "29.0.4",
    "1.15.1-latest": "30.0.51",
    "1.15.2-latest": "31.2.57",
    "1.15.2-recommended": "31.2.57",
    "1.16.1-latest": "32.0.108",
    "1.16.2-latest": "33.0.61",
    "1.16.3-latest": "34.1.42",
    "1.16.3-recommended": "34.1.0",
    "1.16.4-latest": "35.1.37",
    "1.16.4-recommended": "35.1.4",
    "1.16.5-latest": "36.2.42",
    "1.16.5-recommended": "36.2.34",
    "1.17.1-latest": "37.1.1",
    "1.17.1-recommended": "37.1.1",
    "1.18-latest": "38.0.17",
    "1.18.1-latest": "39.1.2",
    "1.18.1-recommended": "39.1.0",
    "1.18.2-recommended": "40.3.0",
    "1.18.2-latest": "40.3.10",
    "1.19-latest": "41.1.0",
    "1.19-recommended": "41.1.0",
    "1.19.1-latest": "42.0.9",
    "1.19.2-recommended": "43.5.0",
    "1.19.2-latest": "43.5.0",
    "1.19.3-latest": "44.1.23",
    "1.19.3-recommended": "44.1.0",
    "1.19.4-recommended": "45.4.0",
    "1.19.4-latest": "45.4.0",
    "1.20-latest": "46.0.14",
    "1.20.1-recommended": "47.4.0",
    "1.20.1-latest": "47.4.0",
    "1.20.2-latest": "48.1.0",
    "1.20.2-recommended": "48.1.0",
    "1.20.3-latest": "49.0.2",
    "1.20.4-latest": "49.2.0",
    "1.20.4-recommended": "49.2.0",
    "1.20.6-latest": "50.2.0",
    "1.20.6-recommended": "50.2.0",
    "1.21-latest": "51.0.33",
    "1.21.1-latest": "52.1.0",
    "1.21.1-recommended": "52.1.0",
    "1.21.3-latest": "53.1.1",
    "1.21.3-recommended": "53.1.0",
    "1.21.4-latest": "54.1.3",
    "1.21.4-recommended": "54.1.0",
    "1.21.5-latest": "55.0.4"
  }
}
[14Apr2025 22:07:15.243] [Forge Version Check/INFO] [net.minecraftforge.fml.VersionChecker/]: [forge] Found status: AHEAD Current: 36.2.42 Target: null
[14Apr2025 22:07:15.243] [Forge Version Check/INFO] [net.minecraftforge.fml.VersionChecker/]: [fastleafdecay] Starting version check at http://olafkeijsers.net/fastleafdecay-update.json
[14Apr2025 22:07:15.441] [Forge Version Check/DEBUG] [net.minecraftforge.fml.VersionChecker/]: [fastleafdecay] Received version check data:
{
  "homepage": "http://minecraft.curseforge.com/projects/fastleafdecay",
  "1.9.4": {
    "v11": "Made the mod server-side only again.",
    "v10": "Replaced Core Mod with event handling.\nAdded Forge update checking functionality."
  },
  "1.10": {
    "v11": "Made the mod server-side only again.",
    "v10": "Replaced Core Mod with event handling.\nAdded Forge update checking functionality."
  },
  "1.10.2": {
    "v11": "Made the mod server-side only again.",
    "v10": "Replaced Core Mod with event handling.\nAdded Forge update checking functionality."
  },
  "1.11": {
    "v12": "Updated for Minecraft 1.11.",
    "v15": "Added hint about config in the mod description."
  },
  "1.11.2": {
    "v12": "Updated for Minecraft 1.11.",
    "v15": "Added hint about config in the mod description."
  },
  "1.12": {
    "v13": "Updated for Minecraft 1.12."
  },
  "1.12.1": {
    "v14": "Updated for Minecraft 1.12.1 and 1.12.2."
  },
  "1.12.2": {
    "v14": "Updated for Minecraft 1.12.1 and 1.12.2."
  },
  "1.13.2": {
    "v15": "Updated for Minecraft 1.13.2."
  },
  "1.14.2": {
    "v16": "Updated for Minecraft 1.14"
  },
  "1.14.3": {
    "v16": "Updated for Minecraft 1.14"
  },
  "1.14.4": {
    "v16": "Updated for Minecraft 1.14",
    "v17": "Update for Forge 1.14.4-28.0.45 and onwards."
  },
  "1.15.1": {
    "v22": "Updated for Minecraft 1.15, improved compatibility with other mods."
  },
  "1.15.2": {
    "v22": "Updated for Minecraft 1.15, improved compatibility with other mods."
  },
  "1.16.1": {
    "v23": "Updated for Minecraft 1.16."
  },
  "1.16.2": {
    "v25": "Removed some superfluous debug statements.",
    "v25.1": "Added check for leaves tag, increasing compatibility with other mods.",
    "v25.2": "Re-enabled update checker."
  },
  "1.16.3": {
    "v25": "Removed some superfluous debug statements.",
    "v25.1": "Added check for leaves tag, increasing compatibility with other mods.",
    "v25.2": "Re-enabled update checker."
  },
  "1.16.4": {
    "v25": "Removed some superfluous debug statements.",
    "v25.1": "Added check for leaves tag, increasing compatibility with other mods.",
    "v25.2": "Re-enabled update checker."
  },
  "1.16.5": {
    "v25": "Removed some superfluous debug statements.",
    "v25.1": "Added check for leaves tag, increasing compatibility with other mods.",
    "v25.2": "Re-enabled update checker."
  },
  "1.17.1": {
    "v26": "Updated for Minecraft 1.17",
    "v26.1": "Added check for leaves tag, increasing compatibility with other mods.",
    "v26.2": "Re-enabled update checker."
  },
  "1.18": {
    "v27": "Updated for Minecraft 1.18",
    "v27.1": "Added check for leaves tag, increasing compatibility with other mods.",
    "v27.2": "Re-enabled update checker."
  },
  "1.18.1": {
    "v27": "Updated for Minecraft 1.18",
    "v27.1": "Added check for leaves tag, increasing compatibility with other mods.",
    "v27.2": "Re-enabled update checker."
  },
  "1.18.2": {
    "28": "Updated for Minecraft 1.18.2. Removed check for LeavesBlock inheritance in favour of BlockTags.LEAVES."
  },
  "promos": {
    "1.9.4-latest": "v11",
    "1.9.4-recommended": "v11",
    "1.10-latest": "v11",
    "1.10-recommended": "v11",
    "1.10.2-latest": "v11",
    "1.10.2-recommended": "v11",
    "1.11-latest": "v15",
    "1.11-recommended": "v15",
    "1.11.2-latest": "v15",
    "1.11.2-recommended": "v15",
    "1.12-latest": "v13",
    "1.12-recommended": "v13",
    "1.12.1-latest": "v14",
    "1.12.1-recommended": "v14",
    "1.12.2-latest": "v14",
    "1.12.2-recommended": "v14",
    "1.13.2-latest": "v15",
    "1.13.2-recommended": "v15",
    "1.14.2-latest": "v16",
    "1.14.2-recommended": "v16",
    "1.14.3-latest": "v16",
    "1.14.3-recommended": "v16",
    "1.14.4-latest": "v17",
    "1.14.4-recommended": "v17",
    "1.15.1-latest": "v22",
    "1.15.1-recommended": "v22",
    "1.15.2-latest": "v22",
    "1.15.2-recommended": "v22",
    "1.16.1-latest": "v23",
    "1.16.1-recommended": "v23",
    "1.16.2-latest": "v25.2",
    "1.16.2-recommended": "v25.2",
    "1.16.3-latest": "v25.2",
    "1.16.3-recommended": "v25.2",
    "1.16.4-latest": "v25.2",
    "1.16.4-recommended": "v25.2",
    "1.16.5-latest": "v25.2",
    "1.16.5-recommended": "v25.2",
    "1.17.1-latest": "v26.2",
    "1.17.1-recommended": "v26.2",
    "1.18-latest": "v27.2",
    "1.18-recommended": "v27.2",
    "1.18.1-latest": "v27.2",
    "1.18.1-recommended": "v27.2",
    "1.18.2-latest": "28",
    "1.18.2-recommended": "28"
  }
}
[14Apr2025 22:07:15.442] [Forge Version Check/INFO] [net.minecraftforge.fml.VersionChecker/]: [fastleafdecay] Found status: UP_TO_DATE Current: v25.2 Target: null
[14Apr2025 22:07:17.449] [main/DEBUG] [net.minecraftforge.common.ForgeTagHandler/]: Populated the TagCollectionManager with 3 extra types
[14Apr2025 22:07:18.027] [main/INFO] [com.mojang.authlib.yggdrasil.YggdrasilAuthenticationService/]: Environment: authHost='https://authserver.mojang.com', accountsHost='https://api.mojang.com', sessionHost='https://sessionserver.mojang.com', servicesHost='https://api.minecraftservices.com', name='PROD'
[14Apr2025 22:07:18.107] [main/DEBUG] [mixin/]: Mixing GameRulesAccessor from architectury.mixins.json into net.minecraft.world.GameRules
[14Apr2025 22:07:18.117] [main/DEBUG] [mixin/]: Mixing GameRulesAccessor$BooleanValue from architectury.mixins.json into net.minecraft.world.GameRules$BooleanValue
[14Apr2025 22:07:18.118] [main/DEBUG] [mixin/]: Renaming @Invoker method invokeCreateArchitectury(ZLjava/util/function/BiConsumer;)Lnet/minecraft/world/GameRules$RuleType; to invokeCreateArchitectury_$md$388bc4$0 in architectury.mixins.json:GameRulesAccessor$BooleanValue
[14Apr2025 22:07:18.118] [main/DEBUG] [mixin/]: Mixing GameRulesAccessor$BooleanValueSimple from architectury.mixins.json into net.minecraft.world.GameRules$BooleanValue
[14Apr2025 22:07:18.118] [main/DEBUG] [mixin/]: Renaming @Invoker method invokeCreateArchitectury(Z)Lnet/minecraft/world/GameRules$RuleType; to invokeCreateArchitectury_$md$388bc4$1 in architectury.mixins.json:GameRulesAccessor$BooleanValueSimple
[14Apr2025 22:07:18.125] [main/DEBUG] [mixin/]: Mixing GameRulesAccessor$IntegerValue from architectury.mixins.json into net.minecraft.world.GameRules$IntegerValue
[14Apr2025 22:07:18.127] [main/DEBUG] [mixin/]: Renaming @Invoker method invokeCreateArchitectury(ILjava/util/function/BiConsumer;)Lnet/minecraft/world/GameRules$RuleType; to invokeCreateArchitectury_$md$388bc4$0 in architectury.mixins.json:GameRulesAccessor$IntegerValue
[14Apr2025 22:07:18.127] [main/DEBUG] [mixin/]: Mixing GameRulesAccessor$IntegerValueSimple from architectury.mixins.json into net.minecraft.world.GameRules$IntegerValue
[14Apr2025 22:07:18.127] [main/DEBUG] [mixin/]: Renaming @Invoker method invokeCreateArchitectury(I)Lnet/minecraft/world/GameRules$RuleType; to invokeCreateArchitectury_$md$388bc4$1 in architectury.mixins.json:GameRulesAccessor$IntegerValueSimple
[14Apr2025 22:07:18.322] [main/DEBUG] [net.minecraftforge.fml.server.ServerLifecycleHooks/CORE]: Generating PackInfo named mod:mineminenomi for mod file /workspaces/Bugs-Node.js/servidor_minecraft/mods/mine-mine-no-mi-1.16.5-0.9.5.jar
[14Apr2025 22:07:18.322] [main/DEBUG] [net.minecraftforge.fml.server.ServerLifecycleHooks/CORE]: Generating PackInfo named mod:ancientjapan for mod file /workspaces/Bugs-Node.js/servidor_minecraft/mods/motrs-BETA-0.0.1.jar
[14Apr2025 22:07:18.323] [main/DEBUG] [net.minecraftforge.fml.server.ServerLifecycleHooks/CORE]: Generating PackInfo named mod:piratesandlootersreborn for mod file /workspaces/Bugs-Node.js/servidor_minecraft/mods/Pirates_And_Looters_Kraken_Update.jar
[14Apr2025 22:07:18.323] [main/DEBUG] [net.minecraftforge.fml.server.ServerLifecycleHooks/CORE]: Generating PackInfo named mod:jei for mod file /workspaces/Bugs-Node.js/servidor_minecraft/mods/jei-1.16.5-7.8.0.1009.jar
[14Apr2025 22:07:18.323] [main/DEBUG] [net.minecraftforge.fml.server.ServerLifecycleHooks/CORE]: Generating PackInfo named mod:torohealth for mod file /workspaces/Bugs-Node.js/servidor_minecraft/mods/torohealth-1.16.4-forge-4.jar
[14Apr2025 22:07:18.323] [main/DEBUG] [net.minecraftforge.fml.server.ServerLifecycleHooks/CORE]: Generating PackInfo named mod:spartanshields for mod file /workspaces/Bugs-Node.js/servidor_minecraft/mods/SpartanShields-1.16.5-2.1.2.jar
[14Apr2025 22:07:18.323] [main/DEBUG] [net.minecraftforge.fml.server.ServerLifecycleHooks/CORE]: Generating PackInfo named mod:xaerominimap for mod file /workspaces/Bugs-Node.js/servidor_minecraft/mods/Xaeros_Minimap_25.2.0_Forge_1.16.5.jar
[14Apr2025 22:07:18.324] [main/DEBUG] [net.minecraftforge.fml.server.ServerLifecycleHooks/CORE]: Generating PackInfo named mod:gravestone for mod file /workspaces/Bugs-Node.js/servidor_minecraft/mods/gravestone-1.16.5-1.0.6.jar
[14Apr2025 22:07:18.324] [main/DEBUG] [net.minecraftforge.fml.server.ServerLifecycleHooks/CORE]: Generating PackInfo named mod:collective for mod file /workspaces/Bugs-Node.js/servidor_minecraft/mods/collective-1.16.5-5.49.jar
[14Apr2025 22:07:18.324] [main/DEBUG] [net.minecraftforge.fml.server.ServerLifecycleHooks/CORE]: Generating PackInfo named mod:citadel for mod file /workspaces/Bugs-Node.js/servidor_minecraft/mods/citadel-1.8.1-1.16.5.jar
[14Apr2025 22:07:18.324] [main/DEBUG] [net.minecraftforge.fml.server.ServerLifecycleHooks/CORE]: Generating PackInfo named mod:alexsmobs for mod file /workspaces/Bugs-Node.js/servidor_minecraft/mods/alexsmobs-1.12.1.jar
[14Apr2025 22:07:18.324] [main/DEBUG] [net.minecraftforge.fml.server.ServerLifecycleHooks/CORE]: Generating PackInfo named mod:sophisticatedbackpacks for mod file /workspaces/Bugs-Node.js/servidor_minecraft/mods/sophisticatedbackpacks-1.16.5-3.15.20.755.jar
[14Apr2025 22:07:18.324] [main/DEBUG] [net.minecraftforge.fml.server.ServerLifecycleHooks/CORE]: Generating PackInfo named mod:spartanweaponry for mod file /workspaces/Bugs-Node.js/servidor_minecraft/mods/SpartanWeaponry-1.16.5-2.2.0-rc-2.jar
[14Apr2025 22:07:18.324] [main/DEBUG] [net.minecraftforge.fml.server.ServerLifecycleHooks/CORE]: Generating PackInfo named mod:architectury for mod file /workspaces/Bugs-Node.js/servidor_minecraft/mods/architectury-419699-3857643.jar
[14Apr2025 22:07:18.325] [main/DEBUG] [net.minecraftforge.fml.server.ServerLifecycleHooks/CORE]: Generating PackInfo named mod:cloth-config for mod file /workspaces/Bugs-Node.js/servidor_minecraft/mods/cloth-config-forge-4.16.91.jar
[14Apr2025 22:07:18.325] [main/DEBUG] [net.minecraftforge.fml.server.ServerLifecycleHooks/CORE]: Generating PackInfo named mod:carryon for mod file /workspaces/Bugs-Node.js/servidor_minecraft/mods/carryon-1.16.5-1.15.6.24.jar
[14Apr2025 22:07:18.325] [main/DEBUG] [net.minecraftforge.fml.server.ServerLifecycleHooks/CORE]: Generating PackInfo named mod:ancient_guns for mod file /workspaces/Bugs-Node.js/servidor_minecraft/mods/AncientGuns_3.2_1.16.4.jar
[14Apr2025 22:07:18.325] [main/DEBUG] [net.minecraftforge.fml.server.ServerLifecycleHooks/CORE]: Generating PackInfo named mod:valkyrienskies for mod file /workspaces/Bugs-Node.js/servidor_minecraft/mods/valkyrienskies-116-2.0.0-alpha6.jar
[14Apr2025 22:07:18.325] [main/DEBUG] [net.minecraftforge.fml.server.ServerLifecycleHooks/CORE]: Generating PackInfo named mod:vs_eureka for mod file /workspaces/Bugs-Node.js/servidor_minecraft/mods/eureka-1.0.0-alpha7.jar
[14Apr2025 22:07:18.325] [main/DEBUG] [net.minecraftforge.fml.server.ServerLifecycleHooks/CORE]: Generating PackInfo named mod:forge for mod file /workspaces/Bugs-Node.js/servidor_minecraft/libraries/net/minecraftforge/forge/1.16.5-36.2.42/forge-1.16.5-36.2.42-universal.jar
[14Apr2025 22:07:18.325] [main/DEBUG] [net.minecraftforge.fml.server.ServerLifecycleHooks/CORE]: Generating PackInfo named mod:fastleafdecay for mod file /workspaces/Bugs-Node.js/servidor_minecraft/mods/FastLeafDecay-v25.2.jar
[14Apr2025 22:07:18.326] [main/DEBUG] [net.minecraftforge.fml.server.ServerLifecycleHooks/CORE]: Generating PackInfo named mod:valhelsia_core for mod file /workspaces/Bugs-Node.js/servidor_minecraft/mods/valhelsia_core-16.0.15.jar
[14Apr2025 22:07:18.326] [main/DEBUG] [net.minecraftforge.fml.server.ServerLifecycleHooks/CORE]: Generating PackInfo named mod:valhelsia_structures for mod file /workspaces/Bugs-Node.js/servidor_minecraft/mods/valhelsia_structures-1.16.5-0.1.6.jar
[14Apr2025 22:07:18.326] [main/DEBUG] [net.minecraftforge.fml.server.ServerLifecycleHooks/CORE]: Generating PackInfo named mod:geckolib3 for mod file /workspaces/Bugs-Node.js/servidor_minecraft/mods/geckolib-forge-1.16.5-3.0.106.jar
[14Apr2025 22:07:18.326] [main/DEBUG] [net.minecraftforge.fml.server.ServerLifecycleHooks/CORE]: Generating PackInfo named mod:replantingcrops for mod file /workspaces/Bugs-Node.js/servidor_minecraft/mods/replantingcrops_1.16.5-4.1.jar
[14Apr2025 22:07:18.335] [main/DEBUG] [net.minecraftforge.common.ForgeTagHandler/]: Gathering custom tag collection reader from types.
[14Apr2025 22:07:18.561] [main/DEBUG] [mixin/]: Mixing FillCommandMixin from mine-mine-no-mi.mixins.json into net.minecraft.command.impl.FillCommand
[14Apr2025 22:07:18.615] [main/DEBUG] [mixin/]: Mixing GiveCommandMixin from mine-mine-no-mi.mixins.json into net.minecraft.command.impl.GiveCommand
[14Apr2025 22:07:18.900] [main/WARN] [net.minecraft.command.Commands/]: Ambiguity between arguments [teleport, destination] and [teleport, targets] with inputs: [Player, 0123, @e, dd12be42-52a9-4a91-a8a1-11c01849e498]
[14Apr2025 22:07:18.902] [main/WARN] [net.minecraft.command.Commands/]: Ambiguity between arguments [teleport, location] and [teleport, destination] with inputs: [0.1 -0.5 .9, 0 0 0]
[14Apr2025 22:07:18.904] [main/WARN] [net.minecraft.command.Commands/]: Ambiguity between arguments [teleport, location] and [teleport, targets] with inputs: [0.1 -0.5 .9, 0 0 0]
[14Apr2025 22:07:18.907] [main/WARN] [net.minecraft.command.Commands/]: Ambiguity between arguments [teleport, targets] and [teleport, destination] with inputs: [Player, 0123, dd12be42-52a9-4a91-a8a1-11c01849e498]
[14Apr2025 22:07:18.910] [main/WARN] [net.minecraft.command.Commands/]: Ambiguity between arguments [teleport, targets, location] and [teleport, targets, destination] with inputs: [0.1 -0.5 .9, 0 0 0]
[14Apr2025 22:07:18.922] [main/INFO] [net.minecraft.resources.SimpleReloadableResourceManager/]: Reloading ResourceManager: Default, mine-mine-no-mi-1.16.5-0.9.5.jar, motrs-BETA-0.0.1.jar, Pirates_And_Looters_Kraken_Update.jar, jei-1.16.5-7.8.0.1009.jar, torohealth-1.16.4-forge-4.jar, SpartanShields-1.16.5-2.1.2.jar, Xaeros_Minimap_25.2.0_Forge_1.16.5.jar, gravestone-1.16.5-1.0.6.jar, collective-1.16.5-5.49.jar, citadel-1.8.1-1.16.5.jar, alexsmobs-1.12.1.jar, sophisticatedbackpacks-1.16.5-3.15.20.755.jar, SpartanWeaponry-1.16.5-2.2.0-rc-2.jar, architectury-419699-3857643.jar, cloth-config-forge-4.16.91.jar, carryon-1.16.5-1.15.6.24.jar, AncientGuns_3.2_1.16.4.jar, valkyrienskies-116-2.0.0-alpha6.jar, eureka-1.0.0-alpha7.jar, forge-1.16.5-36.2.42-universal.jar, FastLeafDecay-v25.2.jar, valhelsia_core-16.0.15.jar, valhelsia_structures-1.16.5-0.1.6.jar, geckolib-forge-1.16.5-3.0.106.jar, replantingcrops_1.16.5-4.1.jar
[14Apr2025 22:07:20.881] [Worker-Main-6/ERROR] [net.minecraft.item.crafting.RecipeManager/]: Parsing error loading recipe ancient_guns:wettingefpt
com.google.gson.JsonSyntaxException: Unknown item 'ancient_guns_mod:wetemptyflintlockpistol'
	at net.minecraft.item.crafting.Ingredient.lambda$valueFromJson$11(Ingredient.java:216) ~[?:?]
	at java.util.Optional.orElseThrow(Optional.java:408) ~[?:?]
	at net.minecraft.item.crafting.Ingredient.func_199803_a(Ingredient.java:215) ~[?:?]
	at net.minecraftforge.common.crafting.VanillaIngredientSerializer.parse(VanillaIngredientSerializer.java:27) ~[forge:?]
	at net.minecraftforge.common.crafting.CraftingHelper.getIngredient(CraftingHelper.java:141) ~[forge:?]
	at net.minecraft.item.crafting.Ingredient.func_199802_a(Ingredient.java:189) ~[?:?]
	at net.minecraft.item.crafting.CookingRecipeSerializer.func_199425_a_(CookingRecipeSerializer.java:23) ~[?:?]
	at net.minecraft.item.crafting.CookingRecipeSerializer.func_199425_a_(CookingRecipeSerializer.java:11) ~[?:?]
	at net.minecraft.item.crafting.RecipeManager.func_215377_a(RecipeManager.java:141) ~[?:?]
	at net.minecraft.item.crafting.RecipeManager.func_212853_a_(RecipeManager.java:61) ~[?:?]
	at net.minecraft.item.crafting.RecipeManager.func_212853_a_(RecipeManager.java:38) ~[?:?]
	at net.minecraft.client.resources.ReloadListener.func_215269_a(SourceFile:13) ~[?:?]
	at java.util.concurrent.CompletableFuture$UniAccept.tryFire(CompletableFuture.java:714) ~[?:?]
	at java.util.concurrent.CompletableFuture$Completion.run(CompletableFuture.java:478) ~[?:?]
	at net.minecraft.resources.AsyncReloader.func_219557_a(SourceFile:71) ~[?:?]
	at net.minecraft.resources.AsyncReloader.func_219560_a(SourceFile:70) ~[?:?]
	at java.util.concurrent.CompletableFuture$UniCompletion.claim(CompletableFuture.java:568) ~[?:?]
	at java.util.concurrent.CompletableFuture$UniAccept.tryFire(CompletableFuture.java:710) ~[?:?]
	at java.util.concurrent.CompletableFuture.postComplete(CompletableFuture.java:506) ~[?:?]
	at java.util.concurrent.CompletableFuture.postFire(CompletableFuture.java:610) ~[?:?]
	at java.util.concurrent.CompletableFuture$UniAccept.tryFire(CompletableFuture.java:722) ~[?:?]
	at java.util.concurrent.CompletableFuture$Completion.run(CompletableFuture.java:478) ~[?:?]
	at net.minecraft.resources.AsyncReloader.func_219557_a(SourceFile:71) ~[?:?]
	at net.minecraft.resources.AsyncReloader.func_219560_a(SourceFile:70) ~[?:?]
	at java.util.concurrent.CompletableFuture$UniCompletion.claim(CompletableFuture.java:568) ~[?:?]
	at java.util.concurrent.CompletableFuture$UniAccept.tryFire(CompletableFuture.java:710) ~[?:?]
	at java.util.concurrent.CompletableFuture.postComplete(CompletableFuture.java:506) ~[?:?]
	at java.util.concurrent.CompletableFuture.postFire(CompletableFuture.java:610) ~[?:?]
	at java.util.concurrent.CompletableFuture$UniAccept.tryFire(CompletableFuture.java:722) ~[?:?]
	at java.util.concurrent.CompletableFuture$Completion.run(CompletableFuture.java:478) ~[?:?]
	at net.minecraft.resources.AsyncReloader.func_219557_a(SourceFile:71) ~[?:?]
	at net.minecraft.resources.AsyncReloader.func_219560_a(SourceFile:70) ~[?:?]
	at java.util.concurrent.CompletableFuture$UniCompletion.claim(CompletableFuture.java:568) ~[?:?]
	at java.util.concurrent.CompletableFuture$UniAccept.tryFire(CompletableFuture.java:710) ~[?:?]
	at java.util.concurrent.CompletableFuture.postComplete(CompletableFuture.java:506) ~[?:?]
	at java.util.concurrent.CompletableFuture.complete(CompletableFuture.java:2079) ~[?:?]
	at net.minecraft.resources.AsyncReloader$1.func_216873_a(SourceFile:53) ~[?:?]
	at net.minecraft.resources.AsyncReloader$1.func_216872_a(SourceFile:50) ~[?:?]
	at java.util.concurrent.CompletableFuture$UniCompose.tryFire(CompletableFuture.java:1072) [?:?]
	at java.util.concurrent.CompletableFuture.postComplete(CompletableFuture.java:506) [?:?]
	at java.util.concurrent.CompletableFuture$AsyncSupply.run(CompletableFuture.java:1705) [?:?]
	at java.util.concurrent.CompletableFuture$AsyncSupply.exec(CompletableFuture.java:1692) [?:?]
	at java.util.concurrent.ForkJoinTask.doExec(ForkJoinTask.java:290) [?:?]
	at java.util.concurrent.ForkJoinPool$WorkQueue.topLevelExec(ForkJoinPool.java:1020) [?:?]
	at java.util.concurrent.ForkJoinPool.scan(ForkJoinPool.java:1656) [?:?]
	at java.util.concurrent.ForkJoinPool.runWorker(ForkJoinPool.java:1594) [?:?]
	at java.util.concurrent.ForkJoinWorkerThread.run(ForkJoinWorkerThread.java:183) [?:?]
[14Apr2025 22:07:20.910] [Worker-Main-6/ERROR] [net.minecraft.item.crafting.RecipeManager/]: Parsing error loading recipe ancient_guns:steelnuggetcook
com.google.gson.JsonSyntaxException: Unknown item 'ancient_guns_mod:steelslag'
	at net.minecraft.item.crafting.Ingredient.lambda$valueFromJson$11(Ingredient.java:216) ~[?:?]
	at java.util.Optional.orElseThrow(Optional.java:408) ~[?:?]
	at net.minecraft.item.crafting.Ingredient.func_199803_a(Ingredient.java:215) ~[?:?]
	at net.minecraftforge.common.crafting.VanillaIngredientSerializer.parse(VanillaIngredientSerializer.java:27) ~[forge:?]
	at net.minecraftforge.common.crafting.CraftingHelper.getIngredient(CraftingHelper.java:141) ~[forge:?]
	at net.minecraft.item.crafting.Ingredient.func_199802_a(Ingredient.java:189) ~[?:?]
	at net.minecraft.item.crafting.CookingRecipeSerializer.func_199425_a_(CookingRecipeSerializer.java:23) ~[?:?]
	at net.minecraft.item.crafting.CookingRecipeSerializer.func_199425_a_(CookingRecipeSerializer.java:11) ~[?:?]
	at net.minecraft.item.crafting.RecipeManager.func_215377_a(RecipeManager.java:141) ~[?:?]
	at net.minecraft.item.crafting.RecipeManager.func_212853_a_(RecipeManager.java:61) ~[?:?]
	at net.minecraft.item.crafting.RecipeManager.func_212853_a_(RecipeManager.java:38) ~[?:?]
	at net.minecraft.client.resources.ReloadListener.func_215269_a(SourceFile:13) ~[?:?]
	at java.util.concurrent.CompletableFuture$UniAccept.tryFire(CompletableFuture.java:714) ~[?:?]
	at java.util.concurrent.CompletableFuture$Completion.run(CompletableFuture.java:478) ~[?:?]
	at net.minecraft.resources.AsyncReloader.func_219557_a(SourceFile:71) ~[?:?]
	at net.minecraft.resources.AsyncReloader.func_219560_a(SourceFile:70) ~[?:?]
	at java.util.concurrent.CompletableFuture$UniCompletion.claim(CompletableFuture.java:568) ~[?:?]
	at java.util.concurrent.CompletableFuture$UniAccept.tryFire(CompletableFuture.java:710) ~[?:?]
	at java.util.concurrent.CompletableFuture.postComplete(CompletableFuture.java:506) ~[?:?]
	at java.util.concurrent.CompletableFuture.postFire(CompletableFuture.java:610) ~[?:?]
	at java.util.concurrent.CompletableFuture$UniAccept.tryFire(CompletableFuture.java:722) ~[?:?]
	at java.util.concurrent.CompletableFuture$Completion.run(CompletableFuture.java:478) ~[?:?]
	at net.minecraft.resources.AsyncReloader.func_219557_a(SourceFile:71) ~[?:?]
	at net.minecraft.resources.AsyncReloader.func_219560_a(SourceFile:70) ~[?:?]
	at java.util.concurrent.CompletableFuture$UniCompletion.claim(CompletableFuture.java:568) ~[?:?]
	at java.util.concurrent.CompletableFuture$UniAccept.tryFire(CompletableFuture.java:710) ~[?:?]
	at java.util.concurrent.CompletableFuture.postComplete(CompletableFuture.java:506) ~[?:?]
	at java.util.concurrent.CompletableFuture.postFire(CompletableFuture.java:610) ~[?:?]
	at java.util.concurrent.CompletableFuture$UniAccept.tryFire(CompletableFuture.java:722) ~[?:?]
	at java.util.concurrent.CompletableFuture$Completion.run(CompletableFuture.java:478) ~[?:?]
	at net.minecraft.resources.AsyncReloader.func_219557_a(SourceFile:71) ~[?:?]
	at net.minecraft.resources.AsyncReloader.func_219560_a(SourceFile:70) ~[?:?]
	at java.util.concurrent.CompletableFuture$UniCompletion.claim(CompletableFuture.java:568) ~[?:?]
	at java.util.concurrent.CompletableFuture$UniAccept.tryFire(CompletableFuture.java:710) ~[?:?]
	at java.util.concurrent.CompletableFuture.postComplete(CompletableFuture.java:506) ~[?:?]
	at java.util.concurrent.CompletableFuture.complete(CompletableFuture.java:2079) ~[?:?]
	at net.minecraft.resources.AsyncReloader$1.func_216873_a(SourceFile:53) ~[?:?]
	at net.minecraft.resources.AsyncReloader$1.func_216872_a(SourceFile:50) ~[?:?]
	at java.util.concurrent.CompletableFuture$UniCompose.tryFire(CompletableFuture.java:1072) [?:?]
	at java.util.concurrent.CompletableFuture.postComplete(CompletableFuture.java:506) [?:?]
	at java.util.concurrent.CompletableFuture$AsyncSupply.run(CompletableFuture.java:1705) [?:?]
	at java.util.concurrent.CompletableFuture$AsyncSupply.exec(CompletableFuture.java:1692) [?:?]
	at java.util.concurrent.ForkJoinTask.doExec(ForkJoinTask.java:290) [?:?]
	at java.util.concurrent.ForkJoinPool$WorkQueue.topLevelExec(ForkJoinPool.java:1020) [?:?]
	at java.util.concurrent.ForkJoinPool.scan(ForkJoinPool.java:1656) [?:?]
	at java.util.concurrent.ForkJoinPool.runWorker(ForkJoinPool.java:1594) [?:?]
	at java.util.concurrent.ForkJoinWorkerThread.run(ForkJoinWorkerThread.java:183) [?:?]
[14Apr2025 22:07:20.918] [Worker-Main-6/ERROR] [net.minecraft.item.crafting.RecipeManager/]: Parsing error loading recipe ancient_guns:largebarrelrecipe
com.google.gson.JsonSyntaxException: Unknown item 'ancient_guns_mod:barrelcore'
	at net.minecraft.item.crafting.Ingredient.lambda$valueFromJson$11(Ingredient.java:216) ~[?:?]
	at java.util.Optional.orElseThrow(Optional.java:408) ~[?:?]
	at net.minecraft.item.crafting.Ingredient.func_199803_a(Ingredient.java:215) ~[?:?]
	at net.minecraftforge.common.crafting.VanillaIngredientSerializer.parse(VanillaIngredientSerializer.java:27) ~[forge:?]
	at net.minecraftforge.common.crafting.CraftingHelper.getIngredient(CraftingHelper.java:141) ~[forge:?]
	at net.minecraft.item.crafting.Ingredient.func_199802_a(Ingredient.java:189) ~[?:?]
	at net.minecraft.item.crafting.ShapedRecipe.func_192408_a(ShapedRecipe.java:252) ~[?:?]
	at net.minecraft.item.crafting.ShapedRecipe.access$000(ShapedRecipe.java:24) ~[?:?]
	at net.minecraft.item.crafting.ShapedRecipe$Serializer.func_199425_a_(ShapedRecipe.java:276) ~[?:?]
	at net.minecraft.item.crafting.ShapedRecipe$Serializer.func_199425_a_(ShapedRecipe.java:272) ~[?:?]
	at net.minecraft.item.crafting.RecipeManager.func_215377_a(RecipeManager.java:141) ~[?:?]
	at net.minecraft.item.crafting.RecipeManager.func_212853_a_(RecipeManager.java:61) ~[?:?]
	at net.minecraft.item.crafting.RecipeManager.func_212853_a_(RecipeManager.java:38) ~[?:?]
	at net.minecraft.client.resources.ReloadListener.func_215269_a(SourceFile:13) ~[?:?]
	at java.util.concurrent.CompletableFuture$UniAccept.tryFire(CompletableFuture.java:714) ~[?:?]
	at java.util.concurrent.CompletableFuture$Completion.run(CompletableFuture.java:478) ~[?:?]
	at net.minecraft.resources.AsyncReloader.func_219557_a(SourceFile:71) ~[?:?]
	at net.minecraft.resources.AsyncReloader.func_219560_a(SourceFile:70) ~[?:?]
	at java.util.concurrent.CompletableFuture$UniCompletion.claim(CompletableFuture.java:568) ~[?:?]
	at java.util.concurrent.CompletableFuture$UniAccept.tryFire(CompletableFuture.java:710) ~[?:?]
	at java.util.concurrent.CompletableFuture.postComplete(CompletableFuture.java:506) ~[?:?]
	at java.util.concurrent.CompletableFuture.postFire(CompletableFuture.java:610) ~[?:?]
	at java.util.concurrent.CompletableFuture$UniAccept.tryFire(CompletableFuture.java:722) ~[?:?]
	at java.util.concurrent.CompletableFuture$Completion.run(CompletableFuture.java:478) ~[?:?]
	at net.minecraft.resources.AsyncReloader.func_219557_a(SourceFile:71) ~[?:?]
	at net.minecraft.resources.AsyncReloader.func_219560_a(SourceFile:70) ~[?:?]
	at java.util.concurrent.CompletableFuture$UniCompletion.claim(CompletableFuture.java:568) ~[?:?]
	at java.util.concurrent.CompletableFuture$UniAccept.tryFire(CompletableFuture.java:710) ~[?:?]
	at java.util.concurrent.CompletableFuture.postComplete(CompletableFuture.java:506) ~[?:?]
	at java.util.concurrent.CompletableFuture.postFire(CompletableFuture.java:610) ~[?:?]
	at java.util.concurrent.CompletableFuture$UniAccept.tryFire(CompletableFuture.java:722) ~[?:?]
	at java.util.concurrent.CompletableFuture$Completion.run(CompletableFuture.java:478) ~[?:?]
	at net.minecraft.resources.AsyncReloader.func_219557_a(SourceFile:71) ~[?:?]
	at net.minecraft.resources.AsyncReloader.func_219560_a(SourceFile:70) ~[?:?]
	at java.util.concurrent.CompletableFuture$UniCompletion.claim(CompletableFuture.java:568) ~[?:?]
	at java.util.concurrent.CompletableFuture$UniAccept.tryFire(CompletableFuture.java:710) ~[?:?]
	at java.util.concurrent.CompletableFuture.postComplete(CompletableFuture.java:506) ~[?:?]
	at java.util.concurrent.CompletableFuture.complete(CompletableFuture.java:2079) ~[?:?]
	at net.minecraft.resources.AsyncReloader$1.func_216873_a(SourceFile:53) ~[?:?]
	at net.minecraft.resources.AsyncReloader$1.func_216872_a(SourceFile:50) ~[?:?]
	at java.util.concurrent.CompletableFuture$UniCompose.tryFire(CompletableFuture.java:1072) [?:?]
	at java.util.concurrent.CompletableFuture.postComplete(CompletableFuture.java:506) [?:?]
	at java.util.concurrent.CompletableFuture$AsyncSupply.run(CompletableFuture.java:1705) [?:?]
	at java.util.concurrent.CompletableFuture$AsyncSupply.exec(CompletableFuture.java:1692) [?:?]
	at java.util.concurrent.ForkJoinTask.doExec(ForkJoinTask.java:290) [?:?]
	at java.util.concurrent.ForkJoinPool$WorkQueue.topLevelExec(ForkJoinPool.java:1020) [?:?]
	at java.util.concurrent.ForkJoinPool.scan(ForkJoinPool.java:1656) [?:?]
	at java.util.concurrent.ForkJoinPool.runWorker(ForkJoinPool.java:1594) [?:?]
	at java.util.concurrent.ForkJoinWorkerThread.run(ForkJoinWorkerThread.java:183) [?:?]
[14Apr2025 22:07:20.945] [Worker-Main-6/ERROR] [net.minecraft.item.crafting.RecipeManager/]: Parsing error loading recipe ancient_guns:flintlockpistolrechargue
com.google.gson.JsonSyntaxException: Unknown item 'ancient_guns_mod:muzzleloadedbullet'
	at net.minecraft.item.crafting.Ingredient.lambda$valueFromJson$11(Ingredient.java:216) ~[?:?]
	at java.util.Optional.orElseThrow(Optional.java:408) ~[?:?]
	at net.minecraft.item.crafting.Ingredient.func_199803_a(Ingredient.java:215) ~[?:?]
	at net.minecraftforge.common.crafting.VanillaIngredientSerializer.parse(VanillaIngredientSerializer.java:27) ~[forge:?]
	at net.minecraftforge.common.crafting.CraftingHelper.getIngredient(CraftingHelper.java:141) ~[forge:?]
	at net.minecraft.item.crafting.Ingredient.func_199802_a(Ingredient.java:189) ~[?:?]
	at net.minecraft.item.crafting.ShapelessRecipe$Serializer.func_199568_a(ShapelessRecipe.java:95) ~[?:?]
	at net.minecraft.item.crafting.ShapelessRecipe$Serializer.func_199425_a_(ShapelessRecipe.java:80) ~[?:?]
	at net.minecraft.item.crafting.ShapelessRecipe$Serializer.func_199425_a_(ShapelessRecipe.java:76) ~[?:?]
	at net.minecraft.item.crafting.RecipeManager.func_215377_a(RecipeManager.java:141) ~[?:?]
	at net.minecraft.item.crafting.RecipeManager.func_212853_a_(RecipeManager.java:61) ~[?:?]
	at net.minecraft.item.crafting.RecipeManager.func_212853_a_(RecipeManager.java:38) ~[?:?]
	at net.minecraft.client.resources.ReloadListener.func_215269_a(SourceFile:13) ~[?:?]
	at java.util.concurrent.CompletableFuture$UniAccept.tryFire(CompletableFuture.java:714) ~[?:?]
	at java.util.concurrent.CompletableFuture$Completion.run(CompletableFuture.java:478) ~[?:?]
	at net.minecraft.resources.AsyncReloader.func_219557_a(SourceFile:71) ~[?:?]
	at net.minecraft.resources.AsyncReloader.func_219560_a(SourceFile:70) ~[?:?]
	at java.util.concurrent.CompletableFuture$UniCompletion.claim(CompletableFuture.java:568) ~[?:?]
	at java.util.concurrent.CompletableFuture$UniAccept.tryFire(CompletableFuture.java:710) ~[?:?]
	at java.util.concurrent.CompletableFuture.postComplete(CompletableFuture.java:506) ~[?:?]
	at java.util.concurrent.CompletableFuture.postFire(CompletableFuture.java:610) ~[?:?]
	at java.util.concurrent.CompletableFuture$UniAccept.tryFire(CompletableFuture.java:722) ~[?:?]
	at java.util.concurrent.CompletableFuture$Completion.run(CompletableFuture.java:478) ~[?:?]
	at net.minecraft.resources.AsyncReloader.func_219557_a(SourceFile:71) ~[?:?]
	at net.minecraft.resources.AsyncReloader.func_219560_a(SourceFile:70) ~[?:?]
	at java.util.concurrent.CompletableFuture$UniCompletion.claim(CompletableFuture.java:568) ~[?:?]
	at java.util.concurrent.CompletableFuture$UniAccept.tryFire(CompletableFuture.java:710) ~[?:?]
	at java.util.concurrent.CompletableFuture.postComplete(CompletableFuture.java:506) ~[?:?]
	at java.util.concurrent.CompletableFuture.postFire(CompletableFuture.java:610) ~[?:?]
	at java.util.concurrent.CompletableFuture$UniAccept.tryFire(CompletableFuture.java:722) ~[?:?]
	at java.util.concurrent.CompletableFuture$Completion.run(CompletableFuture.java:478) ~[?:?]
	at net.minecraft.resources.AsyncReloader.func_219557_a(SourceFile:71) ~[?:?]
	at net.minecraft.resources.AsyncReloader.func_219560_a(SourceFile:70) ~[?:?]
	at java.util.concurrent.CompletableFuture$UniCompletion.claim(CompletableFuture.java:568) ~[?:?]
	at java.util.concurrent.CompletableFuture$UniAccept.tryFire(CompletableFuture.java:710) ~[?:?]
	at java.util.concurrent.CompletableFuture.postComplete(CompletableFuture.java:506) ~[?:?]
	at java.util.concurrent.CompletableFuture.complete(CompletableFuture.java:2079) ~[?:?]
	at net.minecraft.resources.AsyncReloader$1.func_216873_a(SourceFile:53) ~[?:?]
	at net.minecraft.resources.AsyncReloader$1.func_216872_a(SourceFile:50) ~[?:?]
	at java.util.concurrent.CompletableFuture$UniCompose.tryFire(CompletableFuture.java:1072) [?:?]
	at java.util.concurrent.CompletableFuture.postComplete(CompletableFuture.java:506) [?:?]
	at java.util.concurrent.CompletableFuture$AsyncSupply.run(CompletableFuture.java:1705) [?:?]
	at java.util.concurrent.CompletableFuture$AsyncSupply.exec(CompletableFuture.java:1692) [?:?]
	at java.util.concurrent.ForkJoinTask.doExec(ForkJoinTask.java:290) [?:?]
	at java.util.concurrent.ForkJoinPool$WorkQueue.topLevelExec(ForkJoinPool.java:1020) [?:?]
	at java.util.concurrent.ForkJoinPool.scan(ForkJoinPool.java:1656) [?:?]
	at java.util.concurrent.ForkJoinPool.runWorker(ForkJoinPool.java:1594) [?:?]
	at java.util.concurrent.ForkJoinWorkerThread.run(ForkJoinWorkerThread.java:183) [?:?]
[14Apr2025 22:07:20.962] [Worker-Main-6/ERROR] [net.minecraft.item.crafting.RecipeManager/]: Parsing error loading recipe ancient_guns:flintlockpepperboxrecipe1
com.google.gson.JsonSyntaxException: Unknown item 'ancient_guns_mod:smallbarrel'
	at net.minecraft.item.crafting.Ingredient.lambda$valueFromJson$11(Ingredient.java:216) ~[?:?]
	at java.util.Optional.orElseThrow(Optional.java:408) ~[?:?]
	at net.minecraft.item.crafting.Ingredient.func_199803_a(Ingredient.java:215) ~[?:?]
	at net.minecraftforge.common.crafting.VanillaIngredientSerializer.parse(VanillaIngredientSerializer.java:27) ~[forge:?]
	at net.minecraftforge.common.crafting.CraftingHelper.getIngredient(CraftingHelper.java:141) ~[forge:?]
	at net.minecraft.item.crafting.Ingredient.func_199802_a(Ingredient.java:189) ~[?:?]
	at net.minecraft.item.crafting.ShapedRecipe.func_192408_a(ShapedRecipe.java:252) ~[?:?]
	at net.minecraft.item.crafting.ShapedRecipe.access$000(ShapedRecipe.java:24) ~[?:?]
	at net.minecraft.item.crafting.ShapedRecipe$Serializer.func_199425_a_(ShapedRecipe.java:276) ~[?:?]
	at net.minecraft.item.crafting.ShapedRecipe$Serializer.func_199425_a_(ShapedRecipe.java:272) ~[?:?]
	at net.minecraft.item.crafting.RecipeManager.func_215377_a(RecipeManager.java:141) ~[?:?]
	at net.minecraft.item.crafting.RecipeManager.func_212853_a_(RecipeManager.java:61) ~[?:?]
	at net.minecraft.item.crafting.RecipeManager.func_212853_a_(RecipeManager.java:38) ~[?:?]
	at net.minecraft.client.resources.ReloadListener.func_215269_a(SourceFile:13) ~[?:?]
	at java.util.concurrent.CompletableFuture$UniAccept.tryFire(CompletableFuture.java:714) ~[?:?]
	at java.util.concurrent.CompletableFuture$Completion.run(CompletableFuture.java:478) ~[?:?]
	at net.minecraft.resources.AsyncReloader.func_219557_a(SourceFile:71) ~[?:?]
	at net.minecraft.resources.AsyncReloader.func_219560_a(SourceFile:70) ~[?:?]
	at java.util.concurrent.CompletableFuture$UniCompletion.claim(CompletableFuture.java:568) ~[?:?]
	at java.util.concurrent.CompletableFuture$UniAccept.tryFire(CompletableFuture.java:710) ~[?:?]
	at java.util.concurrent.CompletableFuture.postComplete(CompletableFuture.java:506) ~[?:?]
	at java.util.concurrent.CompletableFuture.postFire(CompletableFuture.java:610) ~[?:?]
	at java.util.concurrent.CompletableFuture$UniAccept.tryFire(CompletableFuture.java:722) ~[?:?]
	at java.util.concurrent.CompletableFuture$Completion.run(CompletableFuture.java:478) ~[?:?]
	at net.minecraft.resources.AsyncReloader.func_219557_a(SourceFile:71) ~[?:?]
	at net.minecraft.resources.AsyncReloader.func_219560_a(SourceFile:70) ~[?:?]
	at java.util.concurrent.CompletableFuture$UniCompletion.claim(CompletableFuture.java:568) ~[?:?]
	at java.util.concurrent.CompletableFuture$UniAccept.tryFire(CompletableFuture.java:710) ~[?:?]
	at java.util.concurrent.CompletableFuture.postComplete(CompletableFuture.java:506) ~[?:?]
	at java.util.concurrent.CompletableFuture.postFire(CompletableFuture.java:610) ~[?:?]
	at java.util.concurrent.CompletableFuture$UniAccept.tryFire(CompletableFuture.java:722) ~[?:?]
	at java.util.concurrent.CompletableFuture$Completion.run(CompletableFuture.java:478) ~[?:?]
	at net.minecraft.resources.AsyncReloader.func_219557_a(SourceFile:71) ~[?:?]
	at net.minecraft.resources.AsyncReloader.func_219560_a(SourceFile:70) ~[?:?]
	at java.util.concurrent.CompletableFuture$UniCompletion.claim(CompletableFuture.java:568) ~[?:?]
	at java.util.concurrent.CompletableFuture$UniAccept.tryFire(CompletableFuture.java:710) ~[?:?]
	at java.util.concurrent.CompletableFuture.postComplete(CompletableFuture.java:506) ~[?:?]
	at java.util.concurrent.CompletableFuture.complete(CompletableFuture.java:2079) ~[?:?]
	at net.minecraft.resources.AsyncReloader$1.func_216873_a(SourceFile:53) ~[?:?]
	at net.minecraft.resources.AsyncReloader$1.func_216872_a(SourceFile:50) ~[?:?]
	at java.util.concurrent.CompletableFuture$UniCompose.tryFire(CompletableFuture.java:1072) [?:?]
	at java.util.concurrent.CompletableFuture.postComplete(CompletableFuture.java:506) [?:?]
	at java.util.concurrent.CompletableFuture$AsyncSupply.run(CompletableFuture.java:1705) [?:?]
	at java.util.concurrent.CompletableFuture$AsyncSupply.exec(CompletableFuture.java:1692) [?:?]
	at java.util.concurrent.ForkJoinTask.doExec(ForkJoinTask.java:290) [?:?]
	at java.util.concurrent.ForkJoinPool$WorkQueue.topLevelExec(ForkJoinPool.java:1020) [?:?]
	at java.util.concurrent.ForkJoinPool.scan(ForkJoinPool.java:1656) [?:?]
	at java.util.concurrent.ForkJoinPool.runWorker(ForkJoinPool.java:1594) [?:?]
	at java.util.concurrent.ForkJoinWorkerThread.run(ForkJoinWorkerThread.java:183) [?:?]
[14Apr2025 22:07:20.974] [Worker-Main-6/ERROR] [net.minecraft.item.crafting.RecipeManager/]: Parsing error loading recipe ancient_guns:smallbarrelrecipe
com.google.gson.JsonSyntaxException: Unknown item 'ancient_guns_mod:barrelcore'
	at net.minecraft.item.crafting.Ingredient.lambda$valueFromJson$11(Ingredient.java:216) ~[?:?]
	at java.util.Optional.orElseThrow(Optional.java:408) ~[?:?]
	at net.minecraft.item.crafting.Ingredient.func_199803_a(Ingredient.java:215) ~[?:?]
	at net.minecraftforge.common.crafting.VanillaIngredientSerializer.parse(VanillaIngredientSerializer.java:27) ~[forge:?]
	at net.minecraftforge.common.crafting.CraftingHelper.getIngredient(CraftingHelper.java:141) ~[forge:?]
	at net.minecraft.item.crafting.Ingredient.func_199802_a(Ingredient.java:189) ~[?:?]
	at net.minecraft.item.crafting.ShapedRecipe.func_192408_a(ShapedRecipe.java:252) ~[?:?]
	at net.minecraft.item.crafting.ShapedRecipe.access$000(ShapedRecipe.java:24) ~[?:?]
	at net.minecraft.item.crafting.ShapedRecipe$Serializer.func_199425_a_(ShapedRecipe.java:276) ~[?:?]
	at net.minecraft.item.crafting.ShapedRecipe$Serializer.func_199425_a_(ShapedRecipe.java:272) ~[?:?]
	at net.minecraft.item.crafting.RecipeManager.func_215377_a(RecipeManager.java:141) ~[?:?]
	at net.minecraft.item.crafting.RecipeManager.func_212853_a_(RecipeManager.java:61) ~[?:?]
	at net.minecraft.item.crafting.RecipeManager.func_212853_a_(RecipeManager.java:38) ~[?:?]
	at net.minecraft.client.resources.ReloadListener.func_215269_a(SourceFile:13) ~[?:?]
	at java.util.concurrent.CompletableFuture$UniAccept.tryFire(CompletableFuture.java:714) ~[?:?]
	at java.util.concurrent.CompletableFuture$Completion.run(CompletableFuture.java:478) ~[?:?]
	at net.minecraft.resources.AsyncReloader.func_219557_a(SourceFile:71) ~[?:?]
	at net.minecraft.resources.AsyncReloader.func_219560_a(SourceFile:70) ~[?:?]
	at java.util.concurrent.CompletableFuture$UniCompletion.claim(CompletableFuture.java:568) ~[?:?]
	at java.util.concurrent.CompletableFuture$UniAccept.tryFire(CompletableFuture.java:710) ~[?:?]
	at java.util.concurrent.CompletableFuture.postComplete(CompletableFuture.java:506) ~[?:?]
	at java.util.concurrent.CompletableFuture.postFire(CompletableFuture.java:610) ~[?:?]
	at java.util.concurrent.CompletableFuture$UniAccept.tryFire(CompletableFuture.java:722) ~[?:?]
	at java.util.concurrent.CompletableFuture$Completion.run(CompletableFuture.java:478) ~[?:?]
	at net.minecraft.resources.AsyncReloader.func_219557_a(SourceFile:71) ~[?:?]
	at net.minecraft.resources.AsyncReloader.func_219560_a(SourceFile:70) ~[?:?]
	at java.util.concurrent.CompletableFuture$UniCompletion.claim(CompletableFuture.java:568) ~[?:?]
	at java.util.concurrent.CompletableFuture$UniAccept.tryFire(CompletableFuture.java:710) ~[?:?]
	at java.util.concurrent.CompletableFuture.postComplete(CompletableFuture.java:506) ~[?:?]
	at java.util.concurrent.CompletableFuture.postFire(CompletableFuture.java:610) ~[?:?]
	at java.util.concurrent.CompletableFuture$UniAccept.tryFire(CompletableFuture.java:722) ~[?:?]
	at java.util.concurrent.CompletableFuture$Completion.run(CompletableFuture.java:478) ~[?:?]
	at net.minecraft.resources.AsyncReloader.func_219557_a(SourceFile:71) ~[?:?]
	at net.minecraft.resources.AsyncReloader.func_219560_a(SourceFile:70) ~[?:?]
	at java.util.concurrent.CompletableFuture$UniCompletion.claim(CompletableFuture.java:568) ~[?:?]
	at java.util.concurrent.CompletableFuture$UniAccept.tryFire(CompletableFuture.java:710) ~[?:?]
	at java.util.concurrent.CompletableFuture.postComplete(CompletableFuture.java:506) ~[?:?]
	at java.util.concurrent.CompletableFuture.complete(CompletableFuture.java:2079) ~[?:?]
	at net.minecraft.resources.AsyncReloader$1.func_216873_a(SourceFile:53) ~[?:?]
	at net.minecraft.resources.AsyncReloader$1.func_216872_a(SourceFile:50) ~[?:?]
	at java.util.concurrent.CompletableFuture$UniCompose.tryFire(CompletableFuture.java:1072) [?:?]
	at java.util.concurrent.CompletableFuture.postComplete(CompletableFuture.java:506) [?:?]
	at java.util.concurrent.CompletableFuture$AsyncSupply.run(CompletableFuture.java:1705) [?:?]
	at java.util.concurrent.CompletableFuture$AsyncSupply.exec(CompletableFuture.java:1692) [?:?]
	at java.util.concurrent.ForkJoinTask.doExec(ForkJoinTask.java:290) [?:?]
	at java.util.concurrent.ForkJoinPool$WorkQueue.topLevelExec(ForkJoinPool.java:1020) [?:?]
	at java.util.concurrent.ForkJoinPool.scan(ForkJoinPool.java:1656) [?:?]
	at java.util.concurrent.ForkJoinPool.runWorker(ForkJoinPool.java:1594) [?:?]
	at java.util.concurrent.ForkJoinWorkerThread.run(ForkJoinWorkerThread.java:183) [?:?]
[14Apr2025 22:07:20.990] [Worker-Main-6/ERROR] [net.minecraft.item.crafting.RecipeManager/]: Parsing error loading recipe ancient_guns:barrelformercreation
com.google.gson.JsonSyntaxException: Unknown item 'ancient_guns_mod:barrelformer'
	at net.minecraft.item.crafting.ShapedRecipe.func_222129_c(ShapedRecipe.java:262) ~[?:?]
	at java.util.Optional.orElseThrow(Optional.java:408) ~[?:?]
	at net.minecraft.item.crafting.ShapedRecipe.func_199798_a(ShapedRecipe.java:261) ~[?:?]
	at net.minecraft.item.crafting.ShapedRecipe$Serializer.func_199425_a_(ShapedRecipe.java:281) ~[?:?]
	at net.minecraft.item.crafting.ShapedRecipe$Serializer.func_199425_a_(ShapedRecipe.java:272) ~[?:?]
	at net.minecraft.item.crafting.RecipeManager.func_215377_a(RecipeManager.java:141) ~[?:?]
	at net.minecraft.item.crafting.RecipeManager.func_212853_a_(RecipeManager.java:61) ~[?:?]
	at net.minecraft.item.crafting.RecipeManager.func_212853_a_(RecipeManager.java:38) ~[?:?]
	at net.minecraft.client.resources.ReloadListener.func_215269_a(SourceFile:13) ~[?:?]
	at java.util.concurrent.CompletableFuture$UniAccept.tryFire(CompletableFuture.java:714) ~[?:?]
	at java.util.concurrent.CompletableFuture$Completion.run(CompletableFuture.java:478) ~[?:?]
	at net.minecraft.resources.AsyncReloader.func_219557_a(SourceFile:71) ~[?:?]
	at net.minecraft.resources.AsyncReloader.func_219560_a(SourceFile:70) ~[?:?]
	at java.util.concurrent.CompletableFuture$UniCompletion.claim(CompletableFuture.java:568) ~[?:?]
	at java.util.concurrent.CompletableFuture$UniAccept.tryFire(CompletableFuture.java:710) ~[?:?]
	at java.util.concurrent.CompletableFuture.postComplete(CompletableFuture.java:506) ~[?:?]
	at java.util.concurrent.CompletableFuture.postFire(CompletableFuture.java:610) ~[?:?]
	at java.util.concurrent.CompletableFuture$UniAccept.tryFire(CompletableFuture.java:722) ~[?:?]
	at java.util.concurrent.CompletableFuture$Completion.run(CompletableFuture.java:478) ~[?:?]
	at net.minecraft.resources.AsyncReloader.func_219557_a(SourceFile:71) ~[?:?]
	at net.minecraft.resources.AsyncReloader.func_219560_a(SourceFile:70) ~[?:?]
	at java.util.concurrent.CompletableFuture$UniCompletion.claim(CompletableFuture.java:568) ~[?:?]
	at java.util.concurrent.CompletableFuture$UniAccept.tryFire(CompletableFuture.java:710) ~[?:?]
	at java.util.concurrent.CompletableFuture.postComplete(CompletableFuture.java:506) ~[?:?]
	at java.util.concurrent.CompletableFuture.postFire(CompletableFuture.java:610) ~[?:?]
	at java.util.concurrent.CompletableFuture$UniAccept.tryFire(CompletableFuture.java:722) ~[?:?]
	at java.util.concurrent.CompletableFuture$Completion.run(CompletableFuture.java:478) ~[?:?]
	at net.minecraft.resources.AsyncReloader.func_219557_a(SourceFile:71) ~[?:?]
	at net.minecraft.resources.AsyncReloader.func_219560_a(SourceFile:70) ~[?:?]
	at java.util.concurrent.CompletableFuture$UniCompletion.claim(CompletableFuture.java:568) ~[?:?]
	at java.util.concurrent.CompletableFuture$UniAccept.tryFire(CompletableFuture.java:710) ~[?:?]
	at java.util.concurrent.CompletableFuture.postComplete(CompletableFuture.java:506) ~[?:?]
	at java.util.concurrent.CompletableFuture.complete(CompletableFuture.java:2079) ~[?:?]
	at net.minecraft.resources.AsyncReloader$1.func_216873_a(SourceFile:53) ~[?:?]
	at net.minecraft.resources.AsyncReloader$1.func_216872_a(SourceFile:50) ~[?:?]
	at java.util.concurrent.CompletableFuture$UniCompose.tryFire(CompletableFuture.java:1072) [?:?]
	at java.util.concurrent.CompletableFuture.postComplete(CompletableFuture.java:506) [?:?]
	at java.util.concurrent.CompletableFuture$AsyncSupply.run(CompletableFuture.java:1705) [?:?]
	at java.util.concurrent.CompletableFuture$AsyncSupply.exec(CompletableFuture.java:1692) [?:?]
	at java.util.concurrent.ForkJoinTask.doExec(ForkJoinTask.java:290) [?:?]
	at java.util.concurrent.ForkJoinPool$WorkQueue.topLevelExec(ForkJoinPool.java:1020) [?:?]
	at java.util.concurrent.ForkJoinPool.scan(ForkJoinPool.java:1656) [?:?]
	at java.util.concurrent.ForkJoinPool.runWorker(ForkJoinPool.java:1594) [?:?]
	at java.util.concurrent.ForkJoinWorkerThread.run(ForkJoinWorkerThread.java:183) [?:?]
[14Apr2025 22:07:20.991] [Worker-Main-6/ERROR] [net.minecraft.item.crafting.RecipeManager/]: Parsing error loading recipe ancient_guns:fpr1ct1b
com.google.gson.JsonSyntaxException: Unknown item 'ancient_guns_mod:chargedflintlockpepperbox'
	at net.minecraft.item.crafting.Ingredient.lambda$valueFromJson$11(Ingredient.java:216) ~[?:?]
	at java.util.Optional.orElseThrow(Optional.java:408) ~[?:?]
	at net.minecraft.item.crafting.Ingredient.func_199803_a(Ingredient.java:215) ~[?:?]
	at net.minecraftforge.common.crafting.VanillaIngredientSerializer.parse(VanillaIngredientSerializer.java:27) ~[forge:?]
	at net.minecraftforge.common.crafting.CraftingHelper.getIngredient(CraftingHelper.java:141) ~[forge:?]
	at net.minecraft.item.crafting.Ingredient.func_199802_a(Ingredient.java:189) ~[?:?]
	at net.minecraft.item.crafting.ShapelessRecipe$Serializer.func_199568_a(ShapelessRecipe.java:95) ~[?:?]
	at net.minecraft.item.crafting.ShapelessRecipe$Serializer.func_199425_a_(ShapelessRecipe.java:80) ~[?:?]
	at net.minecraft.item.crafting.ShapelessRecipe$Serializer.func_199425_a_(ShapelessRecipe.java:76) ~[?:?]
	at net.minecraft.item.crafting.RecipeManager.func_215377_a(RecipeManager.java:141) ~[?:?]
	at net.minecraft.item.crafting.RecipeManager.func_212853_a_(RecipeManager.java:61) ~[?:?]
	at net.minecraft.item.crafting.RecipeManager.func_212853_a_(RecipeManager.java:38) ~[?:?]
	at net.minecraft.client.resources.ReloadListener.func_215269_a(SourceFile:13) ~[?:?]
	at java.util.concurrent.CompletableFuture$UniAccept.tryFire(CompletableFuture.java:714) ~[?:?]
	at java.util.concurrent.CompletableFuture$Completion.run(CompletableFuture.java:478) ~[?:?]
	at net.minecraft.resources.AsyncReloader.func_219557_a(SourceFile:71) ~[?:?]
	at net.minecraft.resources.AsyncReloader.func_219560_a(SourceFile:70) ~[?:?]
	at java.util.concurrent.CompletableFuture$UniCompletion.claim(CompletableFuture.java:568) ~[?:?]
	at java.util.concurrent.CompletableFuture$UniAccept.tryFire(CompletableFuture.java:710) ~[?:?]
	at java.util.concurrent.CompletableFuture.postComplete(CompletableFuture.java:506) ~[?:?]
	at java.util.concurrent.CompletableFuture.postFire(CompletableFuture.java:610) ~[?:?]
	at java.util.concurrent.CompletableFuture$UniAccept.tryFire(CompletableFuture.java:722) ~[?:?]
	at java.util.concurrent.CompletableFuture$Completion.run(CompletableFuture.java:478) ~[?:?]
	at net.minecraft.resources.AsyncReloader.func_219557_a(SourceFile:71) ~[?:?]
	at net.minecraft.resources.AsyncReloader.func_219560_a(SourceFile:70) ~[?:?]
	at java.util.concurrent.CompletableFuture$UniCompletion.claim(CompletableFuture.java:568) ~[?:?]
	at java.util.concurrent.CompletableFuture$UniAccept.tryFire(CompletableFuture.java:710) ~[?:?]
	at java.util.concurrent.CompletableFuture.postComplete(CompletableFuture.java:506) ~[?:?]
	at java.util.concurrent.CompletableFuture.postFire(CompletableFuture.java:610) ~[?:?]
	at java.util.concurrent.CompletableFuture$UniAccept.tryFire(CompletableFuture.java:722) ~[?:?]
	at java.util.concurrent.CompletableFuture$Completion.run(CompletableFuture.java:478) ~[?:?]
	at net.minecraft.resources.AsyncReloader.func_219557_a(SourceFile:71) ~[?:?]
	at net.minecraft.resources.AsyncReloader.func_219560_a(SourceFile:70) ~[?:?]
	at java.util.concurrent.CompletableFuture$UniCompletion.claim(CompletableFuture.java:568) ~[?:?]
	at java.util.concurrent.CompletableFuture$UniAccept.tryFire(CompletableFuture.java:710) ~[?:?]
	at java.util.concurrent.CompletableFuture.postComplete(CompletableFuture.java:506) ~[?:?]
	at java.util.concurrent.CompletableFuture.complete(CompletableFuture.java:2079) ~[?:?]
	at net.minecraft.resources.AsyncReloader$1.func_216873_a(SourceFile:53) ~[?:?]
	at net.minecraft.resources.AsyncReloader$1.func_216872_a(SourceFile:50) ~[?:?]
	at java.util.concurrent.CompletableFuture$UniCompose.tryFire(CompletableFuture.java:1072) [?:?]
	at java.util.concurrent.CompletableFuture.postComplete(CompletableFuture.java:506) [?:?]
	at java.util.concurrent.CompletableFuture$AsyncSupply.run(CompletableFuture.java:1705) [?:?]
	at java.util.concurrent.CompletableFuture$AsyncSupply.exec(CompletableFuture.java:1692) [?:?]
	at java.util.concurrent.ForkJoinTask.doExec(ForkJoinTask.java:290) [?:?]
	at java.util.concurrent.ForkJoinPool$WorkQueue.topLevelExec(ForkJoinPool.java:1020) [?:?]
	at java.util.concurrent.ForkJoinPool.scan(ForkJoinPool.java:1656) [?:?]
	at java.util.concurrent.ForkJoinPool.runWorker(ForkJoinPool.java:1594) [?:?]
	at java.util.concurrent.ForkJoinWorkerThread.run(ForkJoinWorkerThread.java:183) [?:?]
[14Apr2025 22:07:20.996] [Worker-Main-6/ERROR] [net.minecraft.item.crafting.RecipeManager/]: Parsing error loading recipe ancient_guns:steelcompat
com.google.gson.JsonSyntaxException: Unknown item tag 'minecraft:ingot/steel'
	at net.minecraft.item.crafting.Ingredient.func_199803_a(Ingredient.java:223) ~[?:?]
	at net.minecraftforge.common.crafting.VanillaIngredientSerializer.parse(VanillaIngredientSerializer.java:27) ~[forge:?]
	at net.minecraftforge.common.crafting.CraftingHelper.getIngredient(CraftingHelper.java:141) ~[forge:?]
	at net.minecraft.item.crafting.Ingredient.func_199802_a(Ingredient.java:189) ~[?:?]
	at net.minecraft.item.crafting.ShapedRecipe.func_192408_a(ShapedRecipe.java:252) ~[?:?]
	at net.minecraft.item.crafting.ShapedRecipe.access$000(ShapedRecipe.java:24) ~[?:?]
	at net.minecraft.item.crafting.ShapedRecipe$Serializer.func_199425_a_(ShapedRecipe.java:276) ~[?:?]
	at net.minecraft.item.crafting.ShapedRecipe$Serializer.func_199425_a_(ShapedRecipe.java:272) ~[?:?]
	at net.minecraft.item.crafting.RecipeManager.func_215377_a(RecipeManager.java:141) ~[?:?]
	at net.minecraft.item.crafting.RecipeManager.func_212853_a_(RecipeManager.java:61) ~[?:?]
	at net.minecraft.item.crafting.RecipeManager.func_212853_a_(RecipeManager.java:38) ~[?:?]
	at net.minecraft.client.resources.ReloadListener.func_215269_a(SourceFile:13) ~[?:?]
	at java.util.concurrent.CompletableFuture$UniAccept.tryFire(CompletableFuture.java:714) ~[?:?]
	at java.util.concurrent.CompletableFuture$Completion.run(CompletableFuture.java:478) ~[?:?]
	at net.minecraft.resources.AsyncReloader.func_219557_a(SourceFile:71) ~[?:?]
	at net.minecraft.resources.AsyncReloader.func_219560_a(SourceFile:70) ~[?:?]
	at java.util.concurrent.CompletableFuture$UniCompletion.claim(CompletableFuture.java:568) ~[?:?]
	at java.util.concurrent.CompletableFuture$UniAccept.tryFire(CompletableFuture.java:710) ~[?:?]
	at java.util.concurrent.CompletableFuture.postComplete(CompletableFuture.java:506) ~[?:?]
	at java.util.concurrent.CompletableFuture.postFire(CompletableFuture.java:610) ~[?:?]
	at java.util.concurrent.CompletableFuture$UniAccept.tryFire(CompletableFuture.java:722) ~[?:?]
	at java.util.concurrent.CompletableFuture$Completion.run(CompletableFuture.java:478) ~[?:?]
	at net.minecraft.resources.AsyncReloader.func_219557_a(SourceFile:71) ~[?:?]
	at net.minecraft.resources.AsyncReloader.func_219560_a(SourceFile:70) ~[?:?]
	at java.util.concurrent.CompletableFuture$UniCompletion.claim(CompletableFuture.java:568) ~[?:?]
	at java.util.concurrent.CompletableFuture$UniAccept.tryFire(CompletableFuture.java:710) ~[?:?]
	at java.util.concurrent.CompletableFuture.postComplete(CompletableFuture.java:506) ~[?:?]
	at java.util.concurrent.CompletableFuture.postFire(CompletableFuture.java:610) ~[?:?]
	at java.util.concurrent.CompletableFuture$UniAccept.tryFire(CompletableFuture.java:722) ~[?:?]
	at java.util.concurrent.CompletableFuture$Completion.run(CompletableFuture.java:478) ~[?:?]
	at net.minecraft.resources.AsyncReloader.func_219557_a(SourceFile:71) ~[?:?]
	at net.minecraft.resources.AsyncReloader.func_219560_a(SourceFile:70) ~[?:?]
	at java.util.concurrent.CompletableFuture$UniCompletion.claim(CompletableFuture.java:568) ~[?:?]
	at java.util.concurrent.CompletableFuture$UniAccept.tryFire(CompletableFuture.java:710) ~[?:?]
	at java.util.concurrent.CompletableFuture.postComplete(CompletableFuture.java:506) ~[?:?]
	at java.util.concurrent.CompletableFuture.complete(CompletableFuture.java:2079) ~[?:?]
	at net.minecraft.resources.AsyncReloader$1.func_216873_a(SourceFile:53) ~[?:?]
	at net.minecraft.resources.AsyncReloader$1.func_216872_a(SourceFile:50) ~[?:?]
	at java.util.concurrent.CompletableFuture$UniCompose.tryFire(CompletableFuture.java:1072) [?:?]
	at java.util.concurrent.CompletableFuture.postComplete(CompletableFuture.java:506) [?:?]
	at java.util.concurrent.CompletableFuture$AsyncSupply.run(CompletableFuture.java:1705) [?:?]
	at java.util.concurrent.CompletableFuture$AsyncSupply.exec(CompletableFuture.java:1692) [?:?]
	at java.util.concurrent.ForkJoinTask.doExec(ForkJoinTask.java:290) [?:?]
	at java.util.concurrent.ForkJoinPool$WorkQueue.topLevelExec(ForkJoinPool.java:1020) [?:?]
	at java.util.concurrent.ForkJoinPool.scan(ForkJoinPool.java:1656) [?:?]
	at java.util.concurrent.ForkJoinPool.runWorker(ForkJoinPool.java:1594) [?:?]
	at java.util.concurrent.ForkJoinWorkerThread.run(ForkJoinWorkerThread.java:183) [?:?]
[14Apr2025 22:07:21.007] [Worker-Main-6/ERROR] [net.minecraft.item.crafting.RecipeManager/]: Parsing error loading recipe ancient_guns:fulminantrecipe
com.google.gson.JsonSyntaxException: Unknown item 'ancient_guns_mod:fulminant'
	at net.minecraft.item.crafting.ShapedRecipe.func_222129_c(ShapedRecipe.java:262) ~[?:?]
	at java.util.Optional.orElseThrow(Optional.java:408) ~[?:?]
	at net.minecraft.item.crafting.ShapedRecipe.func_199798_a(ShapedRecipe.java:261) ~[?:?]
	at net.minecraft.item.crafting.ShapelessRecipe$Serializer.func_199425_a_(ShapelessRecipe.java:86) ~[?:?]
	at net.minecraft.item.crafting.ShapelessRecipe$Serializer.func_199425_a_(ShapelessRecipe.java:76) ~[?:?]
	at net.minecraft.item.crafting.RecipeManager.func_215377_a(RecipeManager.java:141) ~[?:?]
	at net.minecraft.item.crafting.RecipeManager.func_212853_a_(RecipeManager.java:61) ~[?:?]
	at net.minecraft.item.crafting.RecipeManager.func_212853_a_(RecipeManager.java:38) ~[?:?]
	at net.minecraft.client.resources.ReloadListener.func_215269_a(SourceFile:13) ~[?:?]
	at java.util.concurrent.CompletableFuture$UniAccept.tryFire(CompletableFuture.java:714) ~[?:?]
	at java.util.concurrent.CompletableFuture$Completion.run(CompletableFuture.java:478) ~[?:?]
	at net.minecraft.resources.AsyncReloader.func_219557_a(SourceFile:71) ~[?:?]
	at net.minecraft.resources.AsyncReloader.func_219560_a(SourceFile:70) ~[?:?]
	at java.util.concurrent.CompletableFuture$UniCompletion.claim(CompletableFuture.java:568) ~[?:?]
	at java.util.concurrent.CompletableFuture$UniAccept.tryFire(CompletableFuture.java:710) ~[?:?]
	at java.util.concurrent.CompletableFuture.postComplete(CompletableFuture.java:506) ~[?:?]
	at java.util.concurrent.CompletableFuture.postFire(CompletableFuture.java:610) ~[?:?]
	at java.util.concurrent.CompletableFuture$UniAccept.tryFire(CompletableFuture.java:722) ~[?:?]
	at java.util.concurrent.CompletableFuture$Completion.run(CompletableFuture.java:478) ~[?:?]
	at net.minecraft.resources.AsyncReloader.func_219557_a(SourceFile:71) ~[?:?]
	at net.minecraft.resources.AsyncReloader.func_219560_a(SourceFile:70) ~[?:?]
	at java.util.concurrent.CompletableFuture$UniCompletion.claim(CompletableFuture.java:568) ~[?:?]
	at java.util.concurrent.CompletableFuture$UniAccept.tryFire(CompletableFuture.java:710) ~[?:?]
	at java.util.concurrent.CompletableFuture.postComplete(CompletableFuture.java:506) ~[?:?]
	at java.util.concurrent.CompletableFuture.postFire(CompletableFuture.java:610) ~[?:?]
	at java.util.concurrent.CompletableFuture$UniAccept.tryFire(CompletableFuture.java:722) ~[?:?]
	at java.util.concurrent.CompletableFuture$Completion.run(CompletableFuture.java:478) ~[?:?]
	at net.minecraft.resources.AsyncReloader.func_219557_a(SourceFile:71) ~[?:?]
	at net.minecraft.resources.AsyncReloader.func_219560_a(SourceFile:70) ~[?:?]
	at java.util.concurrent.CompletableFuture$UniCompletion.claim(CompletableFuture.java:568) ~[?:?]
	at java.util.concurrent.CompletableFuture$UniAccept.tryFire(CompletableFuture.java:710) ~[?:?]
	at java.util.concurrent.CompletableFuture.postComplete(CompletableFuture.java:506) ~[?:?]
	at java.util.concurrent.CompletableFuture.complete(CompletableFuture.java:2079) ~[?:?]
	at net.minecraft.resources.AsyncReloader$1.func_216873_a(SourceFile:53) ~[?:?]
	at net.minecraft.resources.AsyncReloader$1.func_216872_a(SourceFile:50) ~[?:?]
	at java.util.concurrent.CompletableFuture$UniCompose.tryFire(CompletableFuture.java:1072) [?:?]
	at java.util.concurrent.CompletableFuture.postComplete(CompletableFuture.java:506) [?:?]
	at java.util.concurrent.CompletableFuture$AsyncSupply.run(CompletableFuture.java:1705) [?:?]
	at java.util.concurrent.CompletableFuture$AsyncSupply.exec(CompletableFuture.java:1692) [?:?]
	at java.util.concurrent.ForkJoinTask.doExec(ForkJoinTask.java:290) [?:?]
	at java.util.concurrent.ForkJoinPool$WorkQueue.topLevelExec(ForkJoinPool.java:1020) [?:?]
	at java.util.concurrent.ForkJoinPool.scan(ForkJoinPool.java:1656) [?:?]
	at java.util.concurrent.ForkJoinPool.runWorker(ForkJoinPool.java:1594) [?:?]
	at java.util.concurrent.ForkJoinWorkerThread.run(ForkJoinWorkerThread.java:183) [?:?]
[14Apr2025 22:07:21.012] [Worker-Main-6/INFO] [net.minecraft.item.crafting.RecipeManager/]: Loaded 7 recipes
[14Apr2025 22:07:21.660] [Worker-Main-6/INFO] [Spartan Weaponry/]: Adding Longbow and Heavy Crossbow related loot to the Village Fletcher Loot Table!
[14Apr2025 22:07:22.248] [Worker-Main-6/INFO] [Spartan Weaponry/]: Adding Diamond Weapons to the End City Treasure Loot Table!
[14Apr2025 22:07:22.277] [Worker-Main-6/INFO] [Spartan Weaponry/]: Adding Iron Weapons to the Village Weaponsmith Loot Table!
[14Apr2025 22:07:22.334] [Worker-Main-6/WARN] [net.minecraft.loot.LootTableManager/]: Found validation problem in {piratesandlootersreborn:entities/kraken}.pools[0].entries[1].functions[1]: Parameters [<parameter minecraft:tool>] are not provided in this context
[14Apr2025 22:07:22.334] [Worker-Main-6/WARN] [net.minecraft.loot.LootTableManager/]: Found validation problem in {piratesandlootersreborn:entities/kraken}.pools[0].entries[4].functions[1]: Parameters [<parameter minecraft:tool>] are not provided in this context
[14Apr2025 22:07:22.334] [Worker-Main-6/WARN] [net.minecraft.loot.LootTableManager/]: Found validation problem in {piratesandlootersreborn:entities/kraken}.pools[0].entries[3].functions[1]: Parameters [<parameter minecraft:tool>] are not provided in this context
[14Apr2025 22:07:22.336] [Worker-Main-6/WARN] [net.minecraft.loot.LootTableManager/]: Found validation problem in {piratesandlootersreborn:entities/kraken}.pools[0].entries[5].functions[1]: Parameters [<parameter minecraft:tool>] are not provided in this context
[14Apr2025 22:07:22.336] [Worker-Main-6/WARN] [net.minecraft.loot.LootTableManager/]: Found validation problem in {alexsmobs:gameplay/seal_reward}.pools[0].entries[1].functions[0]: Parameters [<parameter minecraft:origin>] are not provided in this context
[14Apr2025 22:07:22.336] [Worker-Main-6/WARN] [net.minecraft.loot.LootTableManager/]: Found validation problem in {piratesandlootersreborn:entities/kraken}.pools[0].entries[0].functions[1]: Parameters [<parameter minecraft:tool>] are not provided in this context
[14Apr2025 22:07:22.355] [Worker-Main-6/DEBUG] [mixin/]: Mixing DisplayInfoMixin from mine-mine-no-mi.mixins.json into net.minecraft.advancements.DisplayInfo
[14Apr2025 22:07:22.538] [Worker-Main-6/INFO] [net.minecraft.advancements.AdvancementList/]: Loaded 1594 advancements
[14Apr2025 22:07:22.542] [Worker-Main-6/DEBUG] [sophisticatedbackpacks/]: Started loading registry data from sophisticatedbackpacks:compat/woot/block_tools 
[14Apr2025 22:07:22.542] [Worker-Main-6/DEBUG] [sophisticatedbackpacks/]: Started loading registry data from sophisticatedbackpacks:compat/fluxnetworks/block_tools 
[14Apr2025 22:07:22.542] [Worker-Main-6/DEBUG] [sophisticatedbackpacks/]: Started loading registry data from sophisticatedbackpacks:compat/mob_grinding_utils/entity_tools 
[14Apr2025 22:07:22.542] [Worker-Main-6/DEBUG] [sophisticatedbackpacks/]: Started loading registry data from sophisticatedbackpacks:compat/astralsorcery/block_tools 
[14Apr2025 22:07:22.542] [Worker-Main-6/DEBUG] [sophisticatedbackpacks/]: Started loading registry data from sophisticatedbackpacks:compat/immersivepetroleum/block_tools 
[14Apr2025 22:07:22.543] [Worker-Main-6/DEBUG] [sophisticatedbackpacks/]: Started loading registry data from sophisticatedbackpacks:compat/immersiveengineering/block_tools 
[14Apr2025 22:07:22.543] [Worker-Main-6/DEBUG] [sophisticatedbackpacks/]: Started loading registry data from sophisticatedbackpacks:compat/pedestals/block_tools 
[14Apr2025 22:07:22.543] [Worker-Main-6/DEBUG] [sophisticatedbackpacks/]: Started loading registry data from sophisticatedbackpacks:compat/platforms/block_tools 
[14Apr2025 22:07:22.543] [Worker-Main-6/DEBUG] [sophisticatedbackpacks/]: Started loading registry data from sophisticatedbackpacks:compat/rftoolsutility/entity_tools 
[14Apr2025 22:07:22.543] [Worker-Main-6/DEBUG] [sophisticatedbackpacks/]: Started loading registry data from sophisticatedbackpacks:compat/compactmachines/block_tools 
[14Apr2025 22:07:22.543] [Worker-Main-6/DEBUG] [sophisticatedbackpacks/]: Started loading registry data from sophisticatedbackpacks:compat/mcwwindows/block_tools 
[14Apr2025 22:07:22.543] [Worker-Main-6/DEBUG] [sophisticatedbackpacks/]: Started loading registry data from sophisticatedbackpacks:compat/integrateddynamics/block_tools 
[14Apr2025 22:07:22.543] [Worker-Main-6/DEBUG] [sophisticatedbackpacks/]: Started loading registry data from sophisticatedbackpacks:entity_tools 
[14Apr2025 22:07:22.547] [Worker-Main-6/DEBUG] [sophisticatedbackpacks/]: Finished loading registry data for sophisticatedbackpacks:entity_tools
[14Apr2025 22:07:22.547] [Worker-Main-6/DEBUG] [sophisticatedbackpacks/]: Started loading registry data from sophisticatedbackpacks:compat/mekanism/block_tools 
[14Apr2025 22:07:22.547] [Worker-Main-6/DEBUG] [sophisticatedbackpacks/]: Started loading registry data from sophisticatedbackpacks:compat/powah/block_tools 
[14Apr2025 22:07:22.547] [Worker-Main-6/DEBUG] [sophisticatedbackpacks/]: Started loading registry data from sophisticatedbackpacks:compat/apotheosis/entity_tools 
[14Apr2025 22:07:22.547] [Worker-Main-6/DEBUG] [sophisticatedbackpacks/]: Started loading registry data from sophisticatedbackpacks:compat/bloodmagic/block_tools 
[14Apr2025 22:07:22.547] [Worker-Main-6/DEBUG] [sophisticatedbackpacks/]: Started loading registry data from sophisticatedbackpacks:compat/immersiveposts/block_tools 
[14Apr2025 22:07:22.547] [Worker-Main-6/DEBUG] [sophisticatedbackpacks/]: Started loading registry data from sophisticatedbackpacks:compat/rats/entity_tools 
[14Apr2025 22:07:22.547] [Worker-Main-6/DEBUG] [sophisticatedbackpacks/]: Started loading registry data from sophisticatedbackpacks:compat/framedcompactdrawers/block_tools 
[14Apr2025 22:07:22.548] [Worker-Main-6/DEBUG] [sophisticatedbackpacks/]: Started loading registry data from sophisticatedbackpacks:compat/iceandfire/entity_tools 
[14Apr2025 22:07:22.548] [Worker-Main-6/DEBUG] [sophisticatedbackpacks/]: Started loading registry data from sophisticatedbackpacks:compat/storagedrawers/block_tools 
[14Apr2025 22:07:22.548] [Worker-Main-6/DEBUG] [sophisticatedbackpacks/]: Started loading registry data from sophisticatedbackpacks:compat/mcwroofs/block_tools 
[14Apr2025 22:07:22.548] [Worker-Main-6/DEBUG] [sophisticatedbackpacks/]: Started loading registry data from sophisticatedbackpacks:compat/morphtool/block_tools 
[14Apr2025 22:07:22.548] [Worker-Main-6/DEBUG] [sophisticatedbackpacks/]: Started loading registry data from sophisticatedbackpacks:compat/botania/block_tools 
[14Apr2025 22:07:22.549] [Worker-Main-6/DEBUG] [sophisticatedbackpacks/]: Started loading registry data from sophisticatedbackpacks:compat/pneumaticraft/block_tools 
[14Apr2025 22:07:22.549] [Worker-Main-6/DEBUG] [sophisticatedbackpacks/]: Started loading registry data from sophisticatedbackpacks:compat/shrink/entity_tools 
[14Apr2025 22:07:22.549] [Worker-Main-6/DEBUG] [sophisticatedbackpacks/]: Started loading registry data from sophisticatedbackpacks:compat/blockcarpentry/block_tools 
[14Apr2025 22:07:22.549] [Worker-Main-6/DEBUG] [sophisticatedbackpacks/]: Started loading registry data from sophisticatedbackpacks:compat/pipez/block_tools 
[14Apr2025 22:07:22.549] [Worker-Main-6/DEBUG] [sophisticatedbackpacks/]: Started loading registry data from sophisticatedbackpacks:compat/transport/block_tools 
[14Apr2025 22:07:22.549] [Worker-Main-6/DEBUG] [sophisticatedbackpacks/]: Started loading registry data from sophisticatedbackpacks:compat/thermal/block_tools 
[14Apr2025 22:07:22.549] [Worker-Main-6/DEBUG] [sophisticatedbackpacks/]: Started loading registry data from sophisticatedbackpacks:block_tools 
[14Apr2025 22:07:22.549] [Worker-Main-6/DEBUG] [sophisticatedbackpacks/]: Finished loading registry data for sophisticatedbackpacks:block_tools
[14Apr2025 22:07:22.549] [Worker-Main-6/DEBUG] [sophisticatedbackpacks/]: Started loading registry data from sophisticatedbackpacks:compat/create/block_tools 
[14Apr2025 22:07:22.549] [Worker-Main-6/DEBUG] [sophisticatedbackpacks/]: Started loading registry data from sophisticatedbackpacks:compat/refinedstorage/block_tools 
[14Apr2025 22:07:22.549] [Worker-Main-6/DEBUG] [sophisticatedbackpacks/]: Started loading registry data from sophisticatedbackpacks:compat/chiselsandbits/block_tools 
[14Apr2025 22:07:22.550] [Worker-Main-6/DEBUG] [sophisticatedbackpacks/]: Started loading registry data from sophisticatedbackpacks:compat/farmersdelight/block_tools 
[14Apr2025 22:07:22.550] [Worker-Main-6/DEBUG] [sophisticatedbackpacks/]: Started loading registry data from sophisticatedbackpacks:compat/resourcefulbees/entity_tools 
[14Apr2025 22:07:22.550] [Worker-Main-6/DEBUG] [sophisticatedbackpacks/]: Started loading registry data from sophisticatedbackpacks:compat/tetra/swords 
[14Apr2025 22:07:22.550] [Worker-Main-6/DEBUG] [sophisticatedbackpacks/]: Started loading registry data from sophisticatedbackpacks:swords 
[14Apr2025 22:07:22.550] [Worker-Main-6/DEBUG] [sophisticatedbackpacks/]: Finished loading registry data for sophisticatedbackpacks:swords
[14Apr2025 22:07:22.550] [Worker-Main-6/DEBUG] [sophisticatedbackpacks/]: Started loading registry data from sophisticatedbackpacks:compat/mythicbotany/block_tools 
[14Apr2025 22:07:22.550] [Worker-Main-6/DEBUG] [sophisticatedbackpacks/]: Started loading registry data from sophisticatedbackpacks:compat/resourcefulbees/block_tools 
[14Apr2025 22:07:22.550] [Worker-Main-6/DEBUG] [sophisticatedbackpacks/]: Started loading registry data from sophisticatedbackpacks:compat/syp/entity_tools 
[14Apr2025 22:07:22.550] [Worker-Main-6/DEBUG] [sophisticatedbackpacks/]: Started loading registry data from sophisticatedbackpacks:compat/eidolon/block_tools 
[14Apr2025 22:07:22.550] [Worker-Main-6/DEBUG] [sophisticatedbackpacks/]: Started loading registry data from sophisticatedbackpacks:compat/rftoolsbase/block_tools 
[14Apr2025 22:07:23.702] [main/INFO] [STDOUT/]: [tschipp.carryon.common.handler.ListHandler:initConfigLists:282]: [minecraft:soul_fire_base_blocks, forge:glass_panes/magenta, valhelsia_structures:jars, forge:storage_blocks/netherite, forge:glass_panes/white, forge:gravel, forge:glass_panes/cyan, forge:glass_panes/light_gray, minecraft:wool, forge:glass/colorless, alexsmobs:roadrunner_spawns, forge:glass_panes/light_blue, minecraft:beehives, minecraft:ice, forge:ores/netherite_scrap, minecraft:dragon_immune, minecraft:crops, alexsmobs:alligator_snapping_turtle_spawns, forge:stained_glass, forge:glass/pink, forge:chests, forge:storage_blocks/emerald, forge:ores/redstone, minecraft:warped_stems, forge:glass/red, forge:storage_blocks/iron, forge:glass_panes/brown, forge:glass_panes/green, carryon:block_blacklist, minecraft:prevent_mob_spawning_inside, minecraft:climbable, forge:chests/trapped, forge:fence_gates, minecraft:dark_oak_logs, minecraft:coral_plants, forge:glass_panes, minecraft:non_flammable_wood, forge:sandstone, forge:glass_panes/colorless, forge:braziers, forge:blocks/steel_block, alexsmobs:drops_bananas, minecraft:fences, minecraft:saplings, forge:storage_blocks/lapis, minecraft:beds, forge:ores/diamond, minecraft:unstable_bottom_center, minecraft:doors, minecraft:enderman_holdable, minecraft:banners, minecraft:infiniburn_overworld, minecraft:flower_pots, minecraft:wooden_fences, alexsmobs:rattlesnake_spawns, minecraft:wall_post_override, forge:obsidian, forge:enderman_place_on_blacklist, alexsmobs:kangaroo_spawns, alexsmobs:seal_digables, forge:glass/white, forge:glass_panes/red, minecraft:signs, minecraft:wither_summon_base_blocks, forge:glass/magenta, alexsmobs:mimic_octopus_spawns, forge:ores/coal, minecraft:hoglin_repellents, minecraft:fire, minecraft:base_stone_nether, minecraft:wall_signs, carryon:block_whitelist, alexsmobs:drops_acacia_blossoms, mineminenomi:kairoseki, forge:sand/colorless, minecraft:trapdoors, alexsmobs:komodo_dragon_spawns, forge:glass/cyan, alexsmobs:crow_fears, alexsmobs:mantis_shrimp_spawns, forge:glass, minecraft:soul_speed_blocks, alexsmobs:lobster_spawns, minecraft:leaves, minecraft:walls, minecraft:coral_blocks, forge:glass/green, alexsmobs:cachalot_whale_breakables, forge:glass_panes/gray, minecraft:wither_immune, minecraft:acacia_logs, forge:stained_glass_panes, mineminenomi:nophase, valhelsia_structures:colored_jars, minecraft:underwater_bonemeals, forge:sand/red, minecraft:impermeable, alexsmobs:emu_spawns, minecraft:sand, forge:end_stones, forge:glass/brown, minecraft:logs_that_burn, forge:fences/wooden, forge:glass/gray, minecraft:campfires, forge:storage_blocks, minecraft:infiniburn_nether, forge:glass_panes/orange, forge:glass/light_gray, forge:ores/quartz, minecraft:wooden_slabs, alexsmobs:platypus_spawns, forge:glass/blue, minecraft:small_flowers, minecraft:wooden_trapdoors, forge:storage_blocks/coal, forge:glass_panes/black, forge:glass/light_blue, forge:storage_blocks/redstone, alexsmobs:grizzly_beehive, forge:glass_panes/blue, minecraft:stairs, minecraft:logs, forge:stone, alexsmobs:crocodile_spawns, minecraft:valid_spawn, minecraft:mushroom_grow_block, minecraft:wooden_doors, minecraft:standing_signs, minecraft:infiniburn_end, forge:glass_panes/yellow, forge:glass/purple, minecraft:crimson_stems, alexsmobs:soul_vulture_spawns, minecraft:wart_blocks, alexsmobs:leafcutter_ant_breakables, alexsmobs:gorilla_breakables, mineminenomi:rusty, gravestone:grave_replaceable, minecraft:beacon_base_blocks, alexsmobs:orca_breakables, alexsmobs:seal_spawns, minecraft:shulker_boxes, alexsmobs:mungus_replace_mushroom, valhelsia_structures:cut_posts, minecraft:anvil, minecraft:birch_logs, forge:sand, minecraft:wall_corals, forge:glass_panes/purple, forge:glass/yellow, alexsmobs:elephant_foodblocks, minecraft:oak_logs, forge:ores/gold, forge:barrels, minecraft:piglin_repellents, forge:ores/lapis, forge:glass/black, minecraft:portals, alexsmobs:mungus_replace_nether, forge:dirt, minecraft:bamboo_plantable_on, forge:fences/nether_brick, forge:glass/lime, forge:chests/wooden, forge:ores/iron, minecraft:pressure_plates, minecraft:jungle_logs, forge:chests/ender, minecraft:wooden_stairs, minecraft:spruce_logs, minecraft:carpets, minecraft:base_stone_overworld, minecraft:wooden_buttons, alexsmobs:crow_foodblocks, forge:fence_gates/wooden, minecraft:stone_bricks, forge:storage_blocks/quartz, vs_eureka:ship_helms, forge:glass/orange, forge:glass_panes/lime, vs_eureka:balloons, minecraft:slabs, minecraft:guarded_by_piglins, forge:ores/emerald, minecraft:corals, minecraft:buttons, minecraft:flowers, alexsmobs:void_worm_breakables, minecraft:planks, forge:cobblestone, minecraft:rails, forge:barrels/wooden, alexsmobs:soul_vulture_perches, minecraft:strider_warm_blocks, forge:storage_blocks/gold, minecraft:fence_gates, forge:ores, minecraft:bee_growables, minecraft:wooden_pressure_plates, minecraft:tall_flowers, forge:fences, minecraft:stone_pressure_plates, valhelsia_structures:non_flammable_posts, forge:storage_blocks/diamond, minecraft:nylium, alexsmobs:warped_mosco_breakables, minecraft:gold_ores, valhelsia_structures:posts, forge:glass_panes/pink, forge:netherrack]
[14Apr2025 22:07:23.706] [main/INFO] [STDOUT/]: [tschipp.carryon.common.handler.ListHandler:initConfigLists:282]: [minecraft:soul_fire_base_blocks, forge:glass_panes/magenta, valhelsia_structures:jars, forge:storage_blocks/netherite, forge:glass_panes/white, forge:gravel, forge:glass_panes/cyan, forge:glass_panes/light_gray, minecraft:wool, forge:glass/colorless, alexsmobs:roadrunner_spawns, forge:glass_panes/light_blue, minecraft:beehives, minecraft:ice, forge:ores/netherite_scrap, minecraft:dragon_immune, minecraft:crops, alexsmobs:alligator_snapping_turtle_spawns, forge:stained_glass, forge:glass/pink, forge:chests, forge:storage_blocks/emerald, forge:ores/redstone, minecraft:warped_stems, forge:glass/red, forge:storage_blocks/iron, forge:glass_panes/brown, forge:glass_panes/green, carryon:block_blacklist, minecraft:prevent_mob_spawning_inside, minecraft:climbable, forge:chests/trapped, forge:fence_gates, minecraft:dark_oak_logs, minecraft:coral_plants, forge:glass_panes, minecraft:non_flammable_wood, forge:sandstone, forge:glass_panes/colorless, forge:braziers, forge:blocks/steel_block, alexsmobs:drops_bananas, minecraft:fences, minecraft:saplings, forge:storage_blocks/lapis, minecraft:beds, forge:ores/diamond, minecraft:unstable_bottom_center, minecraft:doors, minecraft:enderman_holdable, minecraft:banners, minecraft:infiniburn_overworld, minecraft:flower_pots, minecraft:wooden_fences, alexsmobs:rattlesnake_spawns, minecraft:wall_post_override, forge:obsidian, forge:enderman_place_on_blacklist, alexsmobs:kangaroo_spawns, alexsmobs:seal_digables, forge:glass/white, forge:glass_panes/red, minecraft:signs, minecraft:wither_summon_base_blocks, forge:glass/magenta, alexsmobs:mimic_octopus_spawns, forge:ores/coal, minecraft:hoglin_repellents, minecraft:fire, minecraft:base_stone_nether, minecraft:wall_signs, carryon:block_whitelist, alexsmobs:drops_acacia_blossoms, mineminenomi:kairoseki, forge:sand/colorless, minecraft:trapdoors, alexsmobs:komodo_dragon_spawns, forge:glass/cyan, alexsmobs:crow_fears, alexsmobs:mantis_shrimp_spawns, forge:glass, minecraft:soul_speed_blocks, alexsmobs:lobster_spawns, minecraft:leaves, minecraft:walls, minecraft:coral_blocks, forge:glass/green, alexsmobs:cachalot_whale_breakables, forge:glass_panes/gray, minecraft:wither_immune, minecraft:acacia_logs, forge:stained_glass_panes, mineminenomi:nophase, valhelsia_structures:colored_jars, minecraft:underwater_bonemeals, forge:sand/red, minecraft:impermeable, alexsmobs:emu_spawns, minecraft:sand, forge:end_stones, forge:glass/brown, minecraft:logs_that_burn, forge:fences/wooden, forge:glass/gray, minecraft:campfires, forge:storage_blocks, minecraft:infiniburn_nether, forge:glass_panes/orange, forge:glass/light_gray, forge:ores/quartz, minecraft:wooden_slabs, alexsmobs:platypus_spawns, forge:glass/blue, minecraft:small_flowers, minecraft:wooden_trapdoors, forge:storage_blocks/coal, forge:glass_panes/black, forge:glass/light_blue, forge:storage_blocks/redstone, alexsmobs:grizzly_beehive, forge:glass_panes/blue, minecraft:stairs, minecraft:logs, forge:stone, alexsmobs:crocodile_spawns, minecraft:valid_spawn, minecraft:mushroom_grow_block, minecraft:wooden_doors, minecraft:standing_signs, minecraft:infiniburn_end, forge:glass_panes/yellow, forge:glass/purple, minecraft:crimson_stems, alexsmobs:soul_vulture_spawns, minecraft:wart_blocks, alexsmobs:leafcutter_ant_breakables, alexsmobs:gorilla_breakables, mineminenomi:rusty, gravestone:grave_replaceable, minecraft:beacon_base_blocks, alexsmobs:orca_breakables, alexsmobs:seal_spawns, minecraft:shulker_boxes, alexsmobs:mungus_replace_mushroom, valhelsia_structures:cut_posts, minecraft:anvil, minecraft:birch_logs, forge:sand, minecraft:wall_corals, forge:glass_panes/purple, forge:glass/yellow, alexsmobs:elephant_foodblocks, minecraft:oak_logs, forge:ores/gold, forge:barrels, minecraft:piglin_repellents, forge:ores/lapis, forge:glass/black, minecraft:portals, alexsmobs:mungus_replace_nether, forge:dirt, minecraft:bamboo_plantable_on, forge:fences/nether_brick, forge:glass/lime, forge:chests/wooden, forge:ores/iron, minecraft:pressure_plates, minecraft:jungle_logs, forge:chests/ender, minecraft:wooden_stairs, minecraft:spruce_logs, minecraft:carpets, minecraft:base_stone_overworld, minecraft:wooden_buttons, alexsmobs:crow_foodblocks, forge:fence_gates/wooden, minecraft:stone_bricks, forge:storage_blocks/quartz, vs_eureka:ship_helms, forge:glass/orange, forge:glass_panes/lime, vs_eureka:balloons, minecraft:slabs, minecraft:guarded_by_piglins, forge:ores/emerald, minecraft:corals, minecraft:buttons, minecraft:flowers, alexsmobs:void_worm_breakables, minecraft:planks, forge:cobblestone, minecraft:rails, forge:barrels/wooden, alexsmobs:soul_vulture_perches, minecraft:strider_warm_blocks, forge:storage_blocks/gold, minecraft:fence_gates, forge:ores, minecraft:bee_growables, minecraft:wooden_pressure_plates, minecraft:tall_flowers, forge:fences, minecraft:stone_pressure_plates, valhelsia_structures:non_flammable_posts, forge:storage_blocks/diamond, minecraft:nylium, alexsmobs:warped_mosco_breakables, minecraft:gold_ores, valhelsia_structures:posts, forge:glass_panes/pink, forge:netherrack]
[14Apr2025 22:07:25.054] [main/DEBUG] [net.minecraftforge.registries.ObjectHolderRef/]: Unable to lookup ancientjapan:oni_armor_armor_boots for public static net.minecraft.item.Item net.mcreator.ancientjapan.item.OniArmorArmorItem.boots. This means the object wasn't registered. It's likely just mod options.
[14Apr2025 22:07:25.056] [main/DEBUG] [net.minecraftforge.registries.ObjectHolderRef/]: Unable to lookup ancientjapan:oni_armor_armor_leggings for public static net.minecraft.item.Item net.mcreator.ancientjapan.item.OniArmorArmorItem.legs. This means the object wasn't registered. It's likely just mod options.
[14Apr2025 22:07:25.056] [main/DEBUG] [net.minecraftforge.registries.ObjectHolderRef/]: Unable to lookup ancientjapan:oni_mask_chestplate for public static net.minecraft.item.Item net.mcreator.ancientjapan.item.OniMaskItem.body. This means the object wasn't registered. It's likely just mod options.
[14Apr2025 22:07:25.058] [main/DEBUG] [net.minecraftforge.registries.ObjectHolderRef/]: Unable to lookup ancientjapan:oni_mask_leggings for public static net.minecraft.item.Item net.mcreator.ancientjapan.item.OniMaskItem.legs. This means the object wasn't registered. It's likely just mod options.
[14Apr2025 22:07:25.059] [main/DEBUG] [net.minecraftforge.registries.ObjectHolderRef/]: Unable to lookup ancientjapan:oni_mask_boots for public static net.minecraft.item.Item net.mcreator.ancientjapan.item.OniMaskItem.boots. This means the object wasn't registered. It's likely just mod options.
[14Apr2025 22:07:25.061] [main/DEBUG] [net.minecraftforge.registries.ObjectHolderRef/]: Unable to lookup ancientjapan:oni_armor_armor_chestplate for public static net.minecraft.item.Item net.mcreator.ancientjapan.item.OniArmorArmorItem.body. This means the object wasn't registered. It's likely just mod options.
[14Apr2025 22:07:25.089] [main/DEBUG] [net.minecraftforge.fml.FMLWorldPersistenceHook/WP]: Gathering id map for writing to world save world
[14Apr2025 22:07:25.112] [main/DEBUG] [net.minecraftforge.fml.FMLWorldPersistenceHook/WP]: ID Map collection complete world
[14Apr2025 22:07:25.157] [main/DEBUG] [net.minecraftforge.coremod.transformer.CoreModBaseTransformer/COREMOD]: Transforming func_72354_b with desc (Lnet/minecraft/entity/player/ServerPlayerEntity;Lnet/minecraft/world/server/ServerWorld;)V
[14Apr2025 22:07:25.160] [main/DEBUG] [mixin/]: Mixing server.MixinPlayerList from valkyrienskies-common.mixins.json into net.minecraft.server.management.PlayerList
[14Apr2025 22:07:25.200] [Server thread/INFO] [net.minecraft.server.dedicated.DedicatedServer/]: Starting minecraft server version 1.16.5
[14Apr2025 22:07:25.201] [Server thread/INFO] [net.minecraft.server.dedicated.DedicatedServer/]: Loading properties
[14Apr2025 22:07:25.201] [Server thread/INFO] [net.minecraft.server.dedicated.DedicatedServer/]: Default game type: SURVIVAL
[14Apr2025 22:07:25.202] [Server thread/INFO] [net.minecraft.server.MinecraftServer/]: Generating keypair
[14Apr2025 22:07:25.369] [Server thread/INFO] [net.minecraft.server.dedicated.DedicatedServer/]: Starting Minecraft server on *:25565
[14Apr2025 22:07:25.387] [Server thread/INFO] [net.minecraft.network.NetworkSystem/]: Using epoll channel type
[14Apr2025 22:07:25.485] [Server thread/WARN] [net.minecraft.server.dedicated.DedicatedServer/]: **** SERVER IS RUNNING IN OFFLINE/INSECURE MODE!
[14Apr2025 22:07:25.485] [Server thread/WARN] [net.minecraft.server.dedicated.DedicatedServer/]: The server will make no attempt to authenticate usernames. Beware.
[14Apr2025 22:07:25.485] [Server thread/WARN] [net.minecraft.server.dedicated.DedicatedServer/]: While this makes the game possible to play without internet access, it also opens up the ability for hackers to connect with any username they choose.
[14Apr2025 22:07:25.486] [Server thread/WARN] [net.minecraft.server.dedicated.DedicatedServer/]: To change this, set "online-mode" to "true" in the server.properties file.
[14Apr2025 22:07:25.497] [Server thread/DEBUG] [mixin/]: Mixing server.network.MixinServerPlayerGameMode from valkyrienskies-common.mixins.json into net.minecraft.server.management.PlayerInteractionManager
[14Apr2025 22:07:25.527] [Server thread/DEBUG] [net.minecraftforge.fml.loading.FileUtils/CORE]: Found existing serverconfig directory : ./world/serverconfig
[14Apr2025 22:07:25.527] [Server thread/DEBUG] [net.minecraftforge.fml.config.ConfigTracker/CONFIG]: Loading configs type SERVER
[14Apr2025 22:07:25.527] [Server thread/DEBUG] [net.minecraftforge.fml.config.ConfigFileTypeHandler/CONFIG]: Built TOML config for ./world/serverconfig/gravestone-server.toml
[14Apr2025 22:07:25.528] [Server thread/DEBUG] [net.minecraftforge.fml.config.ConfigFileTypeHandler/CONFIG]: Loaded TOML config file ./world/serverconfig/gravestone-server.toml
[14Apr2025 22:07:25.530] [Server thread/DEBUG] [net.minecraftforge.fml.config.ConfigFileTypeHandler/CONFIG]: Watching TOML config file ./world/serverconfig/gravestone-server.toml for changes
[14Apr2025 22:07:25.534] [Server thread/DEBUG] [net.minecraftforge.fml.config.ConfigFileTypeHandler/CONFIG]: Built TOML config for ./world/serverconfig/carryon-server.toml
[14Apr2025 22:07:25.535] [Server thread/DEBUG] [net.minecraftforge.fml.config.ConfigFileTypeHandler/CONFIG]: Loaded TOML config file ./world/serverconfig/carryon-server.toml
[14Apr2025 22:07:25.535] [Server thread/DEBUG] [net.minecraftforge.fml.config.ConfigFileTypeHandler/CONFIG]: Watching TOML config file ./world/serverconfig/carryon-server.toml for changes
[14Apr2025 22:07:25.537] [Server thread/INFO] [STDOUT/]: [tschipp.carryon.common.handler.ListHandler:initConfigLists:282]: [minecraft:soul_fire_base_blocks, forge:glass_panes/magenta, valhelsia_structures:jars, forge:storage_blocks/netherite, forge:glass_panes/white, forge:gravel, forge:glass_panes/cyan, forge:glass_panes/light_gray, minecraft:wool, forge:glass/colorless, alexsmobs:roadrunner_spawns, forge:glass_panes/light_blue, minecraft:beehives, minecraft:ice, forge:ores/netherite_scrap, minecraft:dragon_immune, minecraft:crops, alexsmobs:alligator_snapping_turtle_spawns, forge:stained_glass, forge:glass/pink, forge:chests, forge:storage_blocks/emerald, forge:ores/redstone, minecraft:warped_stems, forge:glass/red, forge:storage_blocks/iron, forge:glass_panes/brown, forge:glass_panes/green, carryon:block_blacklist, minecraft:prevent_mob_spawning_inside, minecraft:climbable, forge:chests/trapped, forge:fence_gates, minecraft:dark_oak_logs, minecraft:coral_plants, forge:glass_panes, minecraft:non_flammable_wood, forge:sandstone, forge:glass_panes/colorless, forge:braziers, forge:blocks/steel_block, alexsmobs:drops_bananas, minecraft:fences, minecraft:saplings, forge:storage_blocks/lapis, minecraft:beds, forge:ores/diamond, minecraft:unstable_bottom_center, minecraft:doors, minecraft:enderman_holdable, minecraft:banners, minecraft:infiniburn_overworld, minecraft:flower_pots, minecraft:wooden_fences, alexsmobs:rattlesnake_spawns, minecraft:wall_post_override, forge:obsidian, forge:enderman_place_on_blacklist, alexsmobs:kangaroo_spawns, alexsmobs:seal_digables, forge:glass/white, forge:glass_panes/red, minecraft:signs, minecraft:wither_summon_base_blocks, forge:glass/magenta, alexsmobs:mimic_octopus_spawns, forge:ores/coal, minecraft:hoglin_repellents, minecraft:fire, minecraft:base_stone_nether, minecraft:wall_signs, carryon:block_whitelist, alexsmobs:drops_acacia_blossoms, mineminenomi:kairoseki, forge:sand/colorless, minecraft:trapdoors, alexsmobs:komodo_dragon_spawns, forge:glass/cyan, alexsmobs:crow_fears, alexsmobs:mantis_shrimp_spawns, forge:glass, minecraft:soul_speed_blocks, alexsmobs:lobster_spawns, minecraft:leaves, minecraft:walls, minecraft:coral_blocks, forge:glass/green, alexsmobs:cachalot_whale_breakables, forge:glass_panes/gray, minecraft:wither_immune, minecraft:acacia_logs, forge:stained_glass_panes, mineminenomi:nophase, valhelsia_structures:colored_jars, minecraft:underwater_bonemeals, forge:sand/red, minecraft:impermeable, alexsmobs:emu_spawns, minecraft:sand, forge:end_stones, forge:glass/brown, minecraft:logs_that_burn, forge:fences/wooden, forge:glass/gray, minecraft:campfires, forge:storage_blocks, minecraft:infiniburn_nether, forge:glass_panes/orange, forge:glass/light_gray, forge:ores/quartz, minecraft:wooden_slabs, alexsmobs:platypus_spawns, forge:glass/blue, minecraft:small_flowers, minecraft:wooden_trapdoors, forge:storage_blocks/coal, forge:glass_panes/black, forge:glass/light_blue, forge:storage_blocks/redstone, alexsmobs:grizzly_beehive, forge:glass_panes/blue, minecraft:stairs, minecraft:logs, forge:stone, alexsmobs:crocodile_spawns, minecraft:valid_spawn, minecraft:mushroom_grow_block, minecraft:wooden_doors, minecraft:standing_signs, minecraft:infiniburn_end, forge:glass_panes/yellow, forge:glass/purple, minecraft:crimson_stems, alexsmobs:soul_vulture_spawns, minecraft:wart_blocks, alexsmobs:leafcutter_ant_breakables, alexsmobs:gorilla_breakables, mineminenomi:rusty, gravestone:grave_replaceable, minecraft:beacon_base_blocks, alexsmobs:orca_breakables, alexsmobs:seal_spawns, minecraft:shulker_boxes, alexsmobs:mungus_replace_mushroom, valhelsia_structures:cut_posts, minecraft:anvil, minecraft:birch_logs, forge:sand, minecraft:wall_corals, forge:glass_panes/purple, forge:glass/yellow, alexsmobs:elephant_foodblocks, minecraft:oak_logs, forge:ores/gold, forge:barrels, minecraft:piglin_repellents, forge:ores/lapis, forge:glass/black, minecraft:portals, alexsmobs:mungus_replace_nether, forge:dirt, minecraft:bamboo_plantable_on, forge:fences/nether_brick, forge:glass/lime, forge:chests/wooden, forge:ores/iron, minecraft:pressure_plates, minecraft:jungle_logs, forge:chests/ender, minecraft:wooden_stairs, minecraft:spruce_logs, minecraft:carpets, minecraft:base_stone_overworld, minecraft:wooden_buttons, alexsmobs:crow_foodblocks, forge:fence_gates/wooden, minecraft:stone_bricks, forge:storage_blocks/quartz, vs_eureka:ship_helms, forge:glass/orange, forge:glass_panes/lime, vs_eureka:balloons, minecraft:slabs, minecraft:guarded_by_piglins, forge:ores/emerald, minecraft:corals, minecraft:buttons, minecraft:flowers, alexsmobs:void_worm_breakables, minecraft:planks, forge:cobblestone, minecraft:rails, forge:barrels/wooden, alexsmobs:soul_vulture_perches, minecraft:strider_warm_blocks, forge:storage_blocks/gold, minecraft:fence_gates, forge:ores, minecraft:bee_growables, minecraft:wooden_pressure_plates, minecraft:tall_flowers, forge:fences, minecraft:stone_pressure_plates, valhelsia_structures:non_flammable_posts, forge:storage_blocks/diamond, minecraft:nylium, alexsmobs:warped_mosco_breakables, minecraft:gold_ores, valhelsia_structures:posts, forge:glass_panes/pink, forge:netherrack]
[14Apr2025 22:07:25.537] [Thread-0/DEBUG] [net.minecraftforge.fml.config.ConfigFileTypeHandler/CONFIG]: Config file gravestone-server.toml changed, sending notifies
[14Apr2025 22:07:25.538] [Thread-0/DEBUG] [net.minecraftforge.fml.config.ConfigFileTypeHandler/CONFIG]: Config file gravestone-server.toml changed, sending notifies
[14Apr2025 22:07:25.539] [Thread-0/DEBUG] [net.minecraftforge.fml.config.ConfigFileTypeHandler/CONFIG]: Config file carryon-server.toml changed, sending notifies
[14Apr2025 22:07:25.541] [Server thread/DEBUG] [net.minecraftforge.fml.config.ConfigFileTypeHandler/CONFIG]: Built TOML config for ./world/serverconfig/forge-server.toml
[14Apr2025 22:07:25.541] [Server thread/DEBUG] [net.minecraftforge.fml.config.ConfigFileTypeHandler/CONFIG]: Loaded TOML config file ./world/serverconfig/forge-server.toml
[14Apr2025 22:07:25.541] [Server thread/DEBUG] [net.minecraftforge.fml.config.ConfigFileTypeHandler/CONFIG]: Watching TOML config file ./world/serverconfig/forge-server.toml for changes
[14Apr2025 22:07:25.542] [Server thread/DEBUG] [net.minecraftforge.common.ForgeConfig/FORGEMOD]: Loaded forge config file forge-server.toml
[14Apr2025 22:07:25.540] [Thread-0/INFO] [STDOUT/]: [tschipp.carryon.common.handler.ListHandler:initConfigLists:282]: [minecraft:soul_fire_base_blocks, forge:glass_panes/magenta, valhelsia_structures:jars, forge:storage_blocks/netherite, forge:glass_panes/white, forge:gravel, forge:glass_panes/cyan, forge:glass_panes/light_gray, minecraft:wool, forge:glass/colorless, alexsmobs:roadrunner_spawns, forge:glass_panes/light_blue, minecraft:beehives, minecraft:ice, forge:ores/netherite_scrap, minecraft:dragon_immune, minecraft:crops, alexsmobs:alligator_snapping_turtle_spawns, forge:stained_glass, forge:glass/pink, forge:chests, forge:storage_blocks/emerald, forge:ores/redstone, minecraft:warped_stems, forge:glass/red, forge:storage_blocks/iron, forge:glass_panes/brown, forge:glass_panes/green, carryon:block_blacklist, minecraft:prevent_mob_spawning_inside, minecraft:climbable, forge:chests/trapped, forge:fence_gates, minecraft:dark_oak_logs, minecraft:coral_plants, forge:glass_panes, minecraft:non_flammable_wood, forge:sandstone, forge:glass_panes/colorless, forge:braziers, forge:blocks/steel_block, alexsmobs:drops_bananas, minecraft:fences, minecraft:saplings, forge:storage_blocks/lapis, minecraft:beds, forge:ores/diamond, minecraft:unstable_bottom_center, minecraft:doors, minecraft:enderman_holdable, minecraft:banners, minecraft:infiniburn_overworld, minecraft:flower_pots, minecraft:wooden_fences, alexsmobs:rattlesnake_spawns, minecraft:wall_post_override, forge:obsidian, forge:enderman_place_on_blacklist, alexsmobs:kangaroo_spawns, alexsmobs:seal_digables, forge:glass/white, forge:glass_panes/red, minecraft:signs, minecraft:wither_summon_base_blocks, forge:glass/magenta, alexsmobs:mimic_octopus_spawns, forge:ores/coal, minecraft:hoglin_repellents, minecraft:fire, minecraft:base_stone_nether, minecraft:wall_signs, carryon:block_whitelist, alexsmobs:drops_acacia_blossoms, mineminenomi:kairoseki, forge:sand/colorless, minecraft:trapdoors, alexsmobs:komodo_dragon_spawns, forge:glass/cyan, alexsmobs:crow_fears, alexsmobs:mantis_shrimp_spawns, forge:glass, minecraft:soul_speed_blocks, alexsmobs:lobster_spawns, minecraft:leaves, minecraft:walls, minecraft:coral_blocks, forge:glass/green, alexsmobs:cachalot_whale_breakables, forge:glass_panes/gray, minecraft:wither_immune, minecraft:acacia_logs, forge:stained_glass_panes, mineminenomi:nophase, valhelsia_structures:colored_jars, minecraft:underwater_bonemeals, forge:sand/red, minecraft:impermeable, alexsmobs:emu_spawns, minecraft:sand, forge:end_stones, forge:glass/brown, minecraft:logs_that_burn, forge:fences/wooden, forge:glass/gray, minecraft:campfires, forge:storage_blocks, minecraft:infiniburn_nether, forge:glass_panes/orange, forge:glass/light_gray, forge:ores/quartz, minecraft:wooden_slabs, alexsmobs:platypus_spawns, forge:glass/blue, minecraft:small_flowers, minecraft:wooden_trapdoors, forge:storage_blocks/coal, forge:glass_panes/black, forge:glass/light_blue, forge:storage_blocks/redstone, alexsmobs:grizzly_beehive, forge:glass_panes/blue, minecraft:stairs, minecraft:logs, forge:stone, alexsmobs:crocodile_spawns, minecraft:valid_spawn, minecraft:mushroom_grow_block, minecraft:wooden_doors, minecraft:standing_signs, minecraft:infiniburn_end, forge:glass_panes/yellow, forge:glass/purple, minecraft:crimson_stems, alexsmobs:soul_vulture_spawns, minecraft:wart_blocks, alexsmobs:leafcutter_ant_breakables, alexsmobs:gorilla_breakables, mineminenomi:rusty, gravestone:grave_replaceable, minecraft:beacon_base_blocks, alexsmobs:orca_breakables, alexsmobs:seal_spawns, minecraft:shulker_boxes, alexsmobs:mungus_replace_mushroom, valhelsia_structures:cut_posts, minecraft:anvil, minecraft:birch_logs, forge:sand, minecraft:wall_corals, forge:glass_panes/purple, forge:glass/yellow, alexsmobs:elephant_foodblocks, minecraft:oak_logs, forge:ores/gold, forge:barrels, minecraft:piglin_repellents, forge:ores/lapis, forge:glass/black, minecraft:portals, alexsmobs:mungus_replace_nether, forge:dirt, minecraft:bamboo_plantable_on, forge:fences/nether_brick, forge:glass/lime, forge:chests/wooden, forge:ores/iron, minecraft:pressure_plates, minecraft:jungle_logs, forge:chests/ender, minecraft:wooden_stairs, minecraft:spruce_logs, minecraft:carpets, minecraft:base_stone_overworld, minecraft:wooden_buttons, alexsmobs:crow_foodblocks, forge:fence_gates/wooden, minecraft:stone_bricks, forge:storage_blocks/quartz, vs_eureka:ship_helms, forge:glass/orange, forge:glass_panes/lime, vs_eureka:balloons, minecraft:slabs, minecraft:guarded_by_piglins, forge:ores/emerald, minecraft:corals, minecraft:buttons, minecraft:flowers, alexsmobs:void_worm_breakables, minecraft:planks, forge:cobblestone, minecraft:rails, forge:barrels/wooden, alexsmobs:soul_vulture_perches, minecraft:strider_warm_blocks, forge:storage_blocks/gold, minecraft:fence_gates, forge:ores, minecraft:bee_growables, minecraft:wooden_pressure_plates, minecraft:tall_flowers, forge:fences, minecraft:stone_pressure_plates, valhelsia_structures:non_flammable_posts, forge:storage_blocks/diamond, minecraft:nylium, alexsmobs:warped_mosco_breakables, minecraft:gold_ores, valhelsia_structures:posts, forge:glass_panes/pink, forge:netherrack]
[14Apr2025 22:07:25.542] [Server thread/DEBUG] [net.minecraftforge.fml.config.ConfigFileTypeHandler/CONFIG]: Built TOML config for ./world/serverconfig/fastleafdecay-server.toml
[14Apr2025 22:07:25.543] [Server thread/DEBUG] [net.minecraftforge.fml.config.ConfigFileTypeHandler/CONFIG]: Loaded TOML config file ./world/serverconfig/fastleafdecay-server.toml
[14Apr2025 22:07:25.543] [Server thread/DEBUG] [net.minecraftforge.fml.config.ConfigFileTypeHandler/CONFIG]: Watching TOML config file ./world/serverconfig/fastleafdecay-server.toml for changes
[14Apr2025 22:07:25.544] [Thread-0/DEBUG] [net.minecraftforge.fml.config.ConfigFileTypeHandler/CONFIG]: Config file carryon-server.toml changed, sending notifies
[14Apr2025 22:07:25.546] [Server thread/DEBUG] [net.minecraftforge.fml.config.ConfigFileTypeHandler/CONFIG]: Built TOML config for ./world/serverconfig/jei-server.toml
[14Apr2025 22:07:25.546] [Server thread/DEBUG] [net.minecraftforge.fml.config.ConfigFileTypeHandler/CONFIG]: Loaded TOML config file ./world/serverconfig/jei-server.toml
[14Apr2025 22:07:25.546] [Server thread/DEBUG] [net.minecraftforge.fml.config.ConfigFileTypeHandler/CONFIG]: Watching TOML config file ./world/serverconfig/jei-server.toml for changes
[14Apr2025 22:07:25.548] [Thread-0/INFO] [STDOUT/]: [tschipp.carryon.common.handler.ListHandler:initConfigLists:282]: [minecraft:soul_fire_base_blocks, forge:glass_panes/magenta, valhelsia_structures:jars, forge:storage_blocks/netherite, forge:glass_panes/white, forge:gravel, forge:glass_panes/cyan, forge:glass_panes/light_gray, minecraft:wool, forge:glass/colorless, alexsmobs:roadrunner_spawns, forge:glass_panes/light_blue, minecraft:beehives, minecraft:ice, forge:ores/netherite_scrap, minecraft:dragon_immune, minecraft:crops, alexsmobs:alligator_snapping_turtle_spawns, forge:stained_glass, forge:glass/pink, forge:chests, forge:storage_blocks/emerald, forge:ores/redstone, minecraft:warped_stems, forge:glass/red, forge:storage_blocks/iron, forge:glass_panes/brown, forge:glass_panes/green, carryon:block_blacklist, minecraft:prevent_mob_spawning_inside, minecraft:climbable, forge:chests/trapped, forge:fence_gates, minecraft:dark_oak_logs, minecraft:coral_plants, forge:glass_panes, minecraft:non_flammable_wood, forge:sandstone, forge:glass_panes/colorless, forge:braziers, forge:blocks/steel_block, alexsmobs:drops_bananas, minecraft:fences, minecraft:saplings, forge:storage_blocks/lapis, minecraft:beds, forge:ores/diamond, minecraft:unstable_bottom_center, minecraft:doors, minecraft:enderman_holdable, minecraft:banners, minecraft:infiniburn_overworld, minecraft:flower_pots, minecraft:wooden_fences, alexsmobs:rattlesnake_spawns, minecraft:wall_post_override, forge:obsidian, forge:enderman_place_on_blacklist, alexsmobs:kangaroo_spawns, alexsmobs:seal_digables, forge:glass/white, forge:glass_panes/red, minecraft:signs, minecraft:wither_summon_base_blocks, forge:glass/magenta, alexsmobs:mimic_octopus_spawns, forge:ores/coal, minecraft:hoglin_repellents, minecraft:fire, minecraft:base_stone_nether, minecraft:wall_signs, carryon:block_whitelist, alexsmobs:drops_acacia_blossoms, mineminenomi:kairoseki, forge:sand/colorless, minecraft:trapdoors, alexsmobs:komodo_dragon_spawns, forge:glass/cyan, alexsmobs:crow_fears, alexsmobs:mantis_shrimp_spawns, forge:glass, minecraft:soul_speed_blocks, alexsmobs:lobster_spawns, minecraft:leaves, minecraft:walls, minecraft:coral_blocks, forge:glass/green, alexsmobs:cachalot_whale_breakables, forge:glass_panes/gray, minecraft:wither_immune, minecraft:acacia_logs, forge:stained_glass_panes, mineminenomi:nophase, valhelsia_structures:colored_jars, minecraft:underwater_bonemeals, forge:sand/red, minecraft:impermeable, alexsmobs:emu_spawns, minecraft:sand, forge:end_stones, forge:glass/brown, minecraft:logs_that_burn, forge:fences/wooden, forge:glass/gray, minecraft:campfires, forge:storage_blocks, minecraft:infiniburn_nether, forge:glass_panes/orange, forge:glass/light_gray, forge:ores/quartz, minecraft:wooden_slabs, alexsmobs:platypus_spawns, forge:glass/blue, minecraft:small_flowers, minecraft:wooden_trapdoors, forge:storage_blocks/coal, forge:glass_panes/black, forge:glass/light_blue, forge:storage_blocks/redstone, alexsmobs:grizzly_beehive, forge:glass_panes/blue, minecraft:stairs, minecraft:logs, forge:stone, alexsmobs:crocodile_spawns, minecraft:valid_spawn, minecraft:mushroom_grow_block, minecraft:wooden_doors, minecraft:standing_signs, minecraft:infiniburn_end, forge:glass_panes/yellow, forge:glass/purple, minecraft:crimson_stems, alexsmobs:soul_vulture_spawns, minecraft:wart_blocks, alexsmobs:leafcutter_ant_breakables, alexsmobs:gorilla_breakables, mineminenomi:rusty, gravestone:grave_replaceable, minecraft:beacon_base_blocks, alexsmobs:orca_breakables, alexsmobs:seal_spawns, minecraft:shulker_boxes, alexsmobs:mungus_replace_mushroom, valhelsia_structures:cut_posts, minecraft:anvil, minecraft:birch_logs, forge:sand, minecraft:wall_corals, forge:glass_panes/purple, forge:glass/yellow, alexsmobs:elephant_foodblocks, minecraft:oak_logs, forge:ores/gold, forge:barrels, minecraft:piglin_repellents, forge:ores/lapis, forge:glass/black, minecraft:portals, alexsmobs:mungus_replace_nether, forge:dirt, minecraft:bamboo_plantable_on, forge:fences/nether_brick, forge:glass/lime, forge:chests/wooden, forge:ores/iron, minecraft:pressure_plates, minecraft:jungle_logs, forge:chests/ender, minecraft:wooden_stairs, minecraft:spruce_logs, minecraft:carpets, minecraft:base_stone_overworld, minecraft:wooden_buttons, alexsmobs:crow_foodblocks, forge:fence_gates/wooden, minecraft:stone_bricks, forge:storage_blocks/quartz, vs_eureka:ship_helms, forge:glass/orange, forge:glass_panes/lime, vs_eureka:balloons, minecraft:slabs, minecraft:guarded_by_piglins, forge:ores/emerald, minecraft:corals, minecraft:buttons, minecraft:flowers, alexsmobs:void_worm_breakables, minecraft:planks, forge:cobblestone, minecraft:rails, forge:barrels/wooden, alexsmobs:soul_vulture_perches, minecraft:strider_warm_blocks, forge:storage_blocks/gold, minecraft:fence_gates, forge:ores, minecraft:bee_growables, minecraft:wooden_pressure_plates, minecraft:tall_flowers, forge:fences, minecraft:stone_pressure_plates, valhelsia_structures:non_flammable_posts, forge:storage_blocks/diamond, minecraft:nylium, alexsmobs:warped_mosco_breakables, minecraft:gold_ores, valhelsia_structures:posts, forge:glass_panes/pink, forge:netherrack]
[14Apr2025 22:07:25.552] [Thread-0/DEBUG] [net.minecraftforge.fml.config.ConfigFileTypeHandler/CONFIG]: Config file forge-server.toml changed, sending notifies
[14Apr2025 22:07:25.555] [Thread-0/DEBUG] [net.minecraftforge.common.ForgeConfig/FORGEMOD]: Forge config just got changed on the file system!
[14Apr2025 22:07:25.557] [Thread-0/DEBUG] [net.minecraftforge.fml.config.ConfigFileTypeHandler/CONFIG]: Config file fastleafdecay-server.toml changed, sending notifies
[14Apr2025 22:07:25.558] [Thread-0/DEBUG] [net.minecraftforge.fml.config.ConfigFileTypeHandler/CONFIG]: Config file fastleafdecay-server.toml changed, sending notifies
[14Apr2025 22:07:25.571] [Server thread/INFO] [net.minecraft.server.dedicated.DedicatedServer/]: Preparing level "world"
[14Apr2025 22:07:25.619] [Server thread/DEBUG] [mixin/]: Mixing accessors.server.world.ChunkMapAccessor from valkyrienskies-common.mixins.json into net.minecraft.world.server.ChunkManager
[14Apr2025 22:07:25.619] [Server thread/DEBUG] [mixin/]: Mixing feature.tick_ship_chunks.MixinChunkMap from valkyrienskies-common.mixins.json into net.minecraft.world.server.ChunkManager
[14Apr2025 22:07:25.620] [Server thread/DEBUG] [mixin/]: Mixing server.world.MixinChunkMap from valkyrienskies-common.mixins.json into net.minecraft.world.server.ChunkManager
[14Apr2025 22:07:25.621] [Server thread/DEBUG] [mixin/]: Renaming synthetic method lambda$postGetPlayersWatchingChunk$1(Ljava/util/Set;Lorg/valkyrienskies/core/game/IPlayer;)V to md388bc4$lambda$postGetPlayersWatchingChunk$1$0 in valkyrienskies-common.mixins.json:server.world.MixinChunkMap
[14Apr2025 22:07:25.621] [Server thread/DEBUG] [mixin/]: Renaming synthetic method lambda$static$0([Lnet/minecraft/world/biome/Biome;)V to md388bc4$lambda$static$0$1 in valkyrienskies-common.mixins.json:server.world.MixinChunkMap
[14Apr2025 22:07:26.443] [Server thread/INFO] [net.minecraft.server.MinecraftServer/]: Preparing start region for dimension minecraft:overworld
[14Apr2025 22:07:26.578] [Server thread/DEBUG] [mixin/]: Mixing MixinChunkSerializer from architectury.mixins.json into net.minecraft.world.chunk.storage.ChunkSerializer
[14Apr2025 22:07:26.585] [Server thread/DEBUG] [net.minecraftforge.coremod.transformer.CoreModBaseTransformer/COREMOD]: Transforming net/minecraft/world/chunk/Chunk
[14Apr2025 22:07:26.626] [Server thread/DEBUG] [net.minecraftforge.coremod.transformer.CoreModBaseTransformer/COREMOD]: Transforming net/minecraft/world/chunk/Chunk
[14Apr2025 22:07:26.626] [Server thread/DEBUG] [mixin/]: Mixing world.chunk.MixinLevelChunk from valkyrienskies-common.mixins.json into net.minecraft.world.chunk.Chunk
[14Apr2025 22:07:26.926] [Server thread/DEBUG] [mixin/]: Mixing TemplateMixin from mine-mine-no-mi.mixins.json into net.minecraft.world.gen.feature.template.Template
[14Apr2025 22:07:26.927] [Server thread/DEBUG] [mixin/]: Mixing ITemplateMixin from mine-mine-no-mi.mixins.json into net.minecraft.world.gen.feature.template.Template
[14Apr2025 22:07:28.662] [Server thread/INFO] [net.minecraft.world.chunk.listener.LoggingChunkStatusListener/]: Preparing spawn area: 0%
[14Apr2025 22:07:28.664] [Server thread/INFO] [net.minecraft.world.chunk.listener.LoggingChunkStatusListener/]: Preparing spawn area: 0%
[14Apr2025 22:07:28.664] [Server thread/INFO] [net.minecraft.world.chunk.listener.LoggingChunkStatusListener/]: Preparing spawn area: 0%
[14Apr2025 22:07:28.668] [Server thread/INFO] [net.minecraft.world.chunk.listener.LoggingChunkStatusListener/]: Preparing spawn area: 0%
[14Apr2025 22:07:28.669] [Server thread/INFO] [net.minecraft.world.chunk.listener.LoggingChunkStatusListener/]: Preparing spawn area: 0%
[14Apr2025 22:07:31.775] [Physics thread/WARN] [org.valkyrienskies.core.pipelines.VSGamePipelineStage/]: Too many physics frames in the physics frame queue. Is the game stage broken?
[14Apr2025 22:07:32.000] [Worker-Main-6/INFO] [net.minecraft.world.chunk.listener.LoggingChunkStatusListener/]: Preparing spawn area: 0%
[14Apr2025 22:07:32.004] [Worker-Main-6/INFO] [net.minecraft.world.chunk.listener.LoggingChunkStatusListener/]: Preparing spawn area: 0%
[14Apr2025 22:07:32.009] [Worker-Main-4/INFO] [net.minecraft.world.chunk.listener.LoggingChunkStatusListener/]: Preparing spawn area: 0%
[14Apr2025 22:07:32.010] [Worker-Main-4/INFO] [net.minecraft.world.chunk.listener.LoggingChunkStatusListener/]: Preparing spawn area: 0%
[14Apr2025 22:07:32.011] [Worker-Main-6/INFO] [net.minecraft.world.chunk.listener.LoggingChunkStatusListener/]: Preparing spawn area: 0%
[14Apr2025 22:07:32.012] [Worker-Main-6/INFO] [net.minecraft.world.chunk.listener.LoggingChunkStatusListener/]: Preparing spawn area: 0%
[14Apr2025 22:07:32.013] [Worker-Main-4/INFO] [net.minecraft.world.chunk.listener.LoggingChunkStatusListener/]: Preparing spawn area: 0%
[14Apr2025 22:07:32.529] [Server thread/INFO] [net.minecraft.world.chunk.listener.LoggingChunkStatusListener/]: Preparing spawn area: 0%
[14Apr2025 22:07:32.777] [Physics thread/WARN] [org.valkyrienskies.core.pipelines.VSGamePipelineStage/]: Too many physics frames in the physics frame queue. Is the game stage broken?
[14Apr2025 22:07:32.929] [Server thread/DEBUG] [mixin/]: Mixing server.world.MixinChunkMap$TrackedEntity from valkyrienskies-common.mixins.json into net.minecraft.world.server.ChunkManager$EntityTracker
[14Apr2025 22:07:32.970] [Worker-Main-6/INFO] [net.minecraft.world.chunk.listener.LoggingChunkStatusListener/]: Preparing spawn area: 69%
[14Apr2025 22:07:33.014] [Server thread/DEBUG] [mixin/]: Mixing feature.ai.node_evaluator.WalkNodeEvaluatorMixin from valkyrienskies-common.mixins.json into net.minecraft.pathfinding.WalkNodeProcessor
[14Apr2025 22:07:33.015] [Server thread/DEBUG] [mixin/]: Renaming synthetic method lambda$getBlockPathTypeForShips$0(Lnet/minecraft/world/IBlockReader;Lorg/spongepowered/asm/mixin/injection/callback/CallbackInfoReturnable;DDD)V to md388bc4$lambda$getBlockPathTypeForShips$0$0 in valkyrienskies-common.mixins.json:feature.ai.node_evaluator.WalkNodeEvaluatorMixin
[14Apr2025 22:07:33.449] [Worker-Main-6/INFO] [net.minecraft.world.chunk.listener.LoggingChunkStatusListener/]: Preparing spawn area: 70%
[14Apr2025 22:07:33.728] [Worker-Main-5/DEBUG] [mixin/]: Mixing feature.mob_spawning.NaturalSpawnerMixin from valkyrienskies-common.mixins.json into net.minecraft.world.spawner.WorldEntitySpawner
[14Apr2025 22:07:33.779] [Physics thread/WARN] [org.valkyrienskies.core.pipelines.VSGamePipelineStage/]: Too many physics frames in the physics frame queue. Is the game stage broken?
[14Apr2025 22:07:33.947] [Worker-Main-6/INFO] [net.minecraft.world.chunk.listener.LoggingChunkStatusListener/]: Preparing spawn area: 71%
[14Apr2025 22:07:34.453] [Worker-Main-6/INFO] [net.minecraft.world.chunk.listener.LoggingChunkStatusListener/]: Preparing spawn area: 74%
[14Apr2025 22:07:34.780] [Physics thread/WARN] [org.valkyrienskies.core.pipelines.VSGamePipelineStage/]: Too many physics frames in the physics frame queue. Is the game stage broken?
[14Apr2025 22:07:34.971] [Worker-Main-6/INFO] [net.minecraft.world.chunk.listener.LoggingChunkStatusListener/]: Preparing spawn area: 78%
[14Apr2025 22:07:35.456] [Worker-Main-4/INFO] [net.minecraft.world.chunk.listener.LoggingChunkStatusListener/]: Preparing spawn area: 80%
[14Apr2025 22:07:35.784] [Physics thread/WARN] [org.valkyrienskies.core.pipelines.VSGamePipelineStage/]: Too many physics frames in the physics frame queue. Is the game stage broken?
[14Apr2025 22:07:35.968] [Worker-Main-5/INFO] [net.minecraft.world.chunk.listener.LoggingChunkStatusListener/]: Preparing spawn area: 84%
[14Apr2025 22:07:36.630] [Worker-Main-5/INFO] [net.minecraft.world.chunk.listener.LoggingChunkStatusListener/]: Preparing spawn area: 85%
[14Apr2025 22:07:36.784] [Physics thread/WARN] [org.valkyrienskies.core.pipelines.VSGamePipelineStage/]: Too many physics frames in the physics frame queue. Is the game stage broken?
[14Apr2025 22:07:36.947] [Worker-Main-4/INFO] [net.minecraft.world.chunk.listener.LoggingChunkStatusListener/]: Preparing spawn area: 86%
[14Apr2025 22:07:37.454] [Worker-Main-4/INFO] [net.minecraft.world.chunk.listener.LoggingChunkStatusListener/]: Preparing spawn area: 88%
[14Apr2025 22:07:37.785] [Physics thread/WARN] [org.valkyrienskies.core.pipelines.VSGamePipelineStage/]: Too many physics frames in the physics frame queue. Is the game stage broken?
[14Apr2025 22:07:37.960] [Worker-Main-4/INFO] [net.minecraft.world.chunk.listener.LoggingChunkStatusListener/]: Preparing spawn area: 90%
[14Apr2025 22:07:38.457] [Worker-Main-4/INFO] [net.minecraft.world.chunk.listener.LoggingChunkStatusListener/]: Preparing spawn area: 92%
[14Apr2025 22:07:38.786] [Physics thread/WARN] [org.valkyrienskies.core.pipelines.VSGamePipelineStage/]: Too many physics frames in the physics frame queue. Is the game stage broken?
[14Apr2025 22:07:38.973] [Worker-Main-6/INFO] [net.minecraft.world.chunk.listener.LoggingChunkStatusListener/]: Preparing spawn area: 94%
[14Apr2025 22:07:39.450] [Worker-Main-5/INFO] [net.minecraft.world.chunk.listener.LoggingChunkStatusListener/]: Preparing spawn area: 95%
[14Apr2025 22:07:39.789] [Physics thread/WARN] [org.valkyrienskies.core.pipelines.VSGamePipelineStage/]: Too many physics frames in the physics frame queue. Is the game stage broken?
[14Apr2025 22:07:39.946] [Worker-Main-6/INFO] [net.minecraft.world.chunk.listener.LoggingChunkStatusListener/]: Preparing spawn area: 97%
[14Apr2025 22:07:40.270] [Server thread/INFO] [net.minecraft.world.chunk.listener.LoggingChunkStatusListener/]: Time elapsed: 13826 ms
[14Apr2025 22:07:40.271] [Server thread/INFO] [net.minecraft.server.dedicated.DedicatedServer/]: Done (14.751s)! For help, type "help"
[14Apr2025 22:07:40.295] [Server thread/DEBUG] [net.minecraftforge.fml.ForgeI18n/CORE]: Loading I18N data entries: 5558
[14Apr2025 22:07:40.298] [Server thread/INFO] [Spartan Weaponry/]: Starting up Server for Spartan Weaponry!
[14Apr2025 22:07:40.298] [Server thread/DEBUG] [Spartan Weaponry/]: The API Internal Handler appears to be the correct class
[14Apr2025 22:07:40.792] [Physics thread/WARN] [org.valkyrienskies.core.pipelines.VSGamePipelineStage/]: Too many physics frames in the physics frame queue. Is the game stage broken?
[14Apr2025 22:07:41.796] [Physics thread/WARN] [org.valkyrienskies.core.pipelines.VSGamePipelineStage/]: Too many physics frames in the physics frame queue. Is the game stage broken?
[14Apr2025 22:07:42.297] [Server thread/DEBUG] [mixin/]: Mixing feature.ai.node_evaluator.PathNavigationRegionAccessor from valkyrienskies-common.mixins.json into net.minecraft.world.Region
[14Apr2025 22:07:42.792] [Server thread/DEBUG] [net.minecraftforge.coremod.transformer.CoreModBaseTransformer/COREMOD]: Transforming net/minecraft/network/play/server/SMultiBlockChangePacket
[14Apr2025 22:07:42.797] [Server thread/DEBUG] [mixin/]: Mixing accessors.network.protocol.game.ClientboundSectionBlocksUpdatePacketAccessor from valkyrienskies-common.mixins.json into net.minecraft.network.play.server.SMultiBlockChangePacket
[14Apr2025 22:07:55.030] [Server thread/DEBUG] [mixin/]: Mixing ServerPlayNetHandlerMixin from mine-mine-no-mi.mixins.json into net.minecraft.network.play.ServerPlayNetHandler
[14Apr2025 22:07:55.031] [Server thread/DEBUG] [mixin/]: Mixing feature.spawn_player_on_ship.MixinServerGamePacketListenerImpl from valkyrienskies-common.mixins.json into net.minecraft.network.play.ServerPlayNetHandler
[14Apr2025 22:07:55.032] [Server thread/DEBUG] [mixin/]: Mixing server.network.MixinServerGamePacketListenerImpl from valkyrienskies-common.mixins.json into net.minecraft.network.play.ServerPlayNetHandler
[14Apr2025 22:07:55.071] [Netty Epoll Server IO #1/DEBUG] [net.minecraftforge.coremod.transformer.CoreModBaseTransformer/COREMOD]: Transforming net/minecraft/network/play/client/CClientSettingsPacket
[14Apr2025 22:07:55.341] [Netty Epoll Server IO #1/DEBUG] [net.minecraftforge.fml.network.FMLHandshakeHandler/FMLHANDSHAKE]: Starting new modded network connection. Found 27 messages to dispatch.
[14Apr2025 22:07:55.381] [Server thread/DEBUG] [net.minecraftforge.fml.network.FMLHandshakeHandler/FMLHANDSHAKE]: Sending ticking packet info 'net.minecraftforge.fml.network.FMLHandshakeMessages$S2CModList' to 'fml:handshake' sequence 0
[14Apr2025 22:07:55.424] [Server thread/DEBUG] [net.minecraftforge.fml.network.FMLHandshakeHandler/FMLHANDSHAKE]: Sending ticking packet info 'Registry mineminenomi:abilities' to 'fml:handshake' sequence 1
[14Apr2025 22:07:55.474] [Server thread/DEBUG] [net.minecraftforge.fml.network.FMLHandshakeHandler/FMLHANDSHAKE]: Sending ticking packet info 'Registry minecraft:recipe_serializer' to 'fml:handshake' sequence 2
[14Apr2025 22:07:55.504] [Netty Epoll Server IO #1/DEBUG] [net.minecraftforge.fml.network.FMLLoginWrapper/FMLHANDSHAKE]: Recieved login wrapper packet event for channel fml:handshake with index 0
[14Apr2025 22:07:55.508] [Netty Epoll Server IO #1/DEBUG] [net.minecraftforge.fml.network.FMLHandshakeHandler/FMLHANDSHAKE]: Received client indexed reply 0 of type net.minecraftforge.fml.network.FMLHandshakeMessages$C2SModListReply
[14Apr2025 22:07:55.508] [Netty Epoll Server IO #1/DEBUG] [net.minecraftforge.fml.network.FMLHandshakeHandler/FMLHANDSHAKE]: Received client connection with modlist [minecraft, mineminenomi, ancientjapan, piratesandlootersreborn, jei, torohealth, spartanshields, xaerominimap, gravestone, collective, citadel, alexsmobs, sophisticatedbackpacks, spartanweaponry, architectury, cloth-config, carryon, ancient_guns, valkyrienskies, vs_eureka, forge, fastleafdecay, valhelsia_core, valhelsia_structures, geckolib3, replantingcrops]
[14Apr2025 22:07:55.509] [Netty Epoll Server IO #1/DEBUG] [net.minecraftforge.fml.network.NetworkRegistry/NETREGISTRY]: Channel 'mineminenomi:main_channel' : Version test of '1' from client : ACCEPTED
[14Apr2025 22:07:55.509] [Netty Epoll Server IO #1/DEBUG] [net.minecraftforge.fml.network.NetworkRegistry/NETREGISTRY]: Channel 'fml:loginwrapper' : Version test of 'FML2' from client : ACCEPTED
[14Apr2025 22:07:55.509] [Netty Epoll Server IO #1/DEBUG] [net.minecraftforge.fml.network.NetworkRegistry/NETREGISTRY]: Channel 'spartanshields:network' : Version test of '1' from client : ACCEPTED
[14Apr2025 22:07:55.509] [Netty Epoll Server IO #1/DEBUG] [net.minecraftforge.fml.network.NetworkRegistry/NETREGISTRY]: Channel 'architectury:network' : Version test of '1' from client : ACCEPTED
[14Apr2025 22:07:55.509] [Netty Epoll Server IO #1/DEBUG] [net.minecraftforge.fml.network.NetworkRegistry/NETREGISTRY]: Channel 'alexsmobs:main_channel' : Version test of '1' from client : ACCEPTED
[14Apr2025 22:07:55.509] [Netty Epoll Server IO #1/DEBUG] [net.minecraftforge.fml.network.NetworkRegistry/NETREGISTRY]: Channel 'jei:channel' : Version test of '1.0.0' from client : ACCEPTED
[14Apr2025 22:07:55.509] [Netty Epoll Server IO #1/DEBUG] [net.minecraftforge.fml.network.NetworkRegistry/NETREGISTRY]: Channel 'carryon:carryonpackets' : Version test of '1.15.6.24' from client : ACCEPTED
[14Apr2025 22:07:55.509] [Netty Epoll Server IO #1/DEBUG] [net.minecraftforge.fml.network.NetworkRegistry/NETREGISTRY]: Channel 'minecraft:unregister' : Version test of 'FML2' from client : ACCEPTED
[14Apr2025 22:07:55.509] [Netty Epoll Server IO #1/DEBUG] [net.minecraftforge.fml.network.NetworkRegistry/NETREGISTRY]: Channel 'fml:play' : Version test of 'FML2' from client : ACCEPTED
[14Apr2025 22:07:55.509] [Netty Epoll Server IO #1/DEBUG] [net.minecraftforge.fml.network.NetworkRegistry/NETREGISTRY]: Channel 'xaerominimap:main' : Version test of '1.0' from client : ACCEPTED
[14Apr2025 22:07:55.509] [Netty Epoll Server IO #1/DEBUG] [net.minecraftforge.fml.network.NetworkRegistry/NETREGISTRY]: Channel 'ancient_guns:ancient_guns' : Version test of '1' from client : ACCEPTED
[14Apr2025 22:07:55.509] [Netty Epoll Server IO #1/DEBUG] [net.minecraftforge.fml.network.NetworkRegistry/NETREGISTRY]: Channel 'sophisticatedbackpacks:channel' : Version test of '1' from client : ACCEPTED
[14Apr2025 22:07:55.509] [Netty Epoll Server IO #1/DEBUG] [net.minecraftforge.fml.network.NetworkRegistry/NETREGISTRY]: Channel 'piratesandlootersreborn:piratesandlootersreborn' : Version test of '1' from client : ACCEPTED
[14Apr2025 22:07:55.509] [Netty Epoll Server IO #1/DEBUG] [net.minecraftforge.fml.network.NetworkRegistry/NETREGISTRY]: Channel 'citadel:main_channel' : Version test of '1' from client : ACCEPTED
[14Apr2025 22:07:55.509] [Netty Epoll Server IO #1/DEBUG] [net.minecraftforge.fml.network.NetworkRegistry/NETREGISTRY]: Channel 'gravestone:default' : Version test of '1.0.0' from client : ACCEPTED
[14Apr2025 22:07:55.509] [Netty Epoll Server IO #1/DEBUG] [net.minecraftforge.fml.network.NetworkRegistry/NETREGISTRY]: Channel 'ancientjapan:ancientjapan' : Version test of '1' from client : ACCEPTED
[14Apr2025 22:07:55.509] [Netty Epoll Server IO #1/DEBUG] [net.minecraftforge.fml.network.NetworkRegistry/NETREGISTRY]: Channel 'fml:handshake' : Version test of 'FML2' from client : ACCEPTED
[14Apr2025 22:07:55.509] [Netty Epoll Server IO #1/DEBUG] [net.minecraftforge.fml.network.NetworkRegistry/NETREGISTRY]: Channel 'valkyrienskies:vs_packet' : Version test of '1' from client : ACCEPTED
[14Apr2025 22:07:55.509] [Netty Epoll Server IO #1/DEBUG] [net.minecraftforge.fml.network.NetworkRegistry/NETREGISTRY]: Channel 'forge:split_11' : Version test of '1.1' from client : ACCEPTED
[14Apr2025 22:07:55.509] [Netty Epoll Server IO #1/DEBUG] [net.minecraftforge.fml.network.NetworkRegistry/NETREGISTRY]: Channel 'spartanweaponry:network' : Version test of '1' from client : ACCEPTED
[14Apr2025 22:07:55.509] [Netty Epoll Server IO #1/DEBUG] [net.minecraftforge.fml.network.NetworkRegistry/NETREGISTRY]: Channel 'geckolib3:main' : Version test of '0' from client : ACCEPTED
[14Apr2025 22:07:55.509] [Netty Epoll Server IO #1/DEBUG] [net.minecraftforge.fml.network.NetworkRegistry/NETREGISTRY]: Channel 'minecraft:register' : Version test of 'FML2' from client : ACCEPTED
[14Apr2025 22:07:55.509] [Netty Epoll Server IO #1/DEBUG] [net.minecraftforge.fml.network.NetworkRegistry/NETREGISTRY]: Channel 'forge:split' : Version test of '1.0' from client : ACCEPTED
[14Apr2025 22:07:55.509] [Netty Epoll Server IO #1/DEBUG] [net.minecraftforge.fml.network.NetworkRegistry/NETREGISTRY]: Channel 'valhelsia_core:channel' : Version test of '1.0' from client : ACCEPTED
[14Apr2025 22:07:55.509] [Netty Epoll Server IO #1/DEBUG] [net.minecraftforge.fml.network.NetworkRegistry/NETREGISTRY]: Accepting channel list from client
[14Apr2025 22:07:55.510] [Netty Epoll Server IO #1/DEBUG] [net.minecraftforge.fml.network.FMLHandshakeHandler/FMLHANDSHAKE]: Accepted client connection mod list
[14Apr2025 22:07:55.524] [Server thread/DEBUG] [net.minecraftforge.fml.network.FMLHandshakeHandler/FMLHANDSHAKE]: Sending ticking packet info 'Registry minecraft:sound_event' to 'fml:handshake' sequence 3
[14Apr2025 22:07:55.575] [Server thread/DEBUG] [net.minecraftforge.fml.network.FMLHandshakeHandler/FMLHANDSHAKE]: Sending ticking packet info 'Registry minecraft:particle_type' to 'fml:handshake' sequence 4
[14Apr2025 22:07:55.591] [Netty Epoll Server IO #1/DEBUG] [net.minecraftforge.fml.network.FMLLoginWrapper/FMLHANDSHAKE]: Recieved login wrapper packet event for channel fml:handshake with index 1
[14Apr2025 22:07:55.591] [Netty Epoll Server IO #1/DEBUG] [net.minecraftforge.fml.network.FMLHandshakeHandler/FMLHANDSHAKE]: Received client indexed reply 1 of type net.minecraftforge.fml.network.FMLHandshakeMessages$C2SAcknowledge
[14Apr2025 22:07:55.591] [Netty Epoll Server IO #1/DEBUG] [net.minecraftforge.fml.network.FMLHandshakeHandler/FMLHANDSHAKE]: Received acknowledgement from client
[14Apr2025 22:07:55.591] [Netty Epoll Server IO #1/DEBUG] [net.minecraftforge.fml.network.FMLLoginWrapper/FMLHANDSHAKE]: Recieved login wrapper packet event for channel fml:handshake with index 2
[14Apr2025 22:07:55.591] [Netty Epoll Server IO #1/DEBUG] [net.minecraftforge.fml.network.FMLHandshakeHandler/FMLHANDSHAKE]: Received client indexed reply 2 of type net.minecraftforge.fml.network.FMLHandshakeMessages$C2SAcknowledge
[14Apr2025 22:07:55.591] [Netty Epoll Server IO #1/DEBUG] [net.minecraftforge.fml.network.FMLHandshakeHandler/FMLHANDSHAKE]: Received acknowledgement from client
[14Apr2025 22:07:55.624] [Server thread/DEBUG] [net.minecraftforge.fml.network.FMLHandshakeHandler/FMLHANDSHAKE]: Sending ticking packet info 'Registry mineminenomi:jolly_roger_elements' to 'fml:handshake' sequence 5
[14Apr2025 22:07:55.675] [Server thread/DEBUG] [net.minecraftforge.fml.network.FMLHandshakeHandler/FMLHANDSHAKE]: Sending ticking packet info 'Registry minecraft:villager_profession' to 'fml:handshake' sequence 6
[14Apr2025 22:07:55.716] [Netty Epoll Server IO #1/DEBUG] [net.minecraftforge.fml.network.FMLLoginWrapper/FMLHANDSHAKE]: Recieved login wrapper packet event for channel fml:handshake with index 3
[14Apr2025 22:07:55.716] [Netty Epoll Server IO #1/DEBUG] [net.minecraftforge.fml.network.FMLHandshakeHandler/FMLHANDSHAKE]: Received client indexed reply 3 of type net.minecraftforge.fml.network.FMLHandshakeMessages$C2SAcknowledge
[14Apr2025 22:07:55.716] [Netty Epoll Server IO #1/DEBUG] [net.minecraftforge.fml.network.FMLHandshakeHandler/FMLHANDSHAKE]: Received acknowledgement from client
[14Apr2025 22:07:55.716] [Netty Epoll Server IO #1/DEBUG] [net.minecraftforge.fml.network.FMLLoginWrapper/FMLHANDSHAKE]: Recieved login wrapper packet event for channel fml:handshake with index 4
[14Apr2025 22:07:55.716] [Netty Epoll Server IO #1/DEBUG] [net.minecraftforge.fml.network.FMLHandshakeHandler/FMLHANDSHAKE]: Received client indexed reply 4 of type net.minecraftforge.fml.network.FMLHandshakeMessages$C2SAcknowledge
[14Apr2025 22:07:55.716] [Netty Epoll Server IO #1/DEBUG] [net.minecraftforge.fml.network.FMLHandshakeHandler/FMLHANDSHAKE]: Received acknowledgement from client
[14Apr2025 22:07:55.724] [Server thread/DEBUG] [net.minecraftforge.fml.network.FMLHandshakeHandler/FMLHANDSHAKE]: Sending ticking packet info 'Registry minecraft:item' to 'fml:handshake' sequence 7
[14Apr2025 22:07:55.774] [Server thread/DEBUG] [net.minecraftforge.fml.network.FMLHandshakeHandler/FMLHANDSHAKE]: Sending ticking packet info 'Registry minecraft:potion' to 'fml:handshake' sequence 8
[14Apr2025 22:07:55.776] [Netty Epoll Server IO #1/DEBUG] [net.minecraftforge.fml.network.FMLLoginWrapper/FMLHANDSHAKE]: Recieved login wrapper packet event for channel fml:handshake with index 5
[14Apr2025 22:07:55.776] [Netty Epoll Server IO #1/DEBUG] [net.minecraftforge.fml.network.FMLHandshakeHandler/FMLHANDSHAKE]: Received client indexed reply 5 of type net.minecraftforge.fml.network.FMLHandshakeMessages$C2SAcknowledge
[14Apr2025 22:07:55.776] [Netty Epoll Server IO #1/DEBUG] [net.minecraftforge.fml.network.FMLHandshakeHandler/FMLHANDSHAKE]: Received acknowledgement from client
[14Apr2025 22:07:55.816] [Netty Epoll Server IO #1/DEBUG] [net.minecraftforge.fml.network.FMLLoginWrapper/FMLHANDSHAKE]: Recieved login wrapper packet event for channel fml:handshake with index 6
[14Apr2025 22:07:55.816] [Netty Epoll Server IO #1/DEBUG] [net.minecraftforge.fml.network.FMLHandshakeHandler/FMLHANDSHAKE]: Received client indexed reply 6 of type net.minecraftforge.fml.network.FMLHandshakeMessages$C2SAcknowledge
[14Apr2025 22:07:55.816] [Netty Epoll Server IO #1/DEBUG] [net.minecraftforge.fml.network.FMLHandshakeHandler/FMLHANDSHAKE]: Received acknowledgement from client
[14Apr2025 22:07:55.824] [Server thread/DEBUG] [net.minecraftforge.fml.network.FMLHandshakeHandler/FMLHANDSHAKE]: Sending ticking packet info 'Registry minecraft:block_entity_type' to 'fml:handshake' sequence 9
[14Apr2025 22:07:55.874] [Server thread/DEBUG] [net.minecraftforge.fml.network.FMLHandshakeHandler/FMLHANDSHAKE]: Sending ticking packet info 'Registry minecraft:block' to 'fml:handshake' sequence 10
[14Apr2025 22:07:55.917] [Netty Epoll Server IO #1/DEBUG] [net.minecraftforge.fml.network.FMLLoginWrapper/FMLHANDSHAKE]: Recieved login wrapper packet event for channel fml:handshake with index 7
[14Apr2025 22:07:55.917] [Netty Epoll Server IO #1/DEBUG] [net.minecraftforge.fml.network.FMLHandshakeHandler/FMLHANDSHAKE]: Received client indexed reply 7 of type net.minecraftforge.fml.network.FMLHandshakeMessages$C2SAcknowledge
[14Apr2025 22:07:55.917] [Netty Epoll Server IO #1/DEBUG] [net.minecraftforge.fml.network.FMLHandshakeHandler/FMLHANDSHAKE]: Received acknowledgement from client
[14Apr2025 22:07:55.917] [Netty Epoll Server IO #1/DEBUG] [net.minecraftforge.fml.network.FMLLoginWrapper/FMLHANDSHAKE]: Recieved login wrapper packet event for channel fml:handshake with index 8
[14Apr2025 22:07:55.917] [Netty Epoll Server IO #1/DEBUG] [net.minecraftforge.fml.network.FMLHandshakeHandler/FMLHANDSHAKE]: Received client indexed reply 8 of type net.minecraftforge.fml.network.FMLHandshakeMessages$C2SAcknowledge
[14Apr2025 22:07:55.917] [Netty Epoll Server IO #1/DEBUG] [net.minecraftforge.fml.network.FMLHandshakeHandler/FMLHANDSHAKE]: Received acknowledgement from client
[14Apr2025 22:07:55.924] [Server thread/DEBUG] [net.minecraftforge.fml.network.FMLHandshakeHandler/FMLHANDSHAKE]: Sending ticking packet info 'Registry mineminenomi:particle_effect' to 'fml:handshake' sequence 11
[14Apr2025 22:07:55.960] [Netty Epoll Server IO #1/DEBUG] [net.minecraftforge.fml.network.FMLLoginWrapper/FMLHANDSHAKE]: Recieved login wrapper packet event for channel fml:handshake with index 9
[14Apr2025 22:07:55.960] [Netty Epoll Server IO #1/DEBUG] [net.minecraftforge.fml.network.FMLHandshakeHandler/FMLHANDSHAKE]: Received client indexed reply 9 of type net.minecraftforge.fml.network.FMLHandshakeMessages$C2SAcknowledge
[14Apr2025 22:07:55.960] [Netty Epoll Server IO #1/DEBUG] [net.minecraftforge.fml.network.FMLHandshakeHandler/FMLHANDSHAKE]: Received acknowledgement from client
[14Apr2025 22:07:55.974] [Server thread/DEBUG] [net.minecraftforge.fml.network.FMLHandshakeHandler/FMLHANDSHAKE]: Sending ticking packet info 'Registry minecraft:data_serializers' to 'fml:handshake' sequence 12
[14Apr2025 22:07:56.003] [Netty Epoll Server IO #1/DEBUG] [net.minecraftforge.fml.network.FMLLoginWrapper/FMLHANDSHAKE]: Recieved login wrapper packet event for channel fml:handshake with index 10
[14Apr2025 22:07:56.003] [Netty Epoll Server IO #1/DEBUG] [net.minecraftforge.fml.network.FMLHandshakeHandler/FMLHANDSHAKE]: Received client indexed reply 10 of type net.minecraftforge.fml.network.FMLHandshakeMessages$C2SAcknowledge
[14Apr2025 22:07:56.003] [Netty Epoll Server IO #1/DEBUG] [net.minecraftforge.fml.network.FMLHandshakeHandler/FMLHANDSHAKE]: Received acknowledgement from client
[14Apr2025 22:07:56.024] [Server thread/DEBUG] [net.minecraftforge.fml.network.FMLHandshakeHandler/FMLHANDSHAKE]: Sending ticking packet info 'Registry mineminenomi:challenges' to 'fml:handshake' sequence 13
[14Apr2025 22:07:56.074] [Server thread/DEBUG] [net.minecraftforge.fml.network.FMLHandshakeHandler/FMLHANDSHAKE]: Sending ticking packet info 'Registry mineminenomi:quests' to 'fml:handshake' sequence 14
[14Apr2025 22:07:56.098] [Netty Epoll Server IO #1/DEBUG] [net.minecraftforge.fml.network.FMLLoginWrapper/FMLHANDSHAKE]: Recieved login wrapper packet event for channel fml:handshake with index 11
[14Apr2025 22:07:56.098] [Netty Epoll Server IO #1/DEBUG] [net.minecraftforge.fml.network.FMLHandshakeHandler/FMLHANDSHAKE]: Received client indexed reply 11 of type net.minecraftforge.fml.network.FMLHandshakeMessages$C2SAcknowledge
[14Apr2025 22:07:56.099] [Netty Epoll Server IO #1/DEBUG] [net.minecraftforge.fml.network.FMLHandshakeHandler/FMLHANDSHAKE]: Received acknowledgement from client
[14Apr2025 22:07:56.099] [Netty Epoll Server IO #1/DEBUG] [net.minecraftforge.fml.network.FMLLoginWrapper/FMLHANDSHAKE]: Recieved login wrapper packet event for channel fml:handshake with index 12
[14Apr2025 22:07:56.099] [Netty Epoll Server IO #1/DEBUG] [net.minecraftforge.fml.network.FMLHandshakeHandler/FMLHANDSHAKE]: Received client indexed reply 12 of type net.minecraftforge.fml.network.FMLHandshakeMessages$C2SAcknowledge
[14Apr2025 22:07:56.099] [Netty Epoll Server IO #1/DEBUG] [net.minecraftforge.fml.network.FMLHandshakeHandler/FMLHANDSHAKE]: Received acknowledgement from client
[14Apr2025 22:07:56.124] [Server thread/DEBUG] [net.minecraftforge.fml.network.FMLHandshakeHandler/FMLHANDSHAKE]: Sending ticking packet info 'Registry minecraft:mob_effect' to 'fml:handshake' sequence 15
[14Apr2025 22:07:56.174] [Server thread/DEBUG] [net.minecraftforge.fml.network.FMLHandshakeHandler/FMLHANDSHAKE]: Sending ticking packet info 'Registry minecraft:stat_type' to 'fml:handshake' sequence 16
[14Apr2025 22:07:56.196] [Netty Epoll Server IO #1/DEBUG] [net.minecraftforge.fml.network.FMLLoginWrapper/FMLHANDSHAKE]: Recieved login wrapper packet event for channel fml:handshake with index 13
[14Apr2025 22:07:56.196] [Netty Epoll Server IO #1/DEBUG] [net.minecraftforge.fml.network.FMLHandshakeHandler/FMLHANDSHAKE]: Received client indexed reply 13 of type net.minecraftforge.fml.network.FMLHandshakeMessages$C2SAcknowledge
[14Apr2025 22:07:56.196] [Netty Epoll Server IO #1/DEBUG] [net.minecraftforge.fml.network.FMLHandshakeHandler/FMLHANDSHAKE]: Received acknowledgement from client
[14Apr2025 22:07:56.197] [Netty Epoll Server IO #1/DEBUG] [net.minecraftforge.fml.network.FMLLoginWrapper/FMLHANDSHAKE]: Recieved login wrapper packet event for channel fml:handshake with index 14
[14Apr2025 22:07:56.197] [Netty Epoll Server IO #1/DEBUG] [net.minecraftforge.fml.network.FMLHandshakeHandler/FMLHANDSHAKE]: Received client indexed reply 14 of type net.minecraftforge.fml.network.FMLHandshakeMessages$C2SAcknowledge
[14Apr2025 22:07:56.197] [Netty Epoll Server IO #1/DEBUG] [net.minecraftforge.fml.network.FMLHandshakeHandler/FMLHANDSHAKE]: Received acknowledgement from client
[14Apr2025 22:07:56.224] [Server thread/DEBUG] [net.minecraftforge.fml.network.FMLHandshakeHandler/FMLHANDSHAKE]: Sending ticking packet info 'Registry minecraft:menu' to 'fml:handshake' sequence 17
[14Apr2025 22:07:56.274] [Server thread/DEBUG] [net.minecraftforge.fml.network.FMLHandshakeHandler/FMLHANDSHAKE]: Sending ticking packet info 'Registry minecraft:enchantment' to 'fml:handshake' sequence 18
[14Apr2025 22:07:56.277] [Netty Epoll Server IO #1/DEBUG] [net.minecraftforge.fml.network.FMLLoginWrapper/FMLHANDSHAKE]: Recieved login wrapper packet event for channel fml:handshake with index 15
[14Apr2025 22:07:56.277] [Netty Epoll Server IO #1/DEBUG] [net.minecraftforge.fml.network.FMLHandshakeHandler/FMLHANDSHAKE]: Received client indexed reply 15 of type net.minecraftforge.fml.network.FMLHandshakeMessages$C2SAcknowledge
[14Apr2025 22:07:56.277] [Netty Epoll Server IO #1/DEBUG] [net.minecraftforge.fml.network.FMLHandshakeHandler/FMLHANDSHAKE]: Received acknowledgement from client
[14Apr2025 22:07:56.317] [Netty Epoll Server IO #1/DEBUG] [net.minecraftforge.fml.network.FMLLoginWrapper/FMLHANDSHAKE]: Recieved login wrapper packet event for channel fml:handshake with index 16
[14Apr2025 22:07:56.317] [Netty Epoll Server IO #1/DEBUG] [net.minecraftforge.fml.network.FMLHandshakeHandler/FMLHANDSHAKE]: Received client indexed reply 16 of type net.minecraftforge.fml.network.FMLHandshakeMessages$C2SAcknowledge
[14Apr2025 22:07:56.317] [Netty Epoll Server IO #1/DEBUG] [net.minecraftforge.fml.network.FMLHandshakeHandler/FMLHANDSHAKE]: Received acknowledgement from client
[14Apr2025 22:07:56.324] [Server thread/DEBUG] [net.minecraftforge.fml.network.FMLHandshakeHandler/FMLHANDSHAKE]: Sending ticking packet info 'Registry minecraft:motive' to 'fml:handshake' sequence 19
[14Apr2025 22:07:56.370] [Netty Epoll Server IO #1/DEBUG] [net.minecraftforge.fml.network.FMLLoginWrapper/FMLHANDSHAKE]: Recieved login wrapper packet event for channel fml:handshake with index 17
[14Apr2025 22:07:56.371] [Netty Epoll Server IO #1/DEBUG] [net.minecraftforge.fml.network.FMLHandshakeHandler/FMLHANDSHAKE]: Received client indexed reply 17 of type net.minecraftforge.fml.network.FMLHandshakeMessages$C2SAcknowledge
[14Apr2025 22:07:56.371] [Netty Epoll Server IO #1/DEBUG] [net.minecraftforge.fml.network.FMLHandshakeHandler/FMLHANDSHAKE]: Received acknowledgement from client
[14Apr2025 22:07:56.371] [Netty Epoll Server IO #1/DEBUG] [net.minecraftforge.fml.network.FMLLoginWrapper/FMLHANDSHAKE]: Recieved login wrapper packet event for channel fml:handshake with index 18
[14Apr2025 22:07:56.371] [Netty Epoll Server IO #1/DEBUG] [net.minecraftforge.fml.network.FMLHandshakeHandler/FMLHANDSHAKE]: Received client indexed reply 18 of type net.minecraftforge.fml.network.FMLHandshakeMessages$C2SAcknowledge
[14Apr2025 22:07:56.371] [Netty Epoll Server IO #1/DEBUG] [net.minecraftforge.fml.network.FMLHandshakeHandler/FMLHANDSHAKE]: Received acknowledgement from client
[14Apr2025 22:07:56.374] [Server thread/DEBUG] [net.minecraftforge.fml.network.FMLHandshakeHandler/FMLHANDSHAKE]: Sending ticking packet info 'Registry minecraft:fluid' to 'fml:handshake' sequence 20
[14Apr2025 22:07:56.424] [Server thread/DEBUG] [net.minecraftforge.fml.network.FMLHandshakeHandler/FMLHANDSHAKE]: Sending ticking packet info 'Registry minecraft:entity_type' to 'fml:handshake' sequence 21
[14Apr2025 22:07:56.466] [Netty Epoll Server IO #1/DEBUG] [net.minecraftforge.fml.network.FMLLoginWrapper/FMLHANDSHAKE]: Recieved login wrapper packet event for channel fml:handshake with index 19
[14Apr2025 22:07:56.466] [Netty Epoll Server IO #1/DEBUG] [net.minecraftforge.fml.network.FMLHandshakeHandler/FMLHANDSHAKE]: Received client indexed reply 19 of type net.minecraftforge.fml.network.FMLHandshakeMessages$C2SAcknowledge
[14Apr2025 22:07:56.467] [Netty Epoll Server IO #1/DEBUG] [net.minecraftforge.fml.network.FMLHandshakeHandler/FMLHANDSHAKE]: Received acknowledgement from client
[14Apr2025 22:07:56.474] [Server thread/DEBUG] [net.minecraftforge.fml.network.FMLHandshakeHandler/FMLHANDSHAKE]: Sending ticking packet info 'Config carryon-server.toml' to 'fml:handshake' sequence 22
[14Apr2025 22:07:56.523] [Netty Epoll Server IO #1/DEBUG] [net.minecraftforge.fml.network.FMLLoginWrapper/FMLHANDSHAKE]: Recieved login wrapper packet event for channel fml:handshake with index 20
[14Apr2025 22:07:56.523] [Netty Epoll Server IO #1/DEBUG] [net.minecraftforge.fml.network.FMLHandshakeHandler/FMLHANDSHAKE]: Received client indexed reply 20 of type net.minecraftforge.fml.network.FMLHandshakeMessages$C2SAcknowledge
[14Apr2025 22:07:56.523] [Netty Epoll Server IO #1/DEBUG] [net.minecraftforge.fml.network.FMLHandshakeHandler/FMLHANDSHAKE]: Received acknowledgement from client
[14Apr2025 22:07:56.525] [Server thread/DEBUG] [net.minecraftforge.fml.network.FMLHandshakeHandler/FMLHANDSHAKE]: Sending ticking packet info 'Config gravestone-server.toml' to 'fml:handshake' sequence 23
[14Apr2025 22:07:56.574] [Server thread/DEBUG] [net.minecraftforge.fml.network.FMLHandshakeHandler/FMLHANDSHAKE]: Sending ticking packet info 'Config fastleafdecay-server.toml' to 'fml:handshake' sequence 24
[14Apr2025 22:07:56.624] [Server thread/DEBUG] [net.minecraftforge.fml.network.FMLHandshakeHandler/FMLHANDSHAKE]: Sending ticking packet info 'Config forge-server.toml' to 'fml:handshake' sequence 25
[14Apr2025 22:07:56.674] [Server thread/DEBUG] [net.minecraftforge.fml.network.FMLHandshakeHandler/FMLHANDSHAKE]: Sending ticking packet info 'Config jei-server.toml' to 'fml:handshake' sequence 26
[14Apr2025 22:07:56.866] [Netty Epoll Server IO #1/DEBUG] [net.minecraftforge.fml.network.FMLLoginWrapper/FMLHANDSHAKE]: Recieved login wrapper packet event for channel fml:handshake with index 21
[14Apr2025 22:07:56.866] [Netty Epoll Server IO #1/DEBUG] [net.minecraftforge.fml.network.FMLHandshakeHandler/FMLHANDSHAKE]: Received client indexed reply 21 of type net.minecraftforge.fml.network.FMLHandshakeMessages$C2SAcknowledge
[14Apr2025 22:07:56.867] [Netty Epoll Server IO #1/DEBUG] [net.minecraftforge.fml.network.FMLHandshakeHandler/FMLHANDSHAKE]: Received acknowledgement from client
[14Apr2025 22:07:56.908] [Netty Epoll Server IO #1/DEBUG] [net.minecraftforge.fml.network.FMLLoginWrapper/FMLHANDSHAKE]: Recieved login wrapper packet event for channel fml:handshake with index 22
[14Apr2025 22:07:56.908] [Netty Epoll Server IO #1/DEBUG] [net.minecraftforge.fml.network.FMLHandshakeHandler/FMLHANDSHAKE]: Received client indexed reply 22 of type net.minecraftforge.fml.network.FMLHandshakeMessages$C2SAcknowledge
[14Apr2025 22:07:56.908] [Netty Epoll Server IO #1/DEBUG] [net.minecraftforge.fml.network.FMLHandshakeHandler/FMLHANDSHAKE]: Received acknowledgement from client
[14Apr2025 22:07:56.909] [Netty Epoll Server IO #1/DEBUG] [net.minecraftforge.fml.network.FMLLoginWrapper/FMLHANDSHAKE]: Recieved login wrapper packet event for channel fml:handshake with index 23
[14Apr2025 22:07:56.909] [Netty Epoll Server IO #1/DEBUG] [net.minecraftforge.fml.network.FMLHandshakeHandler/FMLHANDSHAKE]: Received client indexed reply 23 of type net.minecraftforge.fml.network.FMLHandshakeMessages$C2SAcknowledge
[14Apr2025 22:07:56.909] [Netty Epoll Server IO #1/DEBUG] [net.minecraftforge.fml.network.FMLHandshakeHandler/FMLHANDSHAKE]: Received acknowledgement from client
[14Apr2025 22:07:56.909] [Netty Epoll Server IO #1/DEBUG] [net.minecraftforge.fml.network.FMLLoginWrapper/FMLHANDSHAKE]: Recieved login wrapper packet event for channel fml:handshake with index 24
[14Apr2025 22:07:56.909] [Netty Epoll Server IO #1/DEBUG] [net.minecraftforge.fml.network.FMLHandshakeHandler/FMLHANDSHAKE]: Received client indexed reply 24 of type net.minecraftforge.fml.network.FMLHandshakeMessages$C2SAcknowledge
[14Apr2025 22:07:56.909] [Netty Epoll Server IO #1/DEBUG] [net.minecraftforge.fml.network.FMLHandshakeHandler/FMLHANDSHAKE]: Received acknowledgement from client
[14Apr2025 22:07:56.910] [Netty Epoll Server IO #1/DEBUG] [net.minecraftforge.fml.network.FMLLoginWrapper/FMLHANDSHAKE]: Recieved login wrapper packet event for channel fml:handshake with index 25
[14Apr2025 22:07:56.910] [Netty Epoll Server IO #1/DEBUG] [net.minecraftforge.fml.network.FMLHandshakeHandler/FMLHANDSHAKE]: Received client indexed reply 25 of type net.minecraftforge.fml.network.FMLHandshakeMessages$C2SAcknowledge
[14Apr2025 22:07:56.910] [Netty Epoll Server IO #1/DEBUG] [net.minecraftforge.fml.network.FMLHandshakeHandler/FMLHANDSHAKE]: Received acknowledgement from client
[14Apr2025 22:07:56.910] [Netty Epoll Server IO #1/DEBUG] [net.minecraftforge.fml.network.FMLLoginWrapper/FMLHANDSHAKE]: Recieved login wrapper packet event for channel fml:handshake with index 26
[14Apr2025 22:07:56.910] [Netty Epoll Server IO #1/DEBUG] [net.minecraftforge.fml.network.FMLHandshakeHandler/FMLHANDSHAKE]: Received client indexed reply 26 of type net.minecraftforge.fml.network.FMLHandshakeMessages$C2SAcknowledge
[14Apr2025 22:07:56.910] [Netty Epoll Server IO #1/DEBUG] [net.minecraftforge.fml.network.FMLHandshakeHandler/FMLHANDSHAKE]: Received acknowledgement from client
[14Apr2025 22:07:56.924] [Server thread/DEBUG] [net.minecraftforge.fml.network.FMLHandshakeHandler/FMLHANDSHAKE]: Handshake complete!
[14Apr2025 22:07:57.029] [Server thread/INFO] [net.minecraftforge.common.AdvancementLoadFix/]: Using new advancement loading for net.minecraft.advancements.PlayerAdvancements@309f07c4
[14Apr2025 22:07:57.069] [Server thread/INFO] [net.minecraft.server.management.PlayerList/]: Superag_Games[/127.118.103.103:56381] logged in with entity id 38 at (731.7194860917243, 65.00133597911214, -1651.9048182675813)
[14Apr2025 22:07:57.080] [Server thread/DEBUG] [net.minecraftforge.network.NetworkFilters/]: Injected net.minecraftforge.network.ForgeConnectionNetworkFilter@25fd2e2e into net.minecraft.network.NetworkManager@3364fc64
[14Apr2025 22:07:57.102] [Server thread/INFO] [net.minecraft.server.dedicated.DedicatedServer/]: Superag_Games joined the game
[14Apr2025 22:07:57.380] [Server thread/DEBUG] [mixin/]: Mixing feature.ai.node_evaluator.SwimNodeEvaluatorMixin from valkyrienskies-common.mixins.json into net.minecraft.pathfinding.SwimNodeProcessor
[14Apr2025 22:07:57.381] [Server thread/DEBUG] [mixin/]: Renaming synthetic method lambda$isPathFindableRedirectIsFree$5(Lnet/minecraft/block/BlockState;Lnet/minecraft/world/World;Lnet/minecraft/pathfinding/PathType;[ZDDD)V to md388bc4$lambda$isPathFindableRedirectIsFree$5$0 in valkyrienskies-common.mixins.json:feature.ai.node_evaluator.SwimNodeEvaluatorMixin
[14Apr2025 22:07:57.381] [Server thread/DEBUG] [mixin/]: Renaming synthetic method lambda$getBlockStateRedirectIsFree$4(Lnet/minecraft/world/World;[Lnet/minecraft/block/BlockState;DDD)V to md388bc4$lambda$getBlockStateRedirectIsFree$4$1 in valkyrienskies-common.mixins.json:feature.ai.node_evaluator.SwimNodeEvaluatorMixin
[14Apr2025 22:07:57.381] [Server thread/DEBUG] [mixin/]: Renaming synthetic method lambda$getFluidStateRedirectIsFree$3(Lnet/minecraft/world/World;[Lnet/minecraft/fluid/FluidState;DDD)V to md388bc4$lambda$getFluidStateRedirectIsFree$3$2 in valkyrienskies-common.mixins.json:feature.ai.node_evaluator.SwimNodeEvaluatorMixin
[14Apr2025 22:07:57.381] [Server thread/DEBUG] [mixin/]: Renaming synthetic method lambda$isPathFindableRedirectPathType$2(Lnet/minecraft/block/BlockState;Lnet/minecraft/world/World;Lnet/minecraft/pathfinding/PathType;[ZDDD)V to md388bc4$lambda$isPathFindableRedirectPathType$2$3 in valkyrienskies-common.mixins.json:feature.ai.node_evaluator.SwimNodeEvaluatorMixin
[14Apr2025 22:07:57.381] [Server thread/DEBUG] [mixin/]: Renaming synthetic method lambda$getBlockStateRedirectPathType$1(Lnet/minecraft/world/World;[Lnet/minecraft/block/BlockState;DDD)V to md388bc4$lambda$getBlockStateRedirectPathType$1$4 in valkyrienskies-common.mixins.json:feature.ai.node_evaluator.SwimNodeEvaluatorMixin
[14Apr2025 22:07:57.381] [Server thread/DEBUG] [mixin/]: Renaming synthetic method lambda$getFluidStateRedirectPathType$0(Lnet/minecraft/world/World;[Lnet/minecraft/fluid/FluidState;DDD)V to md388bc4$lambda$getFluidStateRedirectPathType$0$5 in valkyrienskies-common.mixins.json:feature.ai.node_evaluator.SwimNodeEvaluatorMixin
[14Apr2025 22:07:59.568] [Server thread/DEBUG] [mixin/]: Mixing MixinBlockEntityExtension from architectury.mixins.json into me.shedaniel.architectury.extensions.BlockEntityExtension
[14Apr2025 22:08:02.971] [Server thread/DEBUG] [org.valkyrienskies.core.networking.NetworkChannel/]: Server received packet of type: PacketType(channel=org.valkyrienskies.core.networking.NetworkChannel@601c27b3, id=1, name=SimplePacket - class org.valkyrienskies.core.networking.impl.PacketRequestUdp)
[14Apr2025 22:08:07.951] [Server thread/DEBUG] [org.valkyrienskies.core.networking.NetworkChannel/]: Server received packet of type: PacketType(channel=org.valkyrienskies.core.networking.NetworkChannel@601c27b3, id=1, name=SimplePacket - class org.valkyrienskies.core.networking.impl.PacketRequestUdp)
[14Apr2025 22:08:12.989] [Server thread/DEBUG] [org.valkyrienskies.core.networking.NetworkChannel/]: Server received packet of type: PacketType(channel=org.valkyrienskies.core.networking.NetworkChannel@601c27b3, id=1, name=SimplePacket - class org.valkyrienskies.core.networking.impl.PacketRequestUdp)
[14Apr2025 22:08:17.987] [Server thread/DEBUG] [org.valkyrienskies.core.networking.NetworkChannel/]: Server received packet of type: PacketType(channel=org.valkyrienskies.core.networking.NetworkChannel@601c27b3, id=1, name=SimplePacket - class org.valkyrienskies.core.networking.impl.PacketRequestUdp)
[14Apr2025 22:08:22.983] [Server thread/DEBUG] [org.valkyrienskies.core.networking.NetworkChannel/]: Server received packet of type: PacketType(channel=org.valkyrienskies.core.networking.NetworkChannel@601c27b3, id=1, name=SimplePacket - class org.valkyrienskies.core.networking.impl.PacketRequestUdp)
[14Apr2025 22:08:27.981] [Server thread/DEBUG] [org.valkyrienskies.core.networking.NetworkChannel/]: Server received packet of type: PacketType(channel=org.valkyrienskies.core.networking.NetworkChannel@601c27b3, id=1, name=SimplePacket - class org.valkyrienskies.core.networking.impl.PacketRequestUdp)
[14Apr2025 22:08:27.981] [Server thread/WARN] [org.valkyrienskies.core.networking.UdpServerImpl/]: There were 5 cases of failed connections in a row, is the UDP port accessible?
[14Apr2025 22:08:27.982] [Server thread/INFO] [org.valkyrienskies.core.networking.UdpServerImpl/]: By disabling UDP this warning shall not be printed anymore.
[14Apr2025 22:08:32.983] [Server thread/DEBUG] [org.valkyrienskies.core.networking.NetworkChannel/]: Server received packet of type: PacketType(channel=org.valkyrienskies.core.networking.NetworkChannel@601c27b3, id=1, name=SimplePacket - class org.valkyrienskies.core.networking.impl.PacketRequestUdp)
[14Apr2025 22:08:37.960] [Server thread/DEBUG] [org.valkyrienskies.core.networking.NetworkChannel/]: Server received packet of type: PacketType(channel=org.valkyrienskies.core.networking.NetworkChannel@601c27b3, id=1, name=SimplePacket - class org.valkyrienskies.core.networking.impl.PacketRequestUdp)
[14Apr2025 22:08:42.945] [Server thread/DEBUG] [org.valkyrienskies.core.networking.NetworkChannel/]: Server received packet of type: PacketType(channel=org.valkyrienskies.core.networking.NetworkChannel@601c27b3, id=1, name=SimplePacket - class org.valkyrienskies.core.networking.impl.PacketRequestUdp)
[14Apr2025 22:08:47.955] [Server thread/DEBUG] [org.valkyrienskies.core.networking.NetworkChannel/]: Server received packet of type: PacketType(channel=org.valkyrienskies.core.networking.NetworkChannel@601c27b3, id=1, name=SimplePacket - class org.valkyrienskies.core.networking.impl.PacketRequestUdp)
[14Apr2025 22:08:52.983] [Server thread/DEBUG] [org.valkyrienskies.core.networking.NetworkChannel/]: Server received packet of type: PacketType(channel=org.valkyrienskies.core.networking.NetworkChannel@601c27b3, id=1, name=SimplePacket - class org.valkyrienskies.core.networking.impl.PacketRequestUdp)
[14Apr2025 22:08:57.947] [Server thread/DEBUG] [org.valkyrienskies.core.networking.NetworkChannel/]: Server received packet of type: PacketType(channel=org.valkyrienskies.core.networking.NetworkChannel@601c27b3, id=1, name=SimplePacket - class org.valkyrienskies.core.networking.impl.PacketRequestUdp)
[14Apr2025 22:09:02.943] [Server thread/DEBUG] [org.valkyrienskies.core.networking.NetworkChannel/]: Server received packet of type: PacketType(channel=org.valkyrienskies.core.networking.NetworkChannel@601c27b3, id=1, name=SimplePacket - class org.valkyrienskies.core.networking.impl.PacketRequestUdp)
[14Apr2025 22:09:07.940] [Server thread/DEBUG] [org.valkyrienskies.core.networking.NetworkChannel/]: Server received packet of type: PacketType(channel=org.valkyrienskies.core.networking.NetworkChannel@601c27b3, id=1, name=SimplePacket - class org.valkyrienskies.core.networking.impl.PacketRequestUdp)
[14Apr2025 22:09:12.942] [Server thread/DEBUG] [org.valkyrienskies.core.networking.NetworkChannel/]: Server received packet of type: PacketType(channel=org.valkyrienskies.core.networking.NetworkChannel@601c27b3, id=1, name=SimplePacket - class org.valkyrienskies.core.networking.impl.PacketRequestUdp)
[14Apr2025 22:09:17.945] [Server thread/DEBUG] [org.valkyrienskies.core.networking.NetworkChannel/]: Server received packet of type: PacketType(channel=org.valkyrienskies.core.networking.NetworkChannel@601c27b3, id=1, name=SimplePacket - class org.valkyrienskies.core.networking.impl.PacketRequestUdp)
[14Apr2025 22:09:22.940] [Server thread/DEBUG] [org.valkyrienskies.core.networking.NetworkChannel/]: Server received packet of type: PacketType(channel=org.valkyrienskies.core.networking.NetworkChannel@601c27b3, id=1, name=SimplePacket - class org.valkyrienskies.core.networking.impl.PacketRequestUdp)
[14Apr2025 22:09:27.942] [Server thread/DEBUG] [org.valkyrienskies.core.networking.NetworkChannel/]: Server received packet of type: PacketType(channel=org.valkyrienskies.core.networking.NetworkChannel@601c27b3, id=1, name=SimplePacket - class org.valkyrienskies.core.networking.impl.PacketRequestUdp)
[14Apr2025 22:09:32.943] [Server thread/DEBUG] [org.valkyrienskies.core.networking.NetworkChannel/]: Server received packet of type: PacketType(channel=org.valkyrienskies.core.networking.NetworkChannel@601c27b3, id=1, name=SimplePacket - class org.valkyrienskies.core.networking.impl.PacketRequestUdp)
[14Apr2025 22:09:37.950] [Server thread/DEBUG] [org.valkyrienskies.core.networking.NetworkChannel/]: Server received packet of type: PacketType(channel=org.valkyrienskies.core.networking.NetworkChannel@601c27b3, id=1, name=SimplePacket - class org.valkyrienskies.core.networking.impl.PacketRequestUdp)
[14Apr2025 22:09:42.948] [Server thread/DEBUG] [org.valkyrienskies.core.networking.NetworkChannel/]: Server received packet of type: PacketType(channel=org.valkyrienskies.core.networking.NetworkChannel@601c27b3, id=1, name=SimplePacket - class org.valkyrienskies.core.networking.impl.PacketRequestUdp)
[14Apr2025 22:09:47.951] [Server thread/DEBUG] [org.valkyrienskies.core.networking.NetworkChannel/]: Server received packet of type: PacketType(channel=org.valkyrienskies.core.networking.NetworkChannel@601c27b3, id=1, name=SimplePacket - class org.valkyrienskies.core.networking.impl.PacketRequestUdp)
[14Apr2025 22:09:52.945] [Server thread/DEBUG] [org.valkyrienskies.core.networking.NetworkChannel/]: Server received packet of type: PacketType(channel=org.valkyrienskies.core.networking.NetworkChannel@601c27b3, id=1, name=SimplePacket - class org.valkyrienskies.core.networking.impl.PacketRequestUdp)
[14Apr2025 22:09:57.935] [Server thread/DEBUG] [org.valkyrienskies.core.networking.NetworkChannel/]: Server received packet of type: PacketType(channel=org.valkyrienskies.core.networking.NetworkChannel@601c27b3, id=1, name=SimplePacket - class org.valkyrienskies.core.networking.impl.PacketRequestUdp)
[14Apr2025 22:10:02.943] [Server thread/DEBUG] [org.valkyrienskies.core.networking.NetworkChannel/]: Server received packet of type: PacketType(channel=org.valkyrienskies.core.networking.NetworkChannel@601c27b3, id=1, name=SimplePacket - class org.valkyrienskies.core.networking.impl.PacketRequestUdp)
[14Apr2025 22:10:07.937] [Server thread/DEBUG] [org.valkyrienskies.core.networking.NetworkChannel/]: Server received packet of type: PacketType(channel=org.valkyrienskies.core.networking.NetworkChannel@601c27b3, id=1, name=SimplePacket - class org.valkyrienskies.core.networking.impl.PacketRequestUdp)
[14Apr2025 22:10:12.942] [Server thread/DEBUG] [org.valkyrienskies.core.networking.NetworkChannel/]: Server received packet of type: PacketType(channel=org.valkyrienskies.core.networking.NetworkChannel@601c27b3, id=1, name=SimplePacket - class org.valkyrienskies.core.networking.impl.PacketRequestUdp)
[14Apr2025 22:10:17.939] [Server thread/DEBUG] [org.valkyrienskies.core.networking.NetworkChannel/]: Server received packet of type: PacketType(channel=org.valkyrienskies.core.networking.NetworkChannel@601c27b3, id=1, name=SimplePacket - class org.valkyrienskies.core.networking.impl.PacketRequestUdp)
[14Apr2025 22:10:22.937] [Server thread/DEBUG] [org.valkyrienskies.core.networking.NetworkChannel/]: Server received packet of type: PacketType(channel=org.valkyrienskies.core.networking.NetworkChannel@601c27b3, id=1, name=SimplePacket - class org.valkyrienskies.core.networking.impl.PacketRequestUdp)
[14Apr2025 22:10:27.948] [Server thread/DEBUG] [org.valkyrienskies.core.networking.NetworkChannel/]: Server received packet of type: PacketType(channel=org.valkyrienskies.core.networking.NetworkChannel@601c27b3, id=1, name=SimplePacket - class org.valkyrienskies.core.networking.impl.PacketRequestUdp)
[14Apr2025 22:10:32.944] [Server thread/DEBUG] [org.valkyrienskies.core.networking.NetworkChannel/]: Server received packet of type: PacketType(channel=org.valkyrienskies.core.networking.NetworkChannel@601c27b3, id=1, name=SimplePacket - class org.valkyrienskies.core.networking.impl.PacketRequestUdp)
[14Apr2025 22:10:37.939] [Server thread/DEBUG] [org.valkyrienskies.core.networking.NetworkChannel/]: Server received packet of type: PacketType(channel=org.valkyrienskies.core.networking.NetworkChannel@601c27b3, id=1, name=SimplePacket - class org.valkyrienskies.core.networking.impl.PacketRequestUdp)
[14Apr2025 22:10:42.938] [Server thread/DEBUG] [org.valkyrienskies.core.networking.NetworkChannel/]: Server received packet of type: PacketType(channel=org.valkyrienskies.core.networking.NetworkChannel@601c27b3, id=1, name=SimplePacket - class org.valkyrienskies.core.networking.impl.PacketRequestUdp)
[14Apr2025 22:10:47.937] [Server thread/DEBUG] [org.valkyrienskies.core.networking.NetworkChannel/]: Server received packet of type: PacketType(channel=org.valkyrienskies.core.networking.NetworkChannel@601c27b3, id=1, name=SimplePacket - class org.valkyrienskies.core.networking.impl.PacketRequestUdp)
[14Apr2025 22:10:52.985] [Server thread/DEBUG] [org.valkyrienskies.core.networking.NetworkChannel/]: Server received packet of type: PacketType(channel=org.valkyrienskies.core.networking.NetworkChannel@601c27b3, id=1, name=SimplePacket - class org.valkyrienskies.core.networking.impl.PacketRequestUdp)
[14Apr2025 22:10:57.992] [Server thread/DEBUG] [org.valkyrienskies.core.networking.NetworkChannel/]: Server received packet of type: PacketType(channel=org.valkyrienskies.core.networking.NetworkChannel@601c27b3, id=1, name=SimplePacket - class org.valkyrienskies.core.networking.impl.PacketRequestUdp)
[14Apr2025 22:11:02.949] [Server thread/DEBUG] [org.valkyrienskies.core.networking.NetworkChannel/]: Server received packet of type: PacketType(channel=org.valkyrienskies.core.networking.NetworkChannel@601c27b3, id=1, name=SimplePacket - class org.valkyrienskies.core.networking.impl.PacketRequestUdp)
[14Apr2025 22:11:07.949] [Server thread/DEBUG] [org.valkyrienskies.core.networking.NetworkChannel/]: Server received packet of type: PacketType(channel=org.valkyrienskies.core.networking.NetworkChannel@601c27b3, id=1, name=SimplePacket - class org.valkyrienskies.core.networking.impl.PacketRequestUdp)
[14Apr2025 22:11:12.945] [Server thread/DEBUG] [org.valkyrienskies.core.networking.NetworkChannel/]: Server received packet of type: PacketType(channel=org.valkyrienskies.core.networking.NetworkChannel@601c27b3, id=1, name=SimplePacket - class org.valkyrienskies.core.networking.impl.PacketRequestUdp)
[14Apr2025 22:11:17.944] [Server thread/DEBUG] [org.valkyrienskies.core.networking.NetworkChannel/]: Server received packet of type: PacketType(channel=org.valkyrienskies.core.networking.NetworkChannel@601c27b3, id=1, name=SimplePacket - class org.valkyrienskies.core.networking.impl.PacketRequestUdp)
[14Apr2025 22:11:22.940] [Server thread/DEBUG] [org.valkyrienskies.core.networking.NetworkChannel/]: Server received packet of type: PacketType(channel=org.valkyrienskies.core.networking.NetworkChannel@601c27b3, id=1, name=SimplePacket - class org.valkyrienskies.core.networking.impl.PacketRequestUdp)
[14Apr2025 22:11:27.947] [Server thread/DEBUG] [org.valkyrienskies.core.networking.NetworkChannel/]: Server received packet of type: PacketType(channel=org.valkyrienskies.core.networking.NetworkChannel@601c27b3, id=1, name=SimplePacket - class org.valkyrienskies.core.networking.impl.PacketRequestUdp)
[14Apr2025 22:11:32.945] [Server thread/DEBUG] [org.valkyrienskies.core.networking.NetworkChannel/]: Server received packet of type: PacketType(channel=org.valkyrienskies.core.networking.NetworkChannel@601c27b3, id=1, name=SimplePacket - class org.valkyrienskies.core.networking.impl.PacketRequestUdp)
[14Apr2025 22:11:37.943] [Server thread/DEBUG] [org.valkyrienskies.core.networking.NetworkChannel/]: Server received packet of type: PacketType(channel=org.valkyrienskies.core.networking.NetworkChannel@601c27b3, id=1, name=SimplePacket - class org.valkyrienskies.core.networking.impl.PacketRequestUdp)
[14Apr2025 22:11:42.986] [Server thread/DEBUG] [org.valkyrienskies.core.networking.NetworkChannel/]: Server received packet of type: PacketType(channel=org.valkyrienskies.core.networking.NetworkChannel@601c27b3, id=1, name=SimplePacket - class org.valkyrienskies.core.networking.impl.PacketRequestUdp)
[14Apr2025 22:11:47.983] [Server thread/DEBUG] [org.valkyrienskies.core.networking.NetworkChannel/]: Server received packet of type: PacketType(channel=org.valkyrienskies.core.networking.NetworkChannel@601c27b3, id=1, name=SimplePacket - class org.valkyrienskies.core.networking.impl.PacketRequestUdp)
[14Apr2025 22:11:52.948] [Server thread/DEBUG] [org.valkyrienskies.core.networking.NetworkChannel/]: Server received packet of type: PacketType(channel=org.valkyrienskies.core.networking.NetworkChannel@601c27b3, id=1, name=SimplePacket - class org.valkyrienskies.core.networking.impl.PacketRequestUdp)
[14Apr2025 22:11:57.939] [Server thread/DEBUG] [org.valkyrienskies.core.networking.NetworkChannel/]: Server received packet of type: PacketType(channel=org.valkyrienskies.core.networking.NetworkChannel@601c27b3, id=1, name=SimplePacket - class org.valkyrienskies.core.networking.impl.PacketRequestUdp)
[14Apr2025 22:12:02.946] [Server thread/DEBUG] [org.valkyrienskies.core.networking.NetworkChannel/]: Server received packet of type: PacketType(channel=org.valkyrienskies.core.networking.NetworkChannel@601c27b3, id=1, name=SimplePacket - class org.valkyrienskies.core.networking.impl.PacketRequestUdp)
[14Apr2025 22:12:07.988] [Server thread/DEBUG] [org.valkyrienskies.core.networking.NetworkChannel/]: Server received packet of type: PacketType(channel=org.valkyrienskies.core.networking.NetworkChannel@601c27b3, id=1, name=SimplePacket - class org.valkyrienskies.core.networking.impl.PacketRequestUdp)
[14Apr2025 22:12:12.945] [Server thread/DEBUG] [org.valkyrienskies.core.networking.NetworkChannel/]: Server received packet of type: PacketType(channel=org.valkyrienskies.core.networking.NetworkChannel@601c27b3, id=1, name=SimplePacket - class org.valkyrienskies.core.networking.impl.PacketRequestUdp)
[14Apr2025 22:12:17.984] [Server thread/DEBUG] [org.valkyrienskies.core.networking.NetworkChannel/]: Server received packet of type: PacketType(channel=org.valkyrienskies.core.networking.NetworkChannel@601c27b3, id=1, name=SimplePacket - class org.valkyrienskies.core.networking.impl.PacketRequestUdp)
[14Apr2025 22:12:22.940] [Server thread/DEBUG] [org.valkyrienskies.core.networking.NetworkChannel/]: Server received packet of type: PacketType(channel=org.valkyrienskies.core.networking.NetworkChannel@601c27b3, id=1, name=SimplePacket - class org.valkyrienskies.core.networking.impl.PacketRequestUdp)
[14Apr2025 22:12:27.941] [Server thread/DEBUG] [org.valkyrienskies.core.networking.NetworkChannel/]: Server received packet of type: PacketType(channel=org.valkyrienskies.core.networking.NetworkChannel@601c27b3, id=1, name=SimplePacket - class org.valkyrienskies.core.networking.impl.PacketRequestUdp)
[14Apr2025 22:12:32.980] [Server thread/DEBUG] [org.valkyrienskies.core.networking.NetworkChannel/]: Server received packet of type: PacketType(channel=org.valkyrienskies.core.networking.NetworkChannel@601c27b3, id=1, name=SimplePacket - class org.valkyrienskies.core.networking.impl.PacketRequestUdp)
[14Apr2025 22:12:38.035] [Server thread/DEBUG] [org.valkyrienskies.core.networking.NetworkChannel/]: Server received packet of type: PacketType(channel=org.valkyrienskies.core.networking.NetworkChannel@601c27b3, id=1, name=SimplePacket - class org.valkyrienskies.core.networking.impl.PacketRequestUdp)
[14Apr2025 22:12:41.168] [Server thread/DEBUG] [net.minecraftforge.fml.FMLWorldPersistenceHook/WP]: Gathering id map for writing to world save world
[14Apr2025 22:12:41.174] [Server thread/DEBUG] [net.minecraftforge.fml.FMLWorldPersistenceHook/WP]: ID Map collection complete world
[14Apr2025 22:12:42.953] [Server thread/DEBUG] [org.valkyrienskies.core.networking.NetworkChannel/]: Server received packet of type: PacketType(channel=org.valkyrienskies.core.networking.NetworkChannel@601c27b3, id=1, name=SimplePacket - class org.valkyrienskies.core.networking.impl.PacketRequestUdp)
[14Apr2025 22:12:47.941] [Server thread/DEBUG] [org.valkyrienskies.core.networking.NetworkChannel/]: Server received packet of type: PacketType(channel=org.valkyrienskies.core.networking.NetworkChannel@601c27b3, id=1, name=SimplePacket - class org.valkyrienskies.core.networking.impl.PacketRequestUdp)
[14Apr2025 22:12:52.952] [Server thread/DEBUG] [org.valkyrienskies.core.networking.NetworkChannel/]: Server received packet of type: PacketType(channel=org.valkyrienskies.core.networking.NetworkChannel@601c27b3, id=1, name=SimplePacket - class org.valkyrienskies.core.networking.impl.PacketRequestUdp)
[14Apr2025 22:12:57.941] [Server thread/DEBUG] [org.valkyrienskies.core.networking.NetworkChannel/]: Server received packet of type: PacketType(channel=org.valkyrienskies.core.networking.NetworkChannel@601c27b3, id=1, name=SimplePacket - class org.valkyrienskies.core.networking.impl.PacketRequestUdp)
[14Apr2025 22:13:02.945] [Server thread/DEBUG] [org.valkyrienskies.core.networking.NetworkChannel/]: Server received packet of type: PacketType(channel=org.valkyrienskies.core.networking.NetworkChannel@601c27b3, id=1, name=SimplePacket - class org.valkyrienskies.core.networking.impl.PacketRequestUdp)
[14Apr2025 22:13:07.947] [Server thread/DEBUG] [org.valkyrienskies.core.networking.NetworkChannel/]: Server received packet of type: PacketType(channel=org.valkyrienskies.core.networking.NetworkChannel@601c27b3, id=1, name=SimplePacket - class org.valkyrienskies.core.networking.impl.PacketRequestUdp)
[14Apr2025 22:13:12.944] [Server thread/DEBUG] [org.valkyrienskies.core.networking.NetworkChannel/]: Server received packet of type: PacketType(channel=org.valkyrienskies.core.networking.NetworkChannel@601c27b3, id=1, name=SimplePacket - class org.valkyrienskies.core.networking.impl.PacketRequestUdp)
[14Apr2025 22:13:17.952] [Server thread/DEBUG] [org.valkyrienskies.core.networking.NetworkChannel/]: Server received packet of type: PacketType(channel=org.valkyrienskies.core.networking.NetworkChannel@601c27b3, id=1, name=SimplePacket - class org.valkyrienskies.core.networking.impl.PacketRequestUdp)
[14Apr2025 22:13:22.943] [Server thread/DEBUG] [org.valkyrienskies.core.networking.NetworkChannel/]: Server received packet of type: PacketType(channel=org.valkyrienskies.core.networking.NetworkChannel@601c27b3, id=1, name=SimplePacket - class org.valkyrienskies.core.networking.impl.PacketRequestUdp)
[14Apr2025 22:13:27.939] [Server thread/DEBUG] [org.valkyrienskies.core.networking.NetworkChannel/]: Server received packet of type: PacketType(channel=org.valkyrienskies.core.networking.NetworkChannel@601c27b3, id=1, name=SimplePacket - class org.valkyrienskies.core.networking.impl.PacketRequestUdp)
[14Apr2025 22:13:32.941] [Server thread/DEBUG] [org.valkyrienskies.core.networking.NetworkChannel/]: Server received packet of type: PacketType(channel=org.valkyrienskies.core.networking.NetworkChannel@601c27b3, id=1, name=SimplePacket - class org.valkyrienskies.core.networking.impl.PacketRequestUdp)
[14Apr2025 22:13:37.982] [Server thread/DEBUG] [org.valkyrienskies.core.networking.NetworkChannel/]: Server received packet of type: PacketType(channel=org.valkyrienskies.core.networking.NetworkChannel@601c27b3, id=1, name=SimplePacket - class org.valkyrienskies.core.networking.impl.PacketRequestUdp)
[14Apr2025 22:13:42.942] [Server thread/DEBUG] [org.valkyrienskies.core.networking.NetworkChannel/]: Server received packet of type: PacketType(channel=org.valkyrienskies.core.networking.NetworkChannel@601c27b3, id=1, name=SimplePacket - class org.valkyrienskies.core.networking.impl.PacketRequestUdp)
[14Apr2025 22:13:48.035] [Server thread/DEBUG] [org.valkyrienskies.core.networking.NetworkChannel/]: Server received packet of type: PacketType(channel=org.valkyrienskies.core.networking.NetworkChannel@601c27b3, id=1, name=SimplePacket - class org.valkyrienskies.core.networking.impl.PacketRequestUdp)
[14Apr2025 22:13:52.943] [Server thread/DEBUG] [org.valkyrienskies.core.networking.NetworkChannel/]: Server received packet of type: PacketType(channel=org.valkyrienskies.core.networking.NetworkChannel@601c27b3, id=1, name=SimplePacket - class org.valkyrienskies.core.networking.impl.PacketRequestUdp)
[14Apr2025 22:13:57.939] [Server thread/DEBUG] [org.valkyrienskies.core.networking.NetworkChannel/]: Server received packet of type: PacketType(channel=org.valkyrienskies.core.networking.NetworkChannel@601c27b3, id=1, name=SimplePacket - class org.valkyrienskies.core.networking.impl.PacketRequestUdp)
[14Apr2025 22:14:02.944] [Server thread/DEBUG] [org.valkyrienskies.core.networking.NetworkChannel/]: Server received packet of type: PacketType(channel=org.valkyrienskies.core.networking.NetworkChannel@601c27b3, id=1, name=SimplePacket - class org.valkyrienskies.core.networking.impl.PacketRequestUdp)
[14Apr2025 22:14:07.947] [Server thread/DEBUG] [org.valkyrienskies.core.networking.NetworkChannel/]: Server received packet of type: PacketType(channel=org.valkyrienskies.core.networking.NetworkChannel@601c27b3, id=1, name=SimplePacket - class org.valkyrienskies.core.networking.impl.PacketRequestUdp)
[14Apr2025 22:14:12.941] [Server thread/DEBUG] [org.valkyrienskies.core.networking.NetworkChannel/]: Server received packet of type: PacketType(channel=org.valkyrienskies.core.networking.NetworkChannel@601c27b3, id=1, name=SimplePacket - class org.valkyrienskies.core.networking.impl.PacketRequestUdp)
[14Apr2025 22:14:17.941] [Server thread/DEBUG] [org.valkyrienskies.core.networking.NetworkChannel/]: Server received packet of type: PacketType(channel=org.valkyrienskies.core.networking.NetworkChannel@601c27b3, id=1, name=SimplePacket - class org.valkyrienskies.core.networking.impl.PacketRequestUdp)
[14Apr2025 22:14:22.980] [Server thread/DEBUG] [org.valkyrienskies.core.networking.NetworkChannel/]: Server received packet of type: PacketType(channel=org.valkyrienskies.core.networking.NetworkChannel@601c27b3, id=1, name=SimplePacket - class org.valkyrienskies.core.networking.impl.PacketRequestUdp)
[14Apr2025 22:14:27.932] [Server thread/DEBUG] [org.valkyrienskies.core.networking.NetworkChannel/]: Server received packet of type: PacketType(channel=org.valkyrienskies.core.networking.NetworkChannel@601c27b3, id=1, name=SimplePacket - class org.valkyrienskies.core.networking.impl.PacketRequestUdp)
[14Apr2025 22:14:32.938] [Server thread/DEBUG] [org.valkyrienskies.core.networking.NetworkChannel/]: Server received packet of type: PacketType(channel=org.valkyrienskies.core.networking.NetworkChannel@601c27b3, id=1, name=SimplePacket - class org.valkyrienskies.core.networking.impl.PacketRequestUdp)
[14Apr2025 22:14:37.937] [Server thread/DEBUG] [org.valkyrienskies.core.networking.NetworkChannel/]: Server received packet of type: PacketType(channel=org.valkyrienskies.core.networking.NetworkChannel@601c27b3, id=1, name=SimplePacket - class org.valkyrienskies.core.networking.impl.PacketRequestUdp)
[14Apr2025 22:14:42.938] [Server thread/DEBUG] [org.valkyrienskies.core.networking.NetworkChannel/]: Server received packet of type: PacketType(channel=org.valkyrienskies.core.networking.NetworkChannel@601c27b3, id=1, name=SimplePacket - class org.valkyrienskies.core.networking.impl.PacketRequestUdp)
[14Apr2025 22:14:47.943] [Server thread/DEBUG] [org.valkyrienskies.core.networking.NetworkChannel/]: Server received packet of type: PacketType(channel=org.valkyrienskies.core.networking.NetworkChannel@601c27b3, id=1, name=SimplePacket - class org.valkyrienskies.core.networking.impl.PacketRequestUdp)
[14Apr2025 22:14:52.938] [Server thread/DEBUG] [org.valkyrienskies.core.networking.NetworkChannel/]: Server received packet of type: PacketType(channel=org.valkyrienskies.core.networking.NetworkChannel@601c27b3, id=1, name=SimplePacket - class org.valkyrienskies.core.networking.impl.PacketRequestUdp)
[14Apr2025 22:14:57.982] [Server thread/DEBUG] [org.valkyrienskies.core.networking.NetworkChannel/]: Server received packet of type: PacketType(channel=org.valkyrienskies.core.networking.NetworkChannel@601c27b3, id=1, name=SimplePacket - class org.valkyrienskies.core.networking.impl.PacketRequestUdp)
[14Apr2025 22:15:02.983] [Server thread/DEBUG] [org.valkyrienskies.core.networking.NetworkChannel/]: Server received packet of type: PacketType(channel=org.valkyrienskies.core.networking.NetworkChannel@601c27b3, id=1, name=SimplePacket - class org.valkyrienskies.core.networking.impl.PacketRequestUdp)
[14Apr2025 22:15:07.982] [Server thread/DEBUG] [org.valkyrienskies.core.networking.NetworkChannel/]: Server received packet of type: PacketType(channel=org.valkyrienskies.core.networking.NetworkChannel@601c27b3, id=1, name=SimplePacket - class org.valkyrienskies.core.networking.impl.PacketRequestUdp)
[14Apr2025 22:15:12.942] [Server thread/DEBUG] [org.valkyrienskies.core.networking.NetworkChannel/]: Server received packet of type: PacketType(channel=org.valkyrienskies.core.networking.NetworkChannel@601c27b3, id=1, name=SimplePacket - class org.valkyrienskies.core.networking.impl.PacketRequestUdp)
[14Apr2025 22:15:17.940] [Server thread/DEBUG] [org.valkyrienskies.core.networking.NetworkChannel/]: Server received packet of type: PacketType(channel=org.valkyrienskies.core.networking.NetworkChannel@601c27b3, id=1, name=SimplePacket - class org.valkyrienskies.core.networking.impl.PacketRequestUdp)
[14Apr2025 22:15:22.934] [Server thread/DEBUG] [org.valkyrienskies.core.networking.NetworkChannel/]: Server received packet of type: PacketType(channel=org.valkyrienskies.core.networking.NetworkChannel@601c27b3, id=1, name=SimplePacket - class org.valkyrienskies.core.networking.impl.PacketRequestUdp)
[14Apr2025 22:15:27.984] [Server thread/DEBUG] [org.valkyrienskies.core.networking.NetworkChannel/]: Server received packet of type: PacketType(channel=org.valkyrienskies.core.networking.NetworkChannel@601c27b3, id=1, name=SimplePacket - class org.valkyrienskies.core.networking.impl.PacketRequestUdp)
[14Apr2025 22:15:32.936] [Server thread/DEBUG] [org.valkyrienskies.core.networking.NetworkChannel/]: Server received packet of type: PacketType(channel=org.valkyrienskies.core.networking.NetworkChannel@601c27b3, id=1, name=SimplePacket - class org.valkyrienskies.core.networking.impl.PacketRequestUdp)
[14Apr2025 22:15:37.334] [Server thread/WARN] [net.minecraft.network.play.ServerPlayNetHandler/]: Superag_Games was kicked for floating too long!
[14Apr2025 22:15:37.337] [Server thread/INFO] [net.minecraft.network.play.ServerPlayNetHandler/]: Superag_Games lost connection: Disconnected
[14Apr2025 22:15:37.337] [Server thread/INFO] [net.minecraft.server.dedicated.DedicatedServer/]: Superag_Games left the game
[14Apr2025 22:15:37.402] [Server thread/WARN] [net.minecraft.network.NetworkManager/]: handleDisconnection() called twice
[14Apr2025 22:15:46.623] [Server thread/INFO] [net.minecraft.server.MinecraftServer/]: Stopping server
[14Apr2025 22:15:46.624] [Server thread/INFO] [net.minecraft.server.MinecraftServer/]: Saving players
[14Apr2025 22:15:46.624] [Server thread/INFO] [net.minecraft.server.MinecraftServer/]: Saving worlds
[14Apr2025 22:15:46.624] [Server thread/INFO] [net.minecraft.server.MinecraftServer/]: Saving chunks for level 'ServerLevel[world]'/minecraft:overworld
[14Apr2025 22:15:46.651] [Physics thread/WARN] [org.valkyrienskies.core.pipelines.VSPhysicsPipelineBackgroundTask/]: Physics pipeline ending
[14Apr2025 22:15:46.692] [Server thread/INFO] [net.minecraft.world.server.ChunkManager/]: ThreadedAnvilChunkStorage (world): All chunks are saved
[14Apr2025 22:15:46.692] [Server thread/INFO] [net.minecraft.server.MinecraftServer/]: Saving chunks for level 'ServerLevel[world]'/minecraft:the_nether
[14Apr2025 22:15:46.693] [Server thread/INFO] [net.minecraft.world.server.ChunkManager/]: ThreadedAnvilChunkStorage (DIM-1): All chunks are saved
[14Apr2025 22:15:46.693] [Server thread/INFO] [net.minecraft.server.MinecraftServer/]: Saving chunks for level 'ServerLevel[world]'/minecraft:the_end
[14Apr2025 22:15:46.694] [Server thread/INFO] [net.minecraft.world.server.ChunkManager/]: ThreadedAnvilChunkStorage (DIM1): All chunks are saved
[14Apr2025 22:15:46.694] [Server thread/INFO] [net.minecraft.server.MinecraftServer/]: Saving chunks for level 'ServerLevel[world]'/ancientjapan:jigoku
[14Apr2025 22:15:46.695] [Server thread/INFO] [net.minecraft.world.server.ChunkManager/]: ThreadedAnvilChunkStorage (jigoku): All chunks are saved
[14Apr2025 22:15:46.696] [Server thread/DEBUG] [net.minecraftforge.fml.FMLWorldPersistenceHook/WP]: Gathering id map for writing to world save world
[14Apr2025 22:15:46.703] [Server thread/DEBUG] [net.minecraftforge.fml.FMLWorldPersistenceHook/WP]: ID Map collection complete world
[14Apr2025 22:15:46.721] [Server thread/INFO] [net.minecraft.world.server.ChunkManager/]: ThreadedAnvilChunkStorage (world): All chunks are saved
[14Apr2025 22:15:46.735] [Server thread/INFO] [net.minecraft.world.server.ChunkManager/]: ThreadedAnvilChunkStorage (DIM-1): All chunks are saved
[14Apr2025 22:15:46.735] [Server thread/INFO] [net.minecraft.world.server.ChunkManager/]: ThreadedAnvilChunkStorage (DIM1): All chunks are saved
[14Apr2025 22:15:46.736] [Server thread/INFO] [net.minecraft.world.server.ChunkManager/]: ThreadedAnvilChunkStorage (jigoku): All chunks are saved
[14Apr2025 22:15:46.741] [Server thread/DEBUG] [net.minecraftforge.fml.loading.FileUtils/CORE]: Found existing serverconfig directory : ./world/serverconfig
[14Apr2025 22:15:46.741] [Server thread/DEBUG] [net.minecraftforge.fml.config.ConfigTracker/CONFIG]: Unloading configs type SERVER
[14Apr2025 22:15:46.742] [Thread-0/DEBUG] [net.minecraftforge.fml.config.ConfigFileTypeHandler/CONFIG]: Config file gravestone-server.toml changed, sending notifies
[14Apr2025 22:15:46.743] [Thread-0/DEBUG] [net.minecraftforge.fml.config.ConfigFileTypeHandler/CONFIG]: Config file gravestone-server.toml changed, sending notifies
